Data e Hora;Nome do Usuário;Nível;idOperação;Descrição do Log;idUsuario;idLog
26/05/2026 07:47;LSILVA;4 - SUPERVISOR;166703;NOTA FISCAL ID: 9928647 VINCULADA A CARGA ID: 166703;460;119980768
26/05/2026 07:50;LSILVA;4 - SUPERVISOR;166704;NOTA FISCAL ID: 9928630 VINCULADA A CARGA ID: 166704;460;119980927
26/05/2026 07:52;LSILVA;4 - SUPERVISOR;166705;NOTA FISCAL ID: 9928571 VINCULADA A CARGA ID: 166705;460;119981042
26/05/2026 07:57;LSILVA;4 - SUPERVISOR;166706;NOTA FISCAL ID: 9928514 VINCULADA A CARGA ID: 166706;460;119981257
26/05/2026 08:06;LSILVA;4 - SUPERVISOR;166707;NOTA FISCAL ID: 9928473 VINCULADA A CARGA ID: 166707;460;119981759
26/05/2026 08:43;LUCAS.RAMOS;4 - SUPERVISOR;166708;NOTA FISCAL ID: 9928669 VINCULADA A CARGA ID: 166708;728;119985569
26/05/2026 08:43;LUCAS.RAMOS;4 - SUPERVISOR;166708;NOTA FISCAL ID: 9928713 VINCULADA A CARGA ID: 166708;728;119985590
26/05/2026 08:43;LUCAS.RAMOS;4 - SUPERVISOR;166708;NOTA FISCAL ID: 9930102 VINCULADA A CARGA ID: 166708;728;119985601
26/05/2026 08:43;LUCAS.RAMOS;4 - SUPERVISOR;166708;NOTA FISCAL ID: 9930221 VINCULADA A CARGA ID: 166708;728;119985606
26/05/2026 08:43;LUCAS.RAMOS;4 - SUPERVISOR;166708;NOTA FISCAL ID: 9929295 VINCULADA A CARGA ID: 166708;728;119985624
26/05/2026 08:43;LUCAS.RAMOS;4 - SUPERVISOR;166708;NOTA FISCAL ID: 9928899 VINCULADA A CARGA ID: 166708;728;119985635
26/05/2026 08:43;LUCAS.RAMOS;4 - SUPERVISOR;166708;NOTA FISCAL ID: 9928990 VINCULADA A CARGA ID: 166708;728;119985641
26/05/2026 08:43;LUCAS.RAMOS;4 - SUPERVISOR;166708;NOTA FISCAL ID: 9929002 VINCULADA A CARGA ID: 166708;728;119985647
26/05/2026 08:43;LUCAS.RAMOS;4 - SUPERVISOR;166708;NOTA FISCAL ID: 9928864 VINCULADA A CARGA ID: 166708;728;119985658
26/05/2026 08:44;LUCAS.RAMOS;4 - SUPERVISOR;166708;NOTA FISCAL ID: 9928837 VINCULADA A CARGA ID: 166708;728;119985665
26/05/2026 08:44;LUCAS.RAMOS;4 - SUPERVISOR;166708;NOTA FISCAL ID: 9930264 VINCULADA A CARGA ID: 166708;728;119985686
26/05/2026 08:44;LUCAS.RAMOS;4 - SUPERVISOR;166708;NOTA FISCAL ID: 9929848 VINCULADA A CARGA ID: 166708;728;119985706
26/05/2026 08:44;LUCAS.RAMOS;4 - SUPERVISOR;166708;NOTA FISCAL ID: 9929730 VINCULADA A CARGA ID: 166708;728;119985714
26/05/2026 08:44;LUCAS.RAMOS;4 - SUPERVISOR;166708;NOTA FISCAL ID: 9929673 VINCULADA A CARGA ID: 166708;728;119985721
26/05/2026 08:44;LUCAS.RAMOS;4 - SUPERVISOR;166708;NOTA FISCAL ID: 9930464 VINCULADA A CARGA ID: 166708;728;119985729
26/05/2026 08:44;LUCAS.RAMOS;4 - SUPERVISOR;166708;NOTA FISCAL ID: 9930281 VINCULADA A CARGA ID: 166708;728;119985735
26/05/2026 08:44;LUCAS.RAMOS;4 - SUPERVISOR;166708;NOTA FISCAL ID: 9928654 VINCULADA A CARGA ID: 166708;728;119985741
26/05/2026 08:44;LUCAS.RAMOS;4 - SUPERVISOR;166708;NOTA FISCAL ID: 9929814 VINCULADA A CARGA ID: 166708;728;119985752
26/05/2026 08:44;LUCAS.RAMOS;4 - SUPERVISOR;166708;NOTA FISCAL ID: 9928475 VINCULADA A CARGA ID: 166708;728;119985759
26/05/2026 08:44;LUCAS.RAMOS;4 - SUPERVISOR;166708;NOTA FISCAL ID: 9929411 VINCULADA A CARGA ID: 166708;728;119985761
26/05/2026 08:49;LUCAS.RAMOS;4 - SUPERVISOR;166708;NOTA FISCAL ID: 9928736 VINCULADA A CARGA ID: 166708;728;119986995
26/05/2026 08:49;LUCAS.RAMOS;4 - SUPERVISOR;166708;NOTA FISCAL ID: 9930777 VINCULADA A CARGA ID: 166708;728;119987035
26/05/2026 08:49;LUCAS.RAMOS;4 - SUPERVISOR;166708;NOTA FISCAL ID: 9929683 VINCULADA A CARGA ID: 166708;728;119987063
26/05/2026 08:50;LUCAS.RAMOS;4 - SUPERVISOR;166708;NOTA FISCAL ID: 9930832 VINCULADA A CARGA ID: 166708;728;119987313
26/05/2026 08:50;LUCAS.RAMOS;4 - SUPERVISOR;166708;NOTA FISCAL ID: 9930632 VINCULADA A CARGA ID: 166708;728;119987315
26/05/2026 08:50;LUCAS.RAMOS;4 - SUPERVISOR;166708;NOTA FISCAL ID: 9930396 VINCULADA A CARGA ID: 166708;728;119987317
26/05/2026 08:50;LUCAS.RAMOS;4 - SUPERVISOR;166708;NOTA FISCAL ID: 9929418 VINCULADA A CARGA ID: 166708;728;119987425
26/05/2026 08:59;LUCAS.RAMOS;4 - SUPERVISOR;166709;NOTA FISCAL ID: 9928833 VINCULADA A CARGA ID: 166709;728;119988424
26/05/2026 08:59;LUCAS.RAMOS;4 - SUPERVISOR;166709;NOTA FISCAL ID: 9928369 VINCULADA A CARGA ID: 166709;728;119988442
26/05/2026 08:59;LUCAS.RAMOS;4 - SUPERVISOR;166709;NOTA FISCAL ID: 9929629 VINCULADA A CARGA ID: 166709;728;119988444
26/05/2026 08:59;LUCAS.RAMOS;4 - SUPERVISOR;166709;NOTA FISCAL ID: 9929974 VINCULADA A CARGA ID: 166709;728;119988448
26/05/2026 08:59;LUCAS.RAMOS;4 - SUPERVISOR;166709;NOTA FISCAL ID: 9928949 VINCULADA A CARGA ID: 166709;728;119988453
26/05/2026 08:59;LUCAS.RAMOS;4 - SUPERVISOR;166709;NOTA FISCAL ID: 9913542 VINCULADA A CARGA ID: 166709;728;119988460
26/05/2026 08:59;LUCAS.RAMOS;4 - SUPERVISOR;166709;NOTA FISCAL ID: 9885858 VINCULADA A CARGA ID: 166709;728;119988475
26/05/2026 08:59;LUCAS.RAMOS;4 - SUPERVISOR;166709;NOTA FISCAL ID: 9930369 VINCULADA A CARGA ID: 166709;728;119988483
26/05/2026 08:59;LUCAS.RAMOS;4 - SUPERVISOR;166709;NOTA FISCAL ID: 9930692 VINCULADA A CARGA ID: 166709;728;119988487
26/05/2026 08:59;LUCAS.RAMOS;4 - SUPERVISOR;166709;NOTA FISCAL ID: 9927699 VINCULADA A CARGA ID: 166709;728;119988489
26/05/2026 09:00;LUCAS.RAMOS;4 - SUPERVISOR;166709;NOTA FISCAL ID: 9891678 VINCULADA A CARGA ID: 166709;728;119988494
26/05/2026 09:00;LUCAS.RAMOS;4 - SUPERVISOR;166709;NOTA FISCAL ID: 9929556 VINCULADA A CARGA ID: 166709;728;119988503
26/05/2026 09:00;LUCAS.RAMOS;4 - SUPERVISOR;166709;NOTA FISCAL ID: 9929097 VINCULADA A CARGA ID: 166709;728;119988512
26/05/2026 09:00;LUCAS.RAMOS;4 - SUPERVISOR;166709;NOTA FISCAL ID: 9929333 VINCULADA A CARGA ID: 166709;728;119988516
26/05/2026 09:00;LUCAS.RAMOS;4 - SUPERVISOR;166709;NOTA FISCAL ID: 9927619 VINCULADA A CARGA ID: 166709;728;119988519
26/05/2026 09:00;LUCAS.RAMOS;4 - SUPERVISOR;166709;NOTA FISCAL ID: 9929644 VINCULADA A CARGA ID: 166709;728;119988543
26/05/2026 09:00;LUCAS.RAMOS;4 - SUPERVISOR;166709;NOTA FISCAL ID: 9929899 VINCULADA A CARGA ID: 166709;728;119988552
26/05/2026 09:00;LUCAS.RAMOS;4 - SUPERVISOR;166709;NOTA FISCAL ID: 9910213 VINCULADA A CARGA ID: 166709;728;119988566
26/05/2026 09:00;LUCAS.RAMOS;4 - SUPERVISOR;166709;NOTA FISCAL ID: 9928462 VINCULADA A CARGA ID: 166709;728;119988568
26/05/2026 09:00;LUCAS.RAMOS;4 - SUPERVISOR;166709;NOTA FISCAL ID: 9929845 VINCULADA A CARGA ID: 166709;728;119988570
26/05/2026 09:01;KAIK.DIAS;5 - OPERADOR;166693;NOTA FISCAL ID: 9930265 VINCULADA A CARGA ID: 166693;884;119988829
26/05/2026 09:01;KAIK.DIAS;5 - OPERADOR;166693;NOTA FISCAL ID: 9930363 VINCULADA A CARGA ID: 166693;884;119988839
26/05/2026 09:01;KAIK.DIAS;5 - OPERADOR;166693;NOTA FISCAL ID: 9930078 VINCULADA A CARGA ID: 166693;884;119988841
26/05/2026 09:01;KAIK.DIAS;5 - OPERADOR;166693;NOTA FISCAL ID: 9930633 VINCULADA A CARGA ID: 166693;884;119988856
26/05/2026 09:01;KAIK.DIAS;5 - OPERADOR;166693;NOTA FISCAL ID: 9927666 VINCULADA A CARGA ID: 166693;884;119988865
26/05/2026 09:01;KAIK.DIAS;5 - OPERADOR;166693;NOTA FISCAL ID: 9928477 VINCULADA A CARGA ID: 166693;884;119988882
26/05/2026 09:01;KAIK.DIAS;5 - OPERADOR;166693;NOTA FISCAL ID: 9929538 VINCULADA A CARGA ID: 166693;884;119988890
26/05/2026 09:01;KAIK.DIAS;5 - OPERADOR;166693;NOTA FISCAL ID: 9910335 VINCULADA A CARGA ID: 166693;884;119988892
26/05/2026 09:01;KAIK.DIAS;5 - OPERADOR;166693;NOTA FISCAL ID: 9927253 VINCULADA A CARGA ID: 166693;884;119988896
26/05/2026 09:01;KAIK.DIAS;5 - OPERADOR;166693;NOTA FISCAL ID: 9930525 VINCULADA A CARGA ID: 166693;884;119988898
26/05/2026 09:02;FJSANTOS;3 - SUPERVISOR GERAL;166710;NOTA FISCAL ID: 9890727 VINCULADA A CARGA ID: 166710;374;119988988
26/05/2026 09:03;KAIK.DIAS;5 - OPERADOR;166693;NOTA FISCAL ID: 9930328 VINCULADA A CARGA ID: 166693;884;119989114
26/05/2026 09:03;KAIK.DIAS;5 - OPERADOR;166693;NOTA FISCAL ID: 9927787 VINCULADA A CARGA ID: 166693;884;119989127
26/05/2026 09:03;KAIK.DIAS;5 - OPERADOR;166693;NOTA FISCAL ID: 9927340 VINCULADA A CARGA ID: 166693;884;119989149
26/05/2026 09:03;KAIK.DIAS;5 - OPERADOR;166693;NOTA FISCAL ID: 9928486 VINCULADA A CARGA ID: 166693;884;119989160
26/05/2026 09:03;KAIK.DIAS;5 - OPERADOR;166693;NOTA FISCAL ID: 9910395 VINCULADA A CARGA ID: 166693;884;119989176
26/05/2026 09:03;KAIK.DIAS;5 - OPERADOR;166693;NOTA FISCAL ID: 9929189 VINCULADA A CARGA ID: 166693;884;119989181
26/05/2026 09:03;KAIK.DIAS;5 - OPERADOR;166693;NOTA FISCAL ID: 9929328 VINCULADA A CARGA ID: 166693;884;119989186
26/05/2026 09:03;KAIK.DIAS;5 - OPERADOR;166693;NOTA FISCAL ID: 9927653 VINCULADA A CARGA ID: 166693;884;119989204
26/05/2026 09:03;KAIK.DIAS;5 - OPERADOR;166693;NOTA FISCAL ID: 9930525 VINCULADA A CARGA ID: 166693;884;119989212
26/05/2026 09:03;KAIK.DIAS;5 - OPERADOR;166693;NOTA FISCAL ID: 9930547 VINCULADA A CARGA ID: 166693;884;119989214
26/05/2026 09:03;KAIK.DIAS;5 - OPERADOR;166693;NOTA FISCAL ID: 9928583 VINCULADA A CARGA ID: 166693;884;119989217
26/05/2026 09:03;KAIK.DIAS;5 - OPERADOR;166693;NOTA FISCAL ID: 9929346 VINCULADA A CARGA ID: 166693;884;119989226
26/05/2026 09:03;KAIK.DIAS;5 - OPERADOR;166693;NOTA FISCAL ID: 9927663 VINCULADA A CARGA ID: 166693;884;119989230
26/05/2026 09:03;KAIK.DIAS;5 - OPERADOR;166693;NOTA FISCAL ID: 9920771 VINCULADA A CARGA ID: 166693;884;119989244
26/05/2026 09:03;KAIK.DIAS;5 - OPERADOR;166693;NOTA FISCAL ID: 9929170 VINCULADA A CARGA ID: 166693;884;119989247
26/05/2026 09:03;LUCAS.RAMOS;4 - SUPERVISOR;166709;NOTA FISCAL ID: 9928180 VINCULADA A CARGA ID: 166709;728;119989256
26/05/2026 09:03;LUCAS.RAMOS;4 - SUPERVISOR;166709;NOTA FISCAL ID: 9877453 VINCULADA A CARGA ID: 166709;728;119989262
26/05/2026 09:03;KAIK.DIAS;5 - OPERADOR;166693;NOTA FISCAL ID: 9930609 VINCULADA A CARGA ID: 166693;884;119989264
26/05/2026 09:03;LUCAS.RAMOS;4 - SUPERVISOR;166709;NOTA FISCAL ID: 9927690 VINCULADA A CARGA ID: 166709;728;119989266
26/05/2026 09:04;LUCAS.RAMOS;4 - SUPERVISOR;166709;NOTA FISCAL ID: 9927486 VINCULADA A CARGA ID: 166709;728;119989268
26/05/2026 09:04;KAIK.DIAS;5 - OPERADOR;166693;NOTA FISCAL ID: 9929849 VINCULADA A CARGA ID: 166693;884;119989275
26/05/2026 09:04;LUCAS.RAMOS;4 - SUPERVISOR;166709;NOTA FISCAL ID: 9930191 VINCULADA A CARGA ID: 166709;728;119989278
26/05/2026 09:04;LUCAS.RAMOS;4 - SUPERVISOR;166709;NOTA FISCAL ID: 9929705 VINCULADA A CARGA ID: 166709;728;119989285
26/05/2026 09:04;KAIK.DIAS;5 - OPERADOR;166693;NOTA FISCAL ID: 9908280 VINCULADA A CARGA ID: 166693;884;119989292
26/05/2026 09:04;LUCAS.RAMOS;4 - SUPERVISOR;166709;NOTA FISCAL ID: 9929436 VINCULADA A CARGA ID: 166709;728;119989298
26/05/2026 09:04;KAIK.DIAS;5 - OPERADOR;166693;NOTA FISCAL ID: 9929830 VINCULADA A CARGA ID: 166693;884;119989307
26/05/2026 09:04;LUCAS.RAMOS;4 - SUPERVISOR;166709;NOTA FISCAL ID: 9928039 VINCULADA A CARGA ID: 166709;728;119989309
26/05/2026 09:04;LUCAS.RAMOS;4 - SUPERVISOR;166709;NOTA FISCAL ID: 9930076 VINCULADA A CARGA ID: 166709;728;119989314
26/05/2026 09:04;KAIK.DIAS;5 - OPERADOR;166693;NOTA FISCAL ID: 9930639 VINCULADA A CARGA ID: 166693;884;119989316
26/05/2026 09:04;LUCAS.RAMOS;4 - SUPERVISOR;166709;NOTA FISCAL ID: 9929416 VINCULADA A CARGA ID: 166709;728;119989331
26/05/2026 09:04;LUCAS.RAMOS;4 - SUPERVISOR;166709;NOTA FISCAL ID: 9928655 VINCULADA A CARGA ID: 166709;728;119989351
26/05/2026 09:04;LUCAS.RAMOS;4 - SUPERVISOR;166709;NOTA FISCAL ID: 9930305 VINCULADA A CARGA ID: 166709;728;119989375
26/05/2026 09:04;LUCAS.RAMOS;4 - SUPERVISOR;166709;NOTA FISCAL ID: 9930388 VINCULADA A CARGA ID: 166709;728;119989382
26/05/2026 09:04;LUCAS.RAMOS;4 - SUPERVISOR;166709;NOTA FISCAL ID: 9929799 VINCULADA A CARGA ID: 166709;728;119989389
26/05/2026 09:04;LUCAS.RAMOS;4 - SUPERVISOR;166709;NOTA FISCAL ID: 9929463 VINCULADA A CARGA ID: 166709;728;119989401
26/05/2026 09:04;LUCAS.RAMOS;4 - SUPERVISOR;166709;NOTA FISCAL ID: 9928754 VINCULADA A CARGA ID: 166709;728;119989411
26/05/2026 09:04;LUCAS.RAMOS;4 - SUPERVISOR;166709;NOTA FISCAL ID: 9927650 VINCULADA A CARGA ID: 166709;728;119989413
26/05/2026 09:04;LUCAS.RAMOS;4 - SUPERVISOR;166709;NOTA FISCAL ID: 9928359 VINCULADA A CARGA ID: 166709;728;119989417
26/05/2026 09:04;LUCAS.RAMOS;4 - SUPERVISOR;166709;NOTA FISCAL ID: 9930352 VINCULADA A CARGA ID: 166709;728;119989419
26/05/2026 09:04;LUCAS.RAMOS;4 - SUPERVISOR;166709;NOTA FISCAL ID: 9927413 VINCULADA A CARGA ID: 166709;728;119989431
26/05/2026 09:04;KAIK.DIAS;5 - OPERADOR;166693;NOTA FISCAL ID: 9929335 VINCULADA A CARGA ID: 166693;884;119989458
26/05/2026 09:04;KAIK.DIAS;5 - OPERADOR;166693;NOTA FISCAL ID: 9929587 VINCULADA A CARGA ID: 166693;884;119989465
26/05/2026 09:04;KAIK.DIAS;5 - OPERADOR;166693;NOTA FISCAL ID: 9929469 VINCULADA A CARGA ID: 166693;884;119989467
26/05/2026 09:05;KAIK.DIAS;5 - OPERADOR;166693;NOTA FISCAL ID: 9930022 VINCULADA A CARGA ID: 166693;884;119989481
26/05/2026 09:05;KAIK.DIAS;5 - OPERADOR;166693;NOTA FISCAL ID: 9930027 VINCULADA A CARGA ID: 166693;884;119989484
26/05/2026 09:05;KAIK.DIAS;5 - OPERADOR;166693;NOTA FISCAL ID: 9927582 VINCULADA A CARGA ID: 166693;884;119989501
26/05/2026 09:05;KAIK.DIAS;5 - OPERADOR;166693;NOTA FISCAL ID: 9930336 VINCULADA A CARGA ID: 166693;884;119989503
26/05/2026 09:05;KAIK.DIAS;5 - OPERADOR;166693;NOTA FISCAL ID: 9928448 VINCULADA A CARGA ID: 166693;884;119989505
26/05/2026 09:05;KAIK.DIAS;5 - OPERADOR;166693;NOTA FISCAL ID: 9929034 VINCULADA A CARGA ID: 166693;884;119989516
26/05/2026 09:05;KAIK.DIAS;5 - OPERADOR;166693;NOTA FISCAL ID: 9911997 VINCULADA A CARGA ID: 166693;884;119989518
26/05/2026 09:07;KAIK.DIAS;5 - OPERADOR;166693;NOTA FISCAL ID: 9928752 VINCULADA A CARGA ID: 166693;884;119989804
26/05/2026 09:07;KAIK.DIAS;5 - OPERADOR;166693;NOTA FISCAL ID: 9929233 VINCULADA A CARGA ID: 166693;884;119989818
26/05/2026 09:07;KAIK.DIAS;5 - OPERADOR;166693;NOTA FISCAL ID: 9929165 VINCULADA A CARGA ID: 166693;884;119989840
26/05/2026 09:07;KAIK.DIAS;5 - OPERADOR;166693;NOTA FISCAL ID: 9930851 VINCULADA A CARGA ID: 166693;884;119989866
26/05/2026 09:07;KAIK.DIAS;5 - OPERADOR;166693;NOTA FISCAL ID: 9928692 VINCULADA A CARGA ID: 166693;884;119989882
26/05/2026 09:07;KAIK.DIAS;5 - OPERADOR;166693;NOTA FISCAL ID: 9930648 VINCULADA A CARGA ID: 166693;884;119989897
26/05/2026 09:07;KAIK.DIAS;5 - OPERADOR;166693;NOTA FISCAL ID: 9928968 VINCULADA A CARGA ID: 166693;884;119989899
26/05/2026 09:07;KAIK.DIAS;5 - OPERADOR;166693;NOTA FISCAL ID: 9927738 VINCULADA A CARGA ID: 166693;884;119989908
26/05/2026 09:08;KAIK.DIAS;5 - OPERADOR;166693;NOTA FISCAL ID: 9928125 VINCULADA A CARGA ID: 166693;884;119989921
26/05/2026 09:08;KAIK.DIAS;5 - OPERADOR;166693;NOTA FISCAL ID: 9930493 VINCULADA A CARGA ID: 166693;884;119989934
26/05/2026 09:08;KAIK.DIAS;5 - OPERADOR;166693;NOTA FISCAL ID: 9928426 VINCULADA A CARGA ID: 166693;884;119989961
26/05/2026 09:08;KAIK.DIAS;5 - OPERADOR;166693;NOTA FISCAL ID: 9930673 VINCULADA A CARGA ID: 166693;884;119989964
26/05/2026 09:08;KAIK.DIAS;5 - OPERADOR;166693;NOTA FISCAL ID: 9929314 VINCULADA A CARGA ID: 166693;884;119989985
26/05/2026 09:08;KAIK.DIAS;5 - OPERADOR;166693;NOTA FISCAL ID: 9928520 VINCULADA A CARGA ID: 166693;884;119989988
26/05/2026 09:08;KAIK.DIAS;5 - OPERADOR;166693;NOTA FISCAL ID: 9930510 VINCULADA A CARGA ID: 166693;884;119990006
26/05/2026 09:08;LUCAS.RAMOS;4 - SUPERVISOR;166709;NOTA FISCAL ID: 9912862 VINCULADA A CARGA ID: 166709;728;119990019
26/05/2026 09:08;LUCAS.RAMOS;4 - SUPERVISOR;166709;NOTA FISCAL ID: 9849625 VINCULADA A CARGA ID: 166709;728;119990031
26/05/2026 09:08;LUCAS.RAMOS;4 - SUPERVISOR;166709;NOTA FISCAL ID: 9930780 VINCULADA A CARGA ID: 166709;728;119990037
26/05/2026 09:08;KAIK.DIAS;5 - OPERADOR;166693;NOTA FISCAL ID: 9930540 VINCULADA A CARGA ID: 166693;884;119990039
26/05/2026 09:08;LUCAS.RAMOS;4 - SUPERVISOR;166709;NOTA FISCAL ID: 9928232 VINCULADA A CARGA ID: 166709;728;119990056
26/05/2026 09:08;KAIK.DIAS;5 - OPERADOR;166693;NOTA FISCAL ID: 9928718 VINCULADA A CARGA ID: 166693;884;119990060
26/05/2026 09:08;LUCAS.RAMOS;4 - SUPERVISOR;166709;NOTA FISCAL ID: 9929027 VINCULADA A CARGA ID: 166709;728;119990062
26/05/2026 09:08;KAIK.DIAS;5 - OPERADOR;166693;NOTA FISCAL ID: 9929791 VINCULADA A CARGA ID: 166693;884;119990064
26/05/2026 09:08;LUCAS.RAMOS;4 - SUPERVISOR;166709;NOTA FISCAL ID: 9930028 VINCULADA A CARGA ID: 166709;728;119990066
26/05/2026 09:08;LUCAS.RAMOS;4 - SUPERVISOR;166709;NOTA FISCAL ID: 9930542 VINCULADA A CARGA ID: 166709;728;119990070
26/05/2026 09:08;LUCAS.RAMOS;4 - SUPERVISOR;166709;NOTA FISCAL ID: 9892724 VINCULADA A CARGA ID: 166709;728;119990076
26/05/2026 09:08;LUCAS.RAMOS;4 - SUPERVISOR;166709;NOTA FISCAL ID: 9930198 VINCULADA A CARGA ID: 166709;728;119990083
26/05/2026 09:08;KAIK.DIAS;5 - OPERADOR;166693;NOTA FISCAL ID: 9928914 VINCULADA A CARGA ID: 166693;884;119990086
26/05/2026 09:08;LUCAS.RAMOS;4 - SUPERVISOR;166709;NOTA FISCAL ID: 9930478 VINCULADA A CARGA ID: 166709;728;119990088
26/05/2026 09:08;KAIK.DIAS;5 - OPERADOR;166693;NOTA FISCAL ID: 9929182 VINCULADA A CARGA ID: 166693;884;119990092
26/05/2026 09:08;LUCAS.RAMOS;4 - SUPERVISOR;166709;NOTA FISCAL ID: 9821483 VINCULADA A CARGA ID: 166709;728;119990094
26/05/2026 09:08;LUCAS.RAMOS;4 - SUPERVISOR;166709;NOTA FISCAL ID: 9927241 VINCULADA A CARGA ID: 166709;728;119990096
26/05/2026 09:08;LUCAS.RAMOS;4 - SUPERVISOR;166709;NOTA FISCAL ID: 9929778 VINCULADA A CARGA ID: 166709;728;119990098
26/05/2026 09:08;LUCAS.RAMOS;4 - SUPERVISOR;166709;NOTA FISCAL ID: 9927652 VINCULADA A CARGA ID: 166709;728;119990101
26/05/2026 09:08;LUCAS.RAMOS;4 - SUPERVISOR;166709;NOTA FISCAL ID: 9930229 VINCULADA A CARGA ID: 166709;728;119990118
26/05/2026 09:09;LUCAS.RAMOS;4 - SUPERVISOR;166709;NOTA FISCAL ID: 9911736 VINCULADA A CARGA ID: 166709;728;119990120
26/05/2026 09:09;LUCAS.RAMOS;4 - SUPERVISOR;166709;NOTA FISCAL ID: 9930342 VINCULADA A CARGA ID: 166709;728;119990124
26/05/2026 09:09;LUCAS.RAMOS;4 - SUPERVISOR;166709;NOTA FISCAL ID: 9907964 VINCULADA A CARGA ID: 166709;728;119990126
26/05/2026 09:09;LUCAS.RAMOS;4 - SUPERVISOR;166709;NOTA FISCAL ID: 9928945 VINCULADA A CARGA ID: 166709;728;119990128
26/05/2026 09:09;LUCAS.RAMOS;4 - SUPERVISOR;166709;NOTA FISCAL ID: 9929145 VINCULADA A CARGA ID: 166709;728;119990131
26/05/2026 09:09;LUCAS.RAMOS;4 - SUPERVISOR;166709;NOTA FISCAL ID: 9930763 VINCULADA A CARGA ID: 166709;728;119990156
26/05/2026 09:09;LUCAS.RAMOS;4 - SUPERVISOR;166709;NOTA FISCAL ID: 9928217 VINCULADA A CARGA ID: 166709;728;119990171
26/05/2026 09:09;LUCAS.RAMOS;4 - SUPERVISOR;166709;NOTA FISCAL ID: 9930711 VINCULADA A CARGA ID: 166709;728;119990173
26/05/2026 09:09;LUCAS.RAMOS;4 - SUPERVISOR;166709;NOTA FISCAL ID: 9876040 VINCULADA A CARGA ID: 166709;728;119990175
26/05/2026 09:10;FJSANTOS;3 - SUPERVISOR GERAL;166711;NOTA FISCAL ID: 9890899 VINCULADA A CARGA ID: 166711;374;119990291
26/05/2026 09:11;FJSANTOS;3 - SUPERVISOR GERAL;166712;NOTA FISCAL ID: 9890626 VINCULADA A CARGA ID: 166712;374;119990453
26/05/2026 09:11;KAIK.DIAS;5 - OPERADOR;166693;NOTA FISCAL ID: 9929345 VINCULADA A CARGA ID: 166693;884;119990517
26/05/2026 09:11;KAIK.DIAS;5 - OPERADOR;166693;NOTA FISCAL ID: 9929527 VINCULADA A CARGA ID: 166693;884;119990519
26/05/2026 09:11;KAIK.DIAS;5 - OPERADOR;166693;NOTA FISCAL ID: 9928741 VINCULADA A CARGA ID: 166693;884;119990521
26/05/2026 09:11;KAIK.DIAS;5 - OPERADOR;166693;NOTA FISCAL ID: 9928248 VINCULADA A CARGA ID: 166693;884;119990523
26/05/2026 09:12;KAIK.DIAS;5 - OPERADOR;166693;NOTA FISCAL ID: 9927374 VINCULADA A CARGA ID: 166693;884;119990536
26/05/2026 09:12;KAIK.DIAS;5 - OPERADOR;166693;NOTA FISCAL ID: 9928258 VINCULADA A CARGA ID: 166693;884;119990574
26/05/2026 09:12;KAIK.DIAS;5 - OPERADOR;166693;NOTA FISCAL ID: 9930561 VINCULADA A CARGA ID: 166693;884;119990577
26/05/2026 09:12;KAIK.DIAS;5 - OPERADOR;166693;NOTA FISCAL ID: 9927421 VINCULADA A CARGA ID: 166693;884;119990583
26/05/2026 09:12;KAIK.DIAS;5 - OPERADOR;166693;NOTA FISCAL ID: 9927412 VINCULADA A CARGA ID: 166693;884;119990585
26/05/2026 09:12;KAIK.DIAS;5 - OPERADOR;166693;NOTA FISCAL ID: 9927395 VINCULADA A CARGA ID: 166693;884;119990589
26/05/2026 09:12;KAIK.DIAS;5 - OPERADOR;166693;NOTA FISCAL ID: 9929138 VINCULADA A CARGA ID: 166693;884;119990608
26/05/2026 09:12;KAIK.DIAS;5 - OPERADOR;166693;NOTA FISCAL ID: 9928661 VINCULADA A CARGA ID: 166693;884;119990610
26/05/2026 09:12;KAIK.DIAS;5 - OPERADOR;166693;NOTA FISCAL ID: 9930326 VINCULADA A CARGA ID: 166693;884;119990620
26/05/2026 09:12;FJSANTOS;3 - SUPERVISOR GERAL;166713;NOTA FISCAL ID: 9890588 VINCULADA A CARGA ID: 166713;374;119990624
26/05/2026 09:12;KAIK.DIAS;5 - OPERADOR;166693;NOTA FISCAL ID: 9927995 VINCULADA A CARGA ID: 166693;884;119990626
26/05/2026 09:12;LUCAS.RAMOS;4 - SUPERVISOR;166709;NOTA FISCAL ID: 9928060 VINCULADA A CARGA ID: 166709;728;119990634
26/05/2026 09:12;KAIK.DIAS;5 - OPERADOR;166693;NOTA FISCAL ID: 9930310 VINCULADA A CARGA ID: 166693;884;119990632
26/05/2026 09:12;LUCAS.RAMOS;4 - SUPERVISOR;166709;NOTA FISCAL ID: 9903868 VINCULADA A CARGA ID: 166709;728;119990636
26/05/2026 09:12;KAIK.DIAS;5 - OPERADOR;166693;NOTA FISCAL ID: 9929396 VINCULADA A CARGA ID: 166693;884;119990640
26/05/2026 09:12;LUCAS.RAMOS;4 - SUPERVISOR;166709;NOTA FISCAL ID: 9928059 VINCULADA A CARGA ID: 166709;728;119990642
26/05/2026 09:12;KAIK.DIAS;5 - OPERADOR;166693;NOTA FISCAL ID: 9929786 VINCULADA A CARGA ID: 166693;884;119990644
26/05/2026 09:12;LUCAS.RAMOS;4 - SUPERVISOR;166709;NOTA FISCAL ID: 9930453 VINCULADA A CARGA ID: 166709;728;119990648
26/05/2026 09:12;KAIK.DIAS;5 - OPERADOR;166693;NOTA FISCAL ID: 9930285 VINCULADA A CARGA ID: 166693;884;119990646
26/05/2026 09:12;KAIK.DIAS;5 - OPERADOR;166693;NOTA FISCAL ID: 9927529 VINCULADA A CARGA ID: 166693;884;119990650
26/05/2026 09:12;LUCAS.RAMOS;4 - SUPERVISOR;166709;NOTA FISCAL ID: 9930826 VINCULADA A CARGA ID: 166709;728;119990652
26/05/2026 09:12;KAIK.DIAS;5 - OPERADOR;166693;NOTA FISCAL ID: 9928014 VINCULADA A CARGA ID: 166693;884;119990654
26/05/2026 09:12;LUCAS.RAMOS;4 - SUPERVISOR;166709;NOTA FISCAL ID: 9930035 VINCULADA A CARGA ID: 166709;728;119990656
26/05/2026 09:12;KAIK.DIAS;5 - OPERADOR;166693;NOTA FISCAL ID: 9927736 VINCULADA A CARGA ID: 166693;884;119990659
26/05/2026 09:12;KAIK.DIAS;5 - OPERADOR;166693;NOTA FISCAL ID: 9928765 VINCULADA A CARGA ID: 166693;884;119990661
26/05/2026 09:12;KAIK.DIAS;5 - OPERADOR;166693;NOTA FISCAL ID: 9929143 VINCULADA A CARGA ID: 166693;884;119990663
26/05/2026 09:12;KAIK.DIAS;5 - OPERADOR;166693;NOTA FISCAL ID: 9929853 VINCULADA A CARGA ID: 166693;884;119990670
26/05/2026 09:12;KAIK.DIAS;5 - OPERADOR;166693;NOTA FISCAL ID: 9929904 VINCULADA A CARGA ID: 166693;884;119990673
26/05/2026 09:12;KAIK.DIAS;5 - OPERADOR;166693;NOTA FISCAL ID: 9928049 VINCULADA A CARGA ID: 166693;884;119990680
26/05/2026 09:12;KAIK.DIAS;5 - OPERADOR;166693;NOTA FISCAL ID: 9927674 VINCULADA A CARGA ID: 166693;884;119990682
26/05/2026 09:12;KAIK.DIAS;5 - OPERADOR;166693;NOTA FISCAL ID: 9930520 VINCULADA A CARGA ID: 166693;884;119990684
26/05/2026 09:12;KAIK.DIAS;5 - OPERADOR;166693;NOTA FISCAL ID: 9930856 VINCULADA A CARGA ID: 166693;884;119990686
26/05/2026 09:13;KAIK.DIAS;5 - OPERADOR;166693;NOTA FISCAL ID: 9905015 VINCULADA A CARGA ID: 166693;884;119990690
26/05/2026 09:13;LUCAS.RAMOS;4 - SUPERVISOR;166709;NOTA FISCAL ID: 9929268 VINCULADA A CARGA ID: 166709;728;119990730
26/05/2026 09:13;LUCAS.RAMOS;4 - SUPERVISOR;166709;NOTA FISCAL ID: 9929230 VINCULADA A CARGA ID: 166709;728;119990734
26/05/2026 09:13;LUCAS.RAMOS;4 - SUPERVISOR;166709;NOTA FISCAL ID: 9927869 VINCULADA A CARGA ID: 166709;728;119990742
26/05/2026 09:13;LUCAS.RAMOS;4 - SUPERVISOR;166709;NOTA FISCAL ID: 9930622 VINCULADA A CARGA ID: 166709;728;119990774
26/05/2026 09:13;LUCAS.RAMOS;4 - SUPERVISOR;166709;NOTA FISCAL ID: 9930588 VINCULADA A CARGA ID: 166709;728;119990776
26/05/2026 09:13;LUCAS.RAMOS;4 - SUPERVISOR;166709;NOTA FISCAL ID: 9929073 VINCULADA A CARGA ID: 166709;728;119990779
26/05/2026 09:14;FJSANTOS;3 - SUPERVISOR GERAL;166714;NOTA FISCAL ID: 9913489 VINCULADA A CARGA ID: 166714;374;119990783
26/05/2026 09:14;LUCAS.RAMOS;4 - SUPERVISOR;166709;NOTA FISCAL ID: 9929006 VINCULADA A CARGA ID: 166709;728;119990785
26/05/2026 09:14;LUCAS.RAMOS;4 - SUPERVISOR;166709;NOTA FISCAL ID: 9924559 VINCULADA A CARGA ID: 166709;728;119990788
26/05/2026 09:14;LUCAS.RAMOS;4 - SUPERVISOR;166709;NOTA FISCAL ID: 9930844 VINCULADA A CARGA ID: 166709;728;119990793
26/05/2026 09:14;LUCAS.RAMOS;4 - SUPERVISOR;166709;NOTA FISCAL ID: 9930288 VINCULADA A CARGA ID: 166709;728;119990798
26/05/2026 09:14;LUCAS.RAMOS;4 - SUPERVISOR;166709;NOTA FISCAL ID: 9928341 VINCULADA A CARGA ID: 166709;728;119990806
26/05/2026 09:14;LUCAS.RAMOS;4 - SUPERVISOR;166709;NOTA FISCAL ID: 9930572 VINCULADA A CARGA ID: 166709;728;119990808
26/05/2026 09:14;CARLOS.DAGUANA;5 - OPERADOR;166715;NOTA FISCAL ID: 9901570 VINCULADA A CARGA ID: 166715;874;119990844
26/05/2026 09:14;CARLOS.DAGUANA;5 - OPERADOR;166715;NOTA FISCAL ID: 9928975 VINCULADA A CARGA ID: 166715;874;119990846
26/05/2026 09:14;CARLOS.DAGUANA;5 - OPERADOR;166715;NOTA FISCAL ID: 9930175 VINCULADA A CARGA ID: 166715;874;119990848
26/05/2026 09:14;FJSANTOS;3 - SUPERVISOR GERAL;166714;NOTA FISCAL ID: 9913489 VINCULADA A CARGA ID: 166714;374;119990850
26/05/2026 09:14;CARLOS.DAGUANA;5 - OPERADOR;166715;NOTA FISCAL ID: 9926898 VINCULADA A CARGA ID: 166715;874;119990852
26/05/2026 09:14;CARLOS.DAGUANA;5 - OPERADOR;166715;NOTA FISCAL ID: 9925498 VINCULADA A CARGA ID: 166715;874;119990856
26/05/2026 09:14;CARLOS.DAGUANA;5 - OPERADOR;166715;NOTA FISCAL ID: 9927462 VINCULADA A CARGA ID: 166715;874;119990865
26/05/2026 09:15;CARLOS.DAGUANA;5 - OPERADOR;166715;NOTA FISCAL ID: 9927523 VINCULADA A CARGA ID: 166715;874;119990872
26/05/2026 09:15;CARLOS.DAGUANA;5 - OPERADOR;166715;NOTA FISCAL ID: 9874984 VINCULADA A CARGA ID: 166715;874;119990877
26/05/2026 09:15;CARLOS.DAGUANA;5 - OPERADOR;166715;NOTA FISCAL ID: 9927713 VINCULADA A CARGA ID: 166715;874;119990879
26/05/2026 09:15;CARLOS.DAGUANA;5 - OPERADOR;166715;NOTA FISCAL ID: 9927882 VINCULADA A CARGA ID: 166715;874;119990882
26/05/2026 09:15;CARLOS.DAGUANA;5 - OPERADOR;166715;NOTA FISCAL ID: 9927840 VINCULADA A CARGA ID: 166715;874;119990889
26/05/2026 09:15;CARLOS.DAGUANA;5 - OPERADOR;166715;NOTA FISCAL ID: 9929075 VINCULADA A CARGA ID: 166715;874;119990901
26/05/2026 09:15;CARLOS.DAGUANA;5 - OPERADOR;166715;NOTA FISCAL ID: 9929327 VINCULADA A CARGA ID: 166715;874;119990904
26/05/2026 09:15;CARLOS.DAGUANA;5 - OPERADOR;166715;NOTA FISCAL ID: 9922140 VINCULADA A CARGA ID: 166715;874;119990907
26/05/2026 09:15;CARLOS.DAGUANA;5 - OPERADOR;166715;NOTA FISCAL ID: 9927649 VINCULADA A CARGA ID: 166715;874;119990913
26/05/2026 09:15;CARLOS.DAGUANA;5 - OPERADOR;166715;NOTA FISCAL ID: 9927880 VINCULADA A CARGA ID: 166715;874;119990918
26/05/2026 09:15;CARLOS.DAGUANA;5 - OPERADOR;166715;NOTA FISCAL ID: 9928331 VINCULADA A CARGA ID: 166715;874;119990921
26/05/2026 09:15;CARLOS.DAGUANA;5 - OPERADOR;166715;NOTA FISCAL ID: 9930181 VINCULADA A CARGA ID: 166715;874;119990928
26/05/2026 09:15;CARLOS.DAGUANA;5 - OPERADOR;166715;NOTA FISCAL ID: 9928164 VINCULADA A CARGA ID: 166715;874;119990941
26/05/2026 09:15;FJSANTOS;3 - SUPERVISOR GERAL;166716;NOTA FISCAL ID: 9913516 VINCULADA A CARGA ID: 166716;374;119990939
26/05/2026 09:15;CARLOS.DAGUANA;5 - OPERADOR;166715;NOTA FISCAL ID: 9928593 VINCULADA A CARGA ID: 166715;874;119990948
26/05/2026 09:15;CARLOS.DAGUANA;5 - OPERADOR;166715;NOTA FISCAL ID: 9929304 VINCULADA A CARGA ID: 166715;874;119990955
26/05/2026 09:15;CARLOS.DAGUANA;5 - OPERADOR;166715;NOTA FISCAL ID: 9930332 VINCULADA A CARGA ID: 166715;874;119990959
26/05/2026 09:15;CARLOS.DAGUANA;5 - OPERADOR;166715;NOTA FISCAL ID: 9929600 VINCULADA A CARGA ID: 166715;874;119990961
26/05/2026 09:15;CARLOS.DAGUANA;5 - OPERADOR;166715;NOTA FISCAL ID: 9928348 VINCULADA A CARGA ID: 166715;874;119990971
26/05/2026 09:15;CARLOS.DAGUANA;5 - OPERADOR;166715;NOTA FISCAL ID: 9929241 VINCULADA A CARGA ID: 166715;874;119990973
26/05/2026 09:16;CARLOS.DAGUANA;5 - OPERADOR;166715;NOTA FISCAL ID: 9927665 VINCULADA A CARGA ID: 166715;874;119990986
26/05/2026 09:16;CARLOS.DAGUANA;5 - OPERADOR;166715;NOTA FISCAL ID: 9927864 VINCULADA A CARGA ID: 166715;874;119990994
26/05/2026 09:16;CARLOS.DAGUANA;5 - OPERADOR;166715;NOTA FISCAL ID: 9928743 VINCULADA A CARGA ID: 166715;874;119990996
26/05/2026 09:16;CARLOS.DAGUANA;5 - OPERADOR;166715;NOTA FISCAL ID: 9909162 VINCULADA A CARGA ID: 166715;874;119991000
26/05/2026 09:16;CARLOS.DAGUANA;5 - OPERADOR;166715;NOTA FISCAL ID: 9929501 VINCULADA A CARGA ID: 166715;874;119991004
26/05/2026 09:16;FJSANTOS;3 - SUPERVISOR GERAL;166717;NOTA FISCAL ID: 9890779 VINCULADA A CARGA ID: 166717;374;119991006
26/05/2026 09:16;LUCAS.RAMOS;4 - SUPERVISOR;166709;NOTA FISCAL ID: 9929897 VINCULADA A CARGA ID: 166709;728;119991031
26/05/2026 09:16;LUCAS.RAMOS;4 - SUPERVISOR;166709;NOTA FISCAL ID: 9930624 VINCULADA A CARGA ID: 166709;728;119991039
26/05/2026 09:16;LUCAS.RAMOS;4 - SUPERVISOR;166709;NOTA FISCAL ID: 9914500 VINCULADA A CARGA ID: 166709;728;119991041
26/05/2026 09:16;LUCAS.RAMOS;4 - SUPERVISOR;166709;NOTA FISCAL ID: 9929881 VINCULADA A CARGA ID: 166709;728;119991149
26/05/2026 09:16;LUCAS.RAMOS;4 - SUPERVISOR;166709;NOTA FISCAL ID: 9890990 VINCULADA A CARGA ID: 166709;728;119991163
26/05/2026 09:16;LUCAS.RAMOS;4 - SUPERVISOR;166709;NOTA FISCAL ID: 9927391 VINCULADA A CARGA ID: 166709;728;119991165
26/05/2026 09:16;LUCAS.RAMOS;4 - SUPERVISOR;166709;NOTA FISCAL ID: 9928424 VINCULADA A CARGA ID: 166709;728;119991179
26/05/2026 09:16;LUCAS.RAMOS;4 - SUPERVISOR;166709;NOTA FISCAL ID: 9902568 VINCULADA A CARGA ID: 166709;728;119991183
26/05/2026 09:16;LUCAS.RAMOS;4 - SUPERVISOR;166709;NOTA FISCAL ID: 9929780 VINCULADA A CARGA ID: 166709;728;119991185
26/05/2026 09:16;LUCAS.RAMOS;4 - SUPERVISOR;166709;NOTA FISCAL ID: 9890450 VINCULADA A CARGA ID: 166709;728;119991189
26/05/2026 09:16;LUCAS.RAMOS;4 - SUPERVISOR;166709;NOTA FISCAL ID: 9929761 VINCULADA A CARGA ID: 166709;728;119991200
26/05/2026 09:17;LUCAS.RAMOS;4 - SUPERVISOR;166709;NOTA FISCAL ID: 9927994 VINCULADA A CARGA ID: 166709;728;119991210
26/05/2026 09:17;FJSANTOS;3 - SUPERVISOR GERAL;166718;NOTA FISCAL ID: 9890402 VINCULADA A CARGA ID: 166718;374;119991212
26/05/2026 09:17;LUCAS.RAMOS;4 - SUPERVISOR;166709;NOTA FISCAL ID: 9882044 VINCULADA A CARGA ID: 166709;728;119991214
26/05/2026 09:17;LUCAS.RAMOS;4 - SUPERVISOR;166709;NOTA FISCAL ID: 9930362 VINCULADA A CARGA ID: 166709;728;119991218
26/05/2026 09:17;LUCAS.RAMOS;4 - SUPERVISOR;166709;NOTA FISCAL ID: 9919045 VINCULADA A CARGA ID: 166709;728;119991222
26/05/2026 09:17;LUCAS.RAMOS;4 - SUPERVISOR;166709;NOTA FISCAL ID: 9913136 VINCULADA A CARGA ID: 166709;728;119991225
26/05/2026 09:17;LUCAS.RAMOS;4 - SUPERVISOR;166709;NOTA FISCAL ID: 9927531 VINCULADA A CARGA ID: 166709;728;119991227
26/05/2026 09:17;LUCAS.RAMOS;4 - SUPERVISOR;166709;NOTA FISCAL ID: 9929251 VINCULADA A CARGA ID: 166709;728;119991229
26/05/2026 09:17;LUCAS.RAMOS;4 - SUPERVISOR;166709;NOTA FISCAL ID: 9899107 VINCULADA A CARGA ID: 166709;728;119991236
26/05/2026 09:17;LUCAS.RAMOS;4 - SUPERVISOR;166709;NOTA FISCAL ID: 9929062 VINCULADA A CARGA ID: 166709;728;119991269
26/05/2026 09:18;KAIK.DIAS;5 - OPERADOR;166693;NOTA FISCAL ID: 9928155 VINCULADA A CARGA ID: 166693;884;119991299
26/05/2026 09:18;KAIK.DIAS;5 - OPERADOR;166693;NOTA FISCAL ID: 9927392 VINCULADA A CARGA ID: 166693;884;119991302
26/05/2026 09:18;KAIK.DIAS;5 - OPERADOR;166693;NOTA FISCAL ID: 9929808 VINCULADA A CARGA ID: 166693;884;119991304
26/05/2026 09:18;KAIK.DIAS;5 - OPERADOR;166693;NOTA FISCAL ID: 9929596 VINCULADA A CARGA ID: 166693;884;119991307
26/05/2026 09:18;KAIK.DIAS;5 - OPERADOR;166693;NOTA FISCAL ID: 9929618 VINCULADA A CARGA ID: 166693;884;119991310
26/05/2026 09:18;KAIK.DIAS;5 - OPERADOR;166693;NOTA FISCAL ID: 9927448 VINCULADA A CARGA ID: 166693;884;119991319
26/05/2026 09:18;KAIK.DIAS;5 - OPERADOR;166693;NOTA FISCAL ID: 9929471 VINCULADA A CARGA ID: 166693;884;119991324
26/05/2026 09:18;KAIK.DIAS;5 - OPERADOR;166693;NOTA FISCAL ID: 9927542 VINCULADA A CARGA ID: 166693;884;119991327
26/05/2026 09:18;KAIK.DIAS;5 - OPERADOR;166693;NOTA FISCAL ID: 9927439 VINCULADA A CARGA ID: 166693;884;119991329
26/05/2026 09:18;KAIK.DIAS;5 - OPERADOR;166693;NOTA FISCAL ID: 9928018 VINCULADA A CARGA ID: 166693;884;119991334
26/05/2026 09:18;KAIK.DIAS;5 - OPERADOR;166693;NOTA FISCAL ID: 9929724 VINCULADA A CARGA ID: 166693;884;119991347
26/05/2026 09:18;KAIK.DIAS;5 - OPERADOR;166693;NOTA FISCAL ID: 9929710 VINCULADA A CARGA ID: 166693;884;119991350
26/05/2026 09:18;KAIK.DIAS;5 - OPERADOR;166693;NOTA FISCAL ID: 9927628 VINCULADA A CARGA ID: 166693;884;119991353
26/05/2026 09:18;KAIK.DIAS;5 - OPERADOR;166693;NOTA FISCAL ID: 9929453 VINCULADA A CARGA ID: 166693;884;119991355
26/05/2026 09:18;KAIK.DIAS;5 - OPERADOR;166693;NOTA FISCAL ID: 9927566 VINCULADA A CARGA ID: 166693;884;119991359
26/05/2026 09:18;KAIK.DIAS;5 - OPERADOR;166693;NOTA FISCAL ID: 9930828 VINCULADA A CARGA ID: 166693;884;119991368
26/05/2026 09:18;KAIK.DIAS;5 - OPERADOR;166693;NOTA FISCAL ID: 9930258 VINCULADA A CARGA ID: 166693;884;119991375
26/05/2026 09:18;KAIK.DIAS;5 - OPERADOR;166693;NOTA FISCAL ID: 9929242 VINCULADA A CARGA ID: 166693;884;119991378
26/05/2026 09:18;KAIK.DIAS;5 - OPERADOR;166693;NOTA FISCAL ID: 9906812 VINCULADA A CARGA ID: 166693;884;119991381
26/05/2026 09:19;KAIK.DIAS;5 - OPERADOR;166693;NOTA FISCAL ID: 9928189 VINCULADA A CARGA ID: 166693;884;119991390
26/05/2026 09:19;KAIK.DIAS;5 - OPERADOR;166693;NOTA FISCAL ID: 9929798 VINCULADA A CARGA ID: 166693;884;119991393
26/05/2026 09:19;KAIK.DIAS;5 - OPERADOR;166693;NOTA FISCAL ID: 9928264 VINCULADA A CARGA ID: 166693;884;119991395
26/05/2026 09:19;KAIK.DIAS;5 - OPERADOR;166693;NOTA FISCAL ID: 9874557 VINCULADA A CARGA ID: 166693;884;119991397
26/05/2026 09:19;KAIK.DIAS;5 - OPERADOR;166693;NOTA FISCAL ID: 9927660 VINCULADA A CARGA ID: 166693;884;119991399
26/05/2026 09:19;KAIK.DIAS;5 - OPERADOR;166693;NOTA FISCAL ID: 9929879 VINCULADA A CARGA ID: 166693;884;119991401
26/05/2026 09:19;KAIK.DIAS;5 - OPERADOR;166693;NOTA FISCAL ID: 9928849 VINCULADA A CARGA ID: 166693;884;119991406
26/05/2026 09:19;KAIK.DIAS;5 - OPERADOR;166693;NOTA FISCAL ID: 9929035 VINCULADA A CARGA ID: 166693;884;119991408
26/05/2026 09:19;KAIK.DIAS;5 - OPERADOR;166693;NOTA FISCAL ID: 9928595 VINCULADA A CARGA ID: 166693;884;119991411
26/05/2026 09:19;KAIK.DIAS;5 - OPERADOR;166693;NOTA FISCAL ID: 9928098 VINCULADA A CARGA ID: 166693;884;119991418
26/05/2026 09:19;KAIK.DIAS;5 - OPERADOR;166693;NOTA FISCAL ID: 9929093 VINCULADA A CARGA ID: 166693;884;119991420
26/05/2026 09:20;LUCAS.RAMOS;4 - SUPERVISOR;166709;NOTA FISCAL ID: 9930548 VINCULADA A CARGA ID: 166709;728;119991495
26/05/2026 09:20;LUCAS.RAMOS;4 - SUPERVISOR;166709;NOTA FISCAL ID: 9930194 VINCULADA A CARGA ID: 166709;728;119991508
26/05/2026 09:20;LUCAS.RAMOS;4 - SUPERVISOR;166709;NOTA FISCAL ID: 9903101 VINCULADA A CARGA ID: 166709;728;119991510
26/05/2026 09:20;LUCAS.RAMOS;4 - SUPERVISOR;166709;NOTA FISCAL ID: 9930212 VINCULADA A CARGA ID: 166709;728;119991520
26/05/2026 09:20;LUCAS.RAMOS;4 - SUPERVISOR;166709;NOTA FISCAL ID: 9928908 VINCULADA A CARGA ID: 166709;728;119991522
26/05/2026 09:20;LUCAS.RAMOS;4 - SUPERVISOR;166709;NOTA FISCAL ID: 9929831 VINCULADA A CARGA ID: 166709;728;119991529
26/05/2026 09:20;LUCAS.RAMOS;4 - SUPERVISOR;166709;NOTA FISCAL ID: 9930067 VINCULADA A CARGA ID: 166709;728;119991531
26/05/2026 09:20;LUCAS.RAMOS;4 - SUPERVISOR;166709;NOTA FISCAL ID: 9925407 VINCULADA A CARGA ID: 166709;728;119991537
26/05/2026 09:20;LUCAS.RAMOS;4 - SUPERVISOR;166709;NOTA FISCAL ID: 9928603 VINCULADA A CARGA ID: 166709;728;119991539
26/05/2026 09:20;LUCAS.RAMOS;4 - SUPERVISOR;166709;NOTA FISCAL ID: 9930688 VINCULADA A CARGA ID: 166709;728;119991541
26/05/2026 09:20;LUCAS.RAMOS;4 - SUPERVISOR;166709;NOTA FISCAL ID: 9927362 VINCULADA A CARGA ID: 166709;728;119991544
26/05/2026 09:20;LUCAS.RAMOS;4 - SUPERVISOR;166709;NOTA FISCAL ID: 9929595 VINCULADA A CARGA ID: 166709;728;119991551
26/05/2026 09:20;LUCAS.RAMOS;4 - SUPERVISOR;166709;NOTA FISCAL ID: 9930638 VINCULADA A CARGA ID: 166709;728;119991576
26/05/2026 09:20;LUCAS.RAMOS;4 - SUPERVISOR;166709;NOTA FISCAL ID: 9930248 VINCULADA A CARGA ID: 166709;728;119991579
26/05/2026 09:20;LUCAS.RAMOS;4 - SUPERVISOR;166709;NOTA FISCAL ID: 9903379 VINCULADA A CARGA ID: 166709;728;119991593
26/05/2026 09:20;LUCAS.RAMOS;4 - SUPERVISOR;166709;NOTA FISCAL ID: 9929868 VINCULADA A CARGA ID: 166709;728;119991595
26/05/2026 09:20;LUCAS.RAMOS;4 - SUPERVISOR;166709;NOTA FISCAL ID: 9929113 VINCULADA A CARGA ID: 166709;728;119991597
26/05/2026 09:20;LUCAS.RAMOS;4 - SUPERVISOR;166709;NOTA FISCAL ID: 9929214 VINCULADA A CARGA ID: 166709;728;119991609
26/05/2026 09:20;LUCAS.RAMOS;4 - SUPERVISOR;166709;NOTA FISCAL ID: 9909531 VINCULADA A CARGA ID: 166709;728;119991764
26/05/2026 09:20;LUCAS.RAMOS;4 - SUPERVISOR;166709;NOTA FISCAL ID: 9928587 VINCULADA A CARGA ID: 166709;728;119991771
26/05/2026 09:22;LUCAS.RAMOS;4 - SUPERVISOR;166709;NOTA FISCAL ID: 9927841 VINCULADA A CARGA ID: 166709;728;119992044
26/05/2026 09:22;LUCAS.RAMOS;4 - SUPERVISOR;166709;NOTA FISCAL ID: 9930793 VINCULADA A CARGA ID: 166709;728;119992058
26/05/2026 09:22;LUCAS.RAMOS;4 - SUPERVISOR;166709;NOTA FISCAL ID: 9907543 VINCULADA A CARGA ID: 166709;728;119992061
26/05/2026 09:22;LUCAS.RAMOS;4 - SUPERVISOR;166709;NOTA FISCAL ID: 9912776 VINCULADA A CARGA ID: 166709;728;119992068
26/05/2026 09:22;LUCAS.RAMOS;4 - SUPERVISOR;166709;NOTA FISCAL ID: 9929228 VINCULADA A CARGA ID: 166709;728;119992070
26/05/2026 09:22;LUCAS.RAMOS;4 - SUPERVISOR;166709;NOTA FISCAL ID: 9929535 VINCULADA A CARGA ID: 166709;728;119992072
26/05/2026 09:22;LUCAS.RAMOS;4 - SUPERVISOR;166709;NOTA FISCAL ID: 9884384 VINCULADA A CARGA ID: 166709;728;119992074
26/05/2026 09:22;LUCAS.RAMOS;4 - SUPERVISOR;166709;NOTA FISCAL ID: 9928972 VINCULADA A CARGA ID: 166709;728;119992076
26/05/2026 09:22;CARLOS.DAGUANA;5 - OPERADOR;166715;NOTA FISCAL ID: 9931739 VINCULADA A CARGA ID: 166715;874;119992078
26/05/2026 09:22;CARLOS.DAGUANA;5 - OPERADOR;166715;NOTA FISCAL ID: 9927780 VINCULADA A CARGA ID: 166715;874;119992081
26/05/2026 09:22;LUCAS.RAMOS;4 - SUPERVISOR;166709;NOTA FISCAL ID: 9928935 VINCULADA A CARGA ID: 166709;728;119992083
26/05/2026 09:22;CARLOS.DAGUANA;5 - OPERADOR;166715;NOTA FISCAL ID: 9890689 VINCULADA A CARGA ID: 166715;874;119992086
26/05/2026 09:22;LUCAS.RAMOS;4 - SUPERVISOR;166709;NOTA FISCAL ID: 9929479 VINCULADA A CARGA ID: 166709;728;119992088
26/05/2026 09:22;LUCAS.RAMOS;4 - SUPERVISOR;166709;NOTA FISCAL ID: 9930754 VINCULADA A CARGA ID: 166709;728;119992100
26/05/2026 09:22;CARLOS.DAGUANA;5 - OPERADOR;166715;NOTA FISCAL ID: 9929249 VINCULADA A CARGA ID: 166715;874;119992102
26/05/2026 09:22;LUCAS.RAMOS;4 - SUPERVISOR;166709;NOTA FISCAL ID: 9928503 VINCULADA A CARGA ID: 166709;728;119992104
26/05/2026 09:22;LUCAS.RAMOS;4 - SUPERVISOR;166709;NOTA FISCAL ID: 9909216 VINCULADA A CARGA ID: 166709;728;119992107
26/05/2026 09:22;CARLOS.DAGUANA;5 - OPERADOR;166715;NOTA FISCAL ID: 9929720 VINCULADA A CARGA ID: 166715;874;119992111
26/05/2026 09:22;LUCAS.RAMOS;4 - SUPERVISOR;166709;NOTA FISCAL ID: 9927587 VINCULADA A CARGA ID: 166709;728;119992109
26/05/2026 09:23;CARLOS.DAGUANA;5 - OPERADOR;166715;NOTA FISCAL ID: 9930730 VINCULADA A CARGA ID: 166715;874;119992114
26/05/2026 09:23;CARLOS.DAGUANA;5 - OPERADOR;166715;NOTA FISCAL ID: 9910927 VINCULADA A CARGA ID: 166715;874;119992121
26/05/2026 09:23;CARLOS.DAGUANA;5 - OPERADOR;166715;NOTA FISCAL ID: 9918107 VINCULADA A CARGA ID: 166715;874;119992123
26/05/2026 09:23;CARLOS.DAGUANA;5 - OPERADOR;166715;NOTA FISCAL ID: 9929351 VINCULADA A CARGA ID: 166715;874;119992125
26/05/2026 09:23;CARLOS.DAGUANA;5 - OPERADOR;166715;NOTA FISCAL ID: 9882036 VINCULADA A CARGA ID: 166715;874;119992128
26/05/2026 09:23;CARLOS.DAGUANA;5 - OPERADOR;166715;NOTA FISCAL ID: 9928487 VINCULADA A CARGA ID: 166715;874;119992131
26/05/2026 09:23;CARLOS.DAGUANA;5 - OPERADOR;166715;NOTA FISCAL ID: 9927723 VINCULADA A CARGA ID: 166715;874;119992147
26/05/2026 09:23;KAIK.DIAS;5 - OPERADOR;166693;NOTA FISCAL ID: 9928204 VINCULADA A CARGA ID: 166693;884;119992149
26/05/2026 09:23;KAIK.DIAS;5 - OPERADOR;166693;NOTA FISCAL ID: 9918899 VINCULADA A CARGA ID: 166693;884;119992151
26/05/2026 09:23;KAIK.DIAS;5 - OPERADOR;166693;NOTA FISCAL ID: 9930586 VINCULADA A CARGA ID: 166693;884;119992153
26/05/2026 09:23;CARLOS.DAGUANA;5 - OPERADOR;166715;NOTA FISCAL ID: 9927712 VINCULADA A CARGA ID: 166715;874;119992155
26/05/2026 09:23;KAIK.DIAS;5 - OPERADOR;166693;NOTA FISCAL ID: 9898097 VINCULADA A CARGA ID: 166693;884;119992157
26/05/2026 09:23;KAIK.DIAS;5 - OPERADOR;166693;NOTA FISCAL ID: 9928284 VINCULADA A CARGA ID: 166693;884;119992159
26/05/2026 09:23;CARLOS.DAGUANA;5 - OPERADOR;166715;NOTA FISCAL ID: 9920434 VINCULADA A CARGA ID: 166715;874;119992161
26/05/2026 09:23;KAIK.DIAS;5 - OPERADOR;166693;NOTA FISCAL ID: 9927487 VINCULADA A CARGA ID: 166693;884;119992167
26/05/2026 09:23;KAIK.DIAS;5 - OPERADOR;166693;NOTA FISCAL ID: 9929090 VINCULADA A CARGA ID: 166693;884;119992169
26/05/2026 09:23;CARLOS.DAGUANA;5 - OPERADOR;166715;NOTA FISCAL ID: 9928976 VINCULADA A CARGA ID: 166715;874;119992174
26/05/2026 09:23;KAIK.DIAS;5 - OPERADOR;166693;NOTA FISCAL ID: 9905850 VINCULADA A CARGA ID: 166693;884;119992172
26/05/2026 09:23;KAIK.DIAS;5 - OPERADOR;166693;NOTA FISCAL ID: 9929175 VINCULADA A CARGA ID: 166693;884;119992187
26/05/2026 09:23;KAIK.DIAS;5 - OPERADOR;166693;NOTA FISCAL ID: 9901410 VINCULADA A CARGA ID: 166693;884;119992193
26/05/2026 09:23;KAIK.DIAS;5 - OPERADOR;166693;NOTA FISCAL ID: 9929264 VINCULADA A CARGA ID: 166693;884;119992201
26/05/2026 09:23;CARLOS.DAGUANA;5 - OPERADOR;166715;NOTA FISCAL ID: 9929247 VINCULADA A CARGA ID: 166715;874;119992204
26/05/2026 09:23;KAIK.DIAS;5 - OPERADOR;166693;NOTA FISCAL ID: 9929935 VINCULADA A CARGA ID: 166693;884;119992206
26/05/2026 09:23;KAIK.DIAS;5 - OPERADOR;166693;NOTA FISCAL ID: 9927893 VINCULADA A CARGA ID: 166693;884;119992208
26/05/2026 09:23;CARLOS.DAGUANA;5 - OPERADOR;166715;NOTA FISCAL ID: 9927854 VINCULADA A CARGA ID: 166715;874;119992215
26/05/2026 09:23;KAIK.DIAS;5 - OPERADOR;166693;NOTA FISCAL ID: 9929722 VINCULADA A CARGA ID: 166693;884;119992217
26/05/2026 09:23;KAIK.DIAS;5 - OPERADOR;166693;NOTA FISCAL ID: 9927705 VINCULADA A CARGA ID: 166693;884;119992226
26/05/2026 09:23;CARLOS.DAGUANA;5 - OPERADOR;166715;NOTA FISCAL ID: 9928785 VINCULADA A CARGA ID: 166715;874;119992224
26/05/2026 09:23;CARLOS.DAGUANA;5 - OPERADOR;166715;NOTA FISCAL ID: 9929794 VINCULADA A CARGA ID: 166715;874;119992230
26/05/2026 09:23;KAIK.DIAS;5 - OPERADOR;166693;NOTA FISCAL ID: 9928887 VINCULADA A CARGA ID: 166693;884;119992232
26/05/2026 09:23;KAIK.DIAS;5 - OPERADOR;166693;NOTA FISCAL ID: 9930824 VINCULADA A CARGA ID: 166693;884;119992235
26/05/2026 09:23;CARLOS.DAGUANA;5 - OPERADOR;166715;NOTA FISCAL ID: 9929627 VINCULADA A CARGA ID: 166715;874;119992237
26/05/2026 09:23;KAIK.DIAS;5 - OPERADOR;166693;NOTA FISCAL ID: 9929810 VINCULADA A CARGA ID: 166693;884;119992239
26/05/2026 09:23;KAIK.DIAS;5 - OPERADOR;166693;NOTA FISCAL ID: 9928005 VINCULADA A CARGA ID: 166693;884;119992241
26/05/2026 09:23;KAIK.DIAS;5 - OPERADOR;166693;NOTA FISCAL ID: 9895548 VINCULADA A CARGA ID: 166693;884;119992243
26/05/2026 09:23;KAIK.DIAS;5 - OPERADOR;166693;NOTA FISCAL ID: 9904323 VINCULADA A CARGA ID: 166693;884;119992246
26/05/2026 09:23;KAIK.DIAS;5 - OPERADOR;166693;NOTA FISCAL ID: 9898354 VINCULADA A CARGA ID: 166693;884;119992249
26/05/2026 09:24;KAIK.DIAS;5 - OPERADOR;166693;NOTA FISCAL ID: 9927888 VINCULADA A CARGA ID: 166693;884;119992259
26/05/2026 09:24;KAIK.DIAS;5 - OPERADOR;166693;NOTA FISCAL ID: 9928805 VINCULADA A CARGA ID: 166693;884;119992262
26/05/2026 09:24;KAIK.DIAS;5 - OPERADOR;166693;NOTA FISCAL ID: 9919385 VINCULADA A CARGA ID: 166693;884;119992269
26/05/2026 09:24;KAIK.DIAS;5 - OPERADOR;166693;NOTA FISCAL ID: 9898678 VINCULADA A CARGA ID: 166693;884;119992272
26/05/2026 09:24;KAIK.DIAS;5 - OPERADOR;166693;NOTA FISCAL ID: 9875425 VINCULADA A CARGA ID: 166693;884;119992275
26/05/2026 09:24;KAIK.DIAS;5 - OPERADOR;166693;NOTA FISCAL ID: 9926723 VINCULADA A CARGA ID: 166693;884;119992280
26/05/2026 09:24;KAIK.DIAS;5 - OPERADOR;166693;NOTA FISCAL ID: 9930835 VINCULADA A CARGA ID: 166693;884;119992291
26/05/2026 09:24;KAIK.DIAS;5 - OPERADOR;166693;NOTA FISCAL ID: 9930703 VINCULADA A CARGA ID: 166693;884;119992303
26/05/2026 09:24;LUCAS.RAMOS;4 - SUPERVISOR;166709;NOTA FISCAL ID: 9930503 VINCULADA A CARGA ID: 166709;728;119992388
26/05/2026 09:24;LUCAS.RAMOS;4 - SUPERVISOR;166709;NOTA FISCAL ID: 9929146 VINCULADA A CARGA ID: 166709;728;119992390
26/05/2026 09:24;LUCAS.RAMOS;4 - SUPERVISOR;166709;NOTA FISCAL ID: 9930060 VINCULADA A CARGA ID: 166709;728;119992410
26/05/2026 09:24;LUCAS.RAMOS;4 - SUPERVISOR;166709;NOTA FISCAL ID: 9928167 VINCULADA A CARGA ID: 166709;728;119992412
26/05/2026 09:24;LUCAS.RAMOS;4 - SUPERVISOR;166709;NOTA FISCAL ID: 9929425 VINCULADA A CARGA ID: 166709;728;119992414
26/05/2026 09:25;LUCAS.RAMOS;4 - SUPERVISOR;166709;NOTA FISCAL ID: 9928450 VINCULADA A CARGA ID: 166709;728;119992416
26/05/2026 09:25;LUCAS.RAMOS;4 - SUPERVISOR;166709;NOTA FISCAL ID: 9927415 VINCULADA A CARGA ID: 166709;728;119992419
26/05/2026 09:25;LUCAS.RAMOS;4 - SUPERVISOR;166709;NOTA FISCAL ID: 9930074 VINCULADA A CARGA ID: 166709;728;119992429
26/05/2026 09:25;LUCAS.RAMOS;4 - SUPERVISOR;166709;NOTA FISCAL ID: 9927401 VINCULADA A CARGA ID: 166709;728;119992431
26/05/2026 09:25;LUCAS.RAMOS;4 - SUPERVISOR;166709;NOTA FISCAL ID: 9927588 VINCULADA A CARGA ID: 166709;728;119992434
26/05/2026 09:25;LUCAS.RAMOS;4 - SUPERVISOR;166709;NOTA FISCAL ID: 9927907 VINCULADA A CARGA ID: 166709;728;119992436
26/05/2026 09:25;LUCAS.RAMOS;4 - SUPERVISOR;166709;NOTA FISCAL ID: 9927078 VINCULADA A CARGA ID: 166709;728;119992438
26/05/2026 09:26;KAIK.DIAS;5 - OPERADOR;166693;NOTA FISCAL ID: 9924401 VINCULADA A CARGA ID: 166693;884;119992895
26/05/2026 09:26;KAIK.DIAS;5 - OPERADOR;166693;NOTA FISCAL ID: 9928325 VINCULADA A CARGA ID: 166693;884;119992898
26/05/2026 09:26;KAIK.DIAS;5 - OPERADOR;166693;NOTA FISCAL ID: 9928815 VINCULADA A CARGA ID: 166693;884;119992900
26/05/2026 09:26;KAIK.DIAS;5 - OPERADOR;166693;NOTA FISCAL ID: 9906885 VINCULADA A CARGA ID: 166693;884;119992902
26/05/2026 09:26;KAIK.DIAS;5 - OPERADOR;166693;NOTA FISCAL ID: 9928926 VINCULADA A CARGA ID: 166693;884;119992905
26/05/2026 09:26;KAIK.DIAS;5 - OPERADOR;166693;NOTA FISCAL ID: 9929816 VINCULADA A CARGA ID: 166693;884;119992912
26/05/2026 09:26;KAIK.DIAS;5 - OPERADOR;166693;NOTA FISCAL ID: 9928688 VINCULADA A CARGA ID: 166693;884;119992921
26/05/2026 09:26;KAIK.DIAS;5 - OPERADOR;166693;NOTA FISCAL ID: 9927618 VINCULADA A CARGA ID: 166693;884;119992924
26/05/2026 09:26;KAIK.DIAS;5 - OPERADOR;166693;NOTA FISCAL ID: 9930108 VINCULADA A CARGA ID: 166693;884;119992926
26/05/2026 09:26;KAIK.DIAS;5 - OPERADOR;166693;NOTA FISCAL ID: 9929430 VINCULADA A CARGA ID: 166693;884;119992928
26/05/2026 09:26;KAIK.DIAS;5 - OPERADOR;166693;NOTA FISCAL ID: 9899959 VINCULADA A CARGA ID: 166693;884;119992930
26/05/2026 09:26;KAIK.DIAS;5 - OPERADOR;166693;NOTA FISCAL ID: 9928594 VINCULADA A CARGA ID: 166693;884;119992942
26/05/2026 09:26;KAIK.DIAS;5 - OPERADOR;166693;NOTA FISCAL ID: 9928023 VINCULADA A CARGA ID: 166693;884;119992944
26/05/2026 09:26;KAIK.DIAS;5 - OPERADOR;166693;NOTA FISCAL ID: 9927821 VINCULADA A CARGA ID: 166693;884;119992951
26/05/2026 09:26;KAIK.DIAS;5 - OPERADOR;166693;NOTA FISCAL ID: 9930065 VINCULADA A CARGA ID: 166693;884;119992953
26/05/2026 09:26;KAIK.DIAS;5 - OPERADOR;166693;NOTA FISCAL ID: 9930662 VINCULADA A CARGA ID: 166693;884;119992955
26/05/2026 09:26;KAIK.DIAS;5 - OPERADOR;166693;NOTA FISCAL ID: 9891756 VINCULADA A CARGA ID: 166693;884;119992957
26/05/2026 09:26;KAIK.DIAS;5 - OPERADOR;166693;NOTA FISCAL ID: 9931482 VINCULADA A CARGA ID: 166693;884;119992973
26/05/2026 09:26;LUCAS.RAMOS;4 - SUPERVISOR;166709;NOTA FISCAL ID: 9929472 VINCULADA A CARGA ID: 166709;728;119992975
26/05/2026 09:26;KAIK.DIAS;5 - OPERADOR;166693;NOTA FISCAL ID: 9927986 VINCULADA A CARGA ID: 166693;884;119992977
26/05/2026 09:26;LUCAS.RAMOS;4 - SUPERVISOR;166709;NOTA FISCAL ID: 9927983 VINCULADA A CARGA ID: 166709;728;119992979
26/05/2026 09:26;KAIK.DIAS;5 - OPERADOR;166693;NOTA FISCAL ID: 9931664 VINCULADA A CARGA ID: 166693;884;119992981
26/05/2026 09:26;LUCAS.RAMOS;4 - SUPERVISOR;166709;NOTA FISCAL ID: 9929316 VINCULADA A CARGA ID: 166709;728;119992983
26/05/2026 09:26;LUCAS.RAMOS;4 - SUPERVISOR;166709;NOTA FISCAL ID: 9927405 VINCULADA A CARGA ID: 166709;728;119992986
26/05/2026 09:26;LUCAS.RAMOS;4 - SUPERVISOR;166709;NOTA FISCAL ID: 9928948 VINCULADA A CARGA ID: 166709;728;119992988
26/05/2026 09:26;LUCAS.RAMOS;4 - SUPERVISOR;166709;NOTA FISCAL ID: 9928479 VINCULADA A CARGA ID: 166709;728;119992996
26/05/2026 09:26;LUCAS.RAMOS;4 - SUPERVISOR;166709;NOTA FISCAL ID: 9900323 VINCULADA A CARGA ID: 166709;728;119993003
26/05/2026 09:26;LUCAS.RAMOS;4 - SUPERVISOR;166709;NOTA FISCAL ID: 9929368 VINCULADA A CARGA ID: 166709;728;119993005
26/05/2026 09:26;LUCAS.RAMOS;4 - SUPERVISOR;166709;NOTA FISCAL ID: 9928376 VINCULADA A CARGA ID: 166709;728;119993012
26/05/2026 09:26;LUCAS.RAMOS;4 - SUPERVISOR;166709;NOTA FISCAL ID: 9906315 VINCULADA A CARGA ID: 166709;728;119993017
26/05/2026 09:26;LUCAS.RAMOS;4 - SUPERVISOR;166709;NOTA FISCAL ID: 9929350 VINCULADA A CARGA ID: 166709;728;119993019
26/05/2026 09:27;LUCAS.RAMOS;4 - SUPERVISOR;166709;NOTA FISCAL ID: 9928922 VINCULADA A CARGA ID: 166709;728;119993026
26/05/2026 09:27;LUCAS.RAMOS;4 - SUPERVISOR;166709;NOTA FISCAL ID: 9928941 VINCULADA A CARGA ID: 166709;728;119993030
26/05/2026 09:27;LUCAS.RAMOS;4 - SUPERVISOR;166709;NOTA FISCAL ID: 9927627 VINCULADA A CARGA ID: 166709;728;119993038
26/05/2026 09:27;LUCAS.RAMOS;4 - SUPERVISOR;166709;NOTA FISCAL ID: 9929267 VINCULADA A CARGA ID: 166709;728;119993040
26/05/2026 09:27;LUCAS.RAMOS;4 - SUPERVISOR;166709;NOTA FISCAL ID: 9927782 VINCULADA A CARGA ID: 166709;728;119993058
26/05/2026 09:27;LUCAS.RAMOS;4 - SUPERVISOR;166709;NOTA FISCAL ID: 9929883 VINCULADA A CARGA ID: 166709;728;119993062
26/05/2026 09:27;LUCAS.RAMOS;4 - SUPERVISOR;166709;NOTA FISCAL ID: 9929050 VINCULADA A CARGA ID: 166709;728;119993110
26/05/2026 09:27;LUCAS.RAMOS;4 - SUPERVISOR;166709;NOTA FISCAL ID: 9918504 VINCULADA A CARGA ID: 166709;728;119993123
26/05/2026 09:27;LUCAS.RAMOS;4 - SUPERVISOR;166709;NOTA FISCAL ID: 9896009 VINCULADA A CARGA ID: 166709;728;119993125
26/05/2026 09:27;LUCAS.RAMOS;4 - SUPERVISOR;166709;NOTA FISCAL ID: 9929623 VINCULADA A CARGA ID: 166709;728;119993127
26/05/2026 09:27;LUCAS.RAMOS;4 - SUPERVISOR;166709;NOTA FISCAL ID: 9928340 VINCULADA A CARGA ID: 166709;728;119993139
26/05/2026 09:27;LUCAS.RAMOS;4 - SUPERVISOR;166709;NOTA FISCAL ID: 9918159 VINCULADA A CARGA ID: 166709;728;119993148
26/05/2026 09:27;LUCAS.RAMOS;4 - SUPERVISOR;166709;NOTA FISCAL ID: 9930036 VINCULADA A CARGA ID: 166709;728;119993152
26/05/2026 09:27;LUCAS.RAMOS;4 - SUPERVISOR;166709;NOTA FISCAL ID: 9929177 VINCULADA A CARGA ID: 166709;728;119993169
26/05/2026 09:27;LUCAS.RAMOS;4 - SUPERVISOR;166709;NOTA FISCAL ID: 9929126 VINCULADA A CARGA ID: 166709;728;119993182
26/05/2026 09:27;LUCAS.RAMOS;4 - SUPERVISOR;166709;NOTA FISCAL ID: 9930660 VINCULADA A CARGA ID: 166709;728;119993188
26/05/2026 09:27;LUCAS.RAMOS;4 - SUPERVISOR;166709;NOTA FISCAL ID: 9928381 VINCULADA A CARGA ID: 166709;728;119993196
26/05/2026 09:28;KAIK.DIAS;5 - OPERADOR;166693;NOTA FISCAL ID: 9929272 VINCULADA A CARGA ID: 166693;884;119993204
26/05/2026 09:28;KAIK.DIAS;5 - OPERADOR;166693;NOTA FISCAL ID: 9930515 VINCULADA A CARGA ID: 166693;884;119993216
26/05/2026 09:28;KAIK.DIAS;5 - OPERADOR;166693;NOTA FISCAL ID: 9929130 VINCULADA A CARGA ID: 166693;884;119993225
26/05/2026 09:28;KAIK.DIAS;5 - OPERADOR;166693;NOTA FISCAL ID: 9929773 VINCULADA A CARGA ID: 166693;884;119993238
26/05/2026 09:28;KAIK.DIAS;5 - OPERADOR;166693;NOTA FISCAL ID: 9892158 VINCULADA A CARGA ID: 166693;884;119993240
26/05/2026 09:28;KAIK.DIAS;5 - OPERADOR;166693;NOTA FISCAL ID: 9927458 VINCULADA A CARGA ID: 166693;884;119993247
26/05/2026 09:28;KAIK.DIAS;5 - OPERADOR;166693;NOTA FISCAL ID: 9929985 VINCULADA A CARGA ID: 166693;884;119993249
26/05/2026 09:28;KAIK.DIAS;5 - OPERADOR;166693;NOTA FISCAL ID: 9927437 VINCULADA A CARGA ID: 166693;884;119993251
26/05/2026 09:28;KAIK.DIAS;5 - OPERADOR;166693;NOTA FISCAL ID: 9930597 VINCULADA A CARGA ID: 166693;884;119993253
26/05/2026 09:28;KAIK.DIAS;5 - OPERADOR;166693;NOTA FISCAL ID: 9927808 VINCULADA A CARGA ID: 166693;884;119993256
26/05/2026 09:28;KAIK.DIAS;5 - OPERADOR;166693;NOTA FISCAL ID: 9929131 VINCULADA A CARGA ID: 166693;884;119993258
26/05/2026 09:28;KAIK.DIAS;5 - OPERADOR;166693;NOTA FISCAL ID: 9928634 VINCULADA A CARGA ID: 166693;884;119993276
26/05/2026 09:28;KAIK.DIAS;5 - OPERADOR;166693;NOTA FISCAL ID: 9929427 VINCULADA A CARGA ID: 166693;884;119993278
26/05/2026 09:28;KAIK.DIAS;5 - OPERADOR;166693;NOTA FISCAL ID: 9929456 VINCULADA A CARGA ID: 166693;884;119993280
26/05/2026 09:28;KAIK.DIAS;5 - OPERADOR;166693;NOTA FISCAL ID: 9927673 VINCULADA A CARGA ID: 166693;884;119993289
26/05/2026 09:28;KAIK.DIAS;5 - OPERADOR;166693;NOTA FISCAL ID: 9928744 VINCULADA A CARGA ID: 166693;884;119993297
26/05/2026 09:28;KAIK.DIAS;5 - OPERADOR;166693;NOTA FISCAL ID: 9898017 VINCULADA A CARGA ID: 166693;884;119993301
26/05/2026 09:28;KAIK.DIAS;5 - OPERADOR;166693;NOTA FISCAL ID: 9930313 VINCULADA A CARGA ID: 166693;884;119993303
26/05/2026 09:28;KAIK.DIAS;5 - OPERADOR;166693;NOTA FISCAL ID: 9930007 VINCULADA A CARGA ID: 166693;884;119993308
26/05/2026 09:28;KAIK.DIAS;5 - OPERADOR;166693;NOTA FISCAL ID: 9930303 VINCULADA A CARGA ID: 166693;884;119993312
26/05/2026 09:29;LUCAS.RAMOS;4 - SUPERVISOR;166709;NOTA FISCAL ID: 9928446 VINCULADA A CARGA ID: 166709;728;119993502
26/05/2026 09:29;LUCAS.RAMOS;4 - SUPERVISOR;166709;NOTA FISCAL ID: 9929546 VINCULADA A CARGA ID: 166709;728;119993512
26/05/2026 09:30;LUCAS.RAMOS;4 - SUPERVISOR;166709;NOTA FISCAL ID: 9927931 VINCULADA A CARGA ID: 166709;728;119993523
26/05/2026 09:30;LUCAS.RAMOS;4 - SUPERVISOR;166709;NOTA FISCAL ID: 9929283 VINCULADA A CARGA ID: 166709;728;119993526
26/05/2026 09:30;LUCAS.RAMOS;4 - SUPERVISOR;166709;NOTA FISCAL ID: 9927984 VINCULADA A CARGA ID: 166709;728;119993528
26/05/2026 09:30;LUCAS.RAMOS;4 - SUPERVISOR;166709;NOTA FISCAL ID: 9928909 VINCULADA A CARGA ID: 166709;728;119993530
26/05/2026 09:30;KAIK.DIAS;5 - OPERADOR;166693;NOTA FISCAL ID: 9928923 VINCULADA A CARGA ID: 166693;884;119993545
26/05/2026 09:30;KAIK.DIAS;5 - OPERADOR;166693;NOTA FISCAL ID: 9889576 VINCULADA A CARGA ID: 166693;884;119993548
26/05/2026 09:30;KAIK.DIAS;5 - OPERADOR;166693;NOTA FISCAL ID: 9927404 VINCULADA A CARGA ID: 166693;884;119993564
26/05/2026 09:30;CARLOS.DAGUANA;5 - OPERADOR;166715;NOTA FISCAL ID: 9930858 VINCULADA A CARGA ID: 166715;874;119993567
26/05/2026 09:30;CARLOS.DAGUANA;5 - OPERADOR;166715;NOTA FISCAL ID: 9927978 VINCULADA A CARGA ID: 166715;874;119993569
26/05/2026 09:30;KAIK.DIAS;5 - OPERADOR;166693;NOTA FISCAL ID: 9929965 VINCULADA A CARGA ID: 166693;884;119993571
26/05/2026 09:30;CARLOS.DAGUANA;5 - OPERADOR;166715;NOTA FISCAL ID: 9926907 VINCULADA A CARGA ID: 166715;874;119993576
26/05/2026 09:30;KAIK.DIAS;5 - OPERADOR;166693;NOTA FISCAL ID: 9894808 VINCULADA A CARGA ID: 166693;884;119993574
26/05/2026 09:30;KAIK.DIAS;5 - OPERADOR;166693;NOTA FISCAL ID: 9927707 VINCULADA A CARGA ID: 166693;884;119993586
26/05/2026 09:30;CARLOS.DAGUANA;5 - OPERADOR;166715;NOTA FISCAL ID: 9930760 VINCULADA A CARGA ID: 166715;874;119993598
26/05/2026 09:30;KAIK.DIAS;5 - OPERADOR;166693;NOTA FISCAL ID: 9928062 VINCULADA A CARGA ID: 166693;884;119993600
26/05/2026 09:30;CARLOS.DAGUANA;5 - OPERADOR;166715;NOTA FISCAL ID: 9930770 VINCULADA A CARGA ID: 166715;874;119993611
26/05/2026 09:30;KAIK.DIAS;5 - OPERADOR;166693;NOTA FISCAL ID: 9928708 VINCULADA A CARGA ID: 166693;884;119993613
26/05/2026 09:30;KAIK.DIAS;5 - OPERADOR;166693;NOTA FISCAL ID: 9928943 VINCULADA A CARGA ID: 166693;884;119993626
26/05/2026 09:30;KAIK.DIAS;5 - OPERADOR;166693;NOTA FISCAL ID: 9927422 VINCULADA A CARGA ID: 166693;884;119993628
26/05/2026 09:30;KAIK.DIAS;5 - OPERADOR;166693;NOTA FISCAL ID: 9930407 VINCULADA A CARGA ID: 166693;884;119993641
26/05/2026 09:30;CARLOS.DAGUANA;5 - OPERADOR;166715;NOTA FISCAL ID: 9927610 VINCULADA A CARGA ID: 166715;874;119993639
26/05/2026 09:30;KAIK.DIAS;5 - OPERADOR;166693;NOTA FISCAL ID: 9928092 VINCULADA A CARGA ID: 166693;884;119993653
26/05/2026 09:30;CARLOS.DAGUANA;5 - OPERADOR;166715;NOTA FISCAL ID: 9930174 VINCULADA A CARGA ID: 166715;874;119993651
26/05/2026 09:30;KAIK.DIAS;5 - OPERADOR;166693;NOTA FISCAL ID: 9928461 VINCULADA A CARGA ID: 166693;884;119993666
26/05/2026 09:30;CARLOS.DAGUANA;5 - OPERADOR;166715;NOTA FISCAL ID: 9929435 VINCULADA A CARGA ID: 166715;874;119993668
26/05/2026 09:30;CARLOS.DAGUANA;5 - OPERADOR;166715;NOTA FISCAL ID: 9929281 VINCULADA A CARGA ID: 166715;874;119993673
26/05/2026 09:30;KAIK.DIAS;5 - OPERADOR;166693;NOTA FISCAL ID: 9919891 VINCULADA A CARGA ID: 166693;884;119993671
26/05/2026 09:30;KAIK.DIAS;5 - OPERADOR;166693;NOTA FISCAL ID: 9928561 VINCULADA A CARGA ID: 166693;884;119993686
26/05/2026 09:30;CARLOS.DAGUANA;5 - OPERADOR;166715;NOTA FISCAL ID: 9930216 VINCULADA A CARGA ID: 166715;874;119993688
26/05/2026 09:30;KAIK.DIAS;5 - OPERADOR;166693;NOTA FISCAL ID: 9930573 VINCULADA A CARGA ID: 166693;884;119993708
26/05/2026 09:30;KAIK.DIAS;5 - OPERADOR;166693;NOTA FISCAL ID: 9928315 VINCULADA A CARGA ID: 166693;884;119993710
26/05/2026 09:30;CARLOS.DAGUANA;5 - OPERADOR;166715;NOTA FISCAL ID: 9929071 VINCULADA A CARGA ID: 166715;874;119993712
26/05/2026 09:30;KAIK.DIAS;5 - OPERADOR;166693;NOTA FISCAL ID: 9921096 VINCULADA A CARGA ID: 166693;884;119993714
26/05/2026 09:30;KAIK.DIAS;5 - OPERADOR;166693;NOTA FISCAL ID: 9927795 VINCULADA A CARGA ID: 166693;884;119993716
26/05/2026 09:30;CARLOS.DAGUANA;5 - OPERADOR;166715;NOTA FISCAL ID: 9929890 VINCULADA A CARGA ID: 166715;874;119993718
26/05/2026 09:30;KAIK.DIAS;5 - OPERADOR;166693;NOTA FISCAL ID: 9929878 VINCULADA A CARGA ID: 166693;884;119993728
26/05/2026 09:30;CARLOS.DAGUANA;5 - OPERADOR;166715;NOTA FISCAL ID: 9926775 VINCULADA A CARGA ID: 166715;874;119993730
26/05/2026 09:30;KAIK.DIAS;5 - OPERADOR;166693;NOTA FISCAL ID: 9927480 VINCULADA A CARGA ID: 166693;884;119993732
26/05/2026 09:30;CARLOS.DAGUANA;5 - OPERADOR;166715;NOTA FISCAL ID: 9926778 VINCULADA A CARGA ID: 166715;874;119993738
26/05/2026 09:30;CARLOS.DAGUANA;5 - OPERADOR;166715;NOTA FISCAL ID: 9931496 VINCULADA A CARGA ID: 166715;874;119993740
26/05/2026 09:31;CARLOS.DAGUANA;5 - OPERADOR;166715;NOTA FISCAL ID: 9928544 VINCULADA A CARGA ID: 166715;874;119993760
26/05/2026 09:31;CARLOS.DAGUANA;5 - OPERADOR;166715;NOTA FISCAL ID: 9930620 VINCULADA A CARGA ID: 166715;874;119993766
26/05/2026 09:31;CARLOS.DAGUANA;5 - OPERADOR;166715;NOTA FISCAL ID: 9930428 VINCULADA A CARGA ID: 166715;874;119993775
26/05/2026 09:31;CARLOS.DAGUANA;5 - OPERADOR;166715;NOTA FISCAL ID: 9928015 VINCULADA A CARGA ID: 166715;874;119993785
26/05/2026 09:31;CARLOS.DAGUANA;5 - OPERADOR;166715;NOTA FISCAL ID: 9929240 VINCULADA A CARGA ID: 166715;874;119993794
26/05/2026 09:31;CARLOS.DAGUANA;5 - OPERADOR;166715;NOTA FISCAL ID: 9929311 VINCULADA A CARGA ID: 166715;874;119993797
26/05/2026 09:31;CARLOS.DAGUANA;5 - OPERADOR;166715;NOTA FISCAL ID: 9930073 VINCULADA A CARGA ID: 166715;874;119993800
26/05/2026 09:31;CARLOS.DAGUANA;5 - OPERADOR;166715;NOTA FISCAL ID: 9929282 VINCULADA A CARGA ID: 166715;874;119993803
26/05/2026 09:31;CARLOS.DAGUANA;5 - OPERADOR;166715;NOTA FISCAL ID: 9928220 VINCULADA A CARGA ID: 166715;874;119993809
26/05/2026 09:31;CARLOS.DAGUANA;5 - OPERADOR;166715;NOTA FISCAL ID: 9930452 VINCULADA A CARGA ID: 166715;874;119993816
26/05/2026 09:31;CARLOS.DAGUANA;5 - OPERADOR;166715;NOTA FISCAL ID: 9930581 VINCULADA A CARGA ID: 166715;874;119993825
26/05/2026 09:31;CARLOS.DAGUANA;5 - OPERADOR;166715;NOTA FISCAL ID: 9928778 VINCULADA A CARGA ID: 166715;874;119993829
26/05/2026 09:31;CARLOS.DAGUANA;5 - OPERADOR;166715;NOTA FISCAL ID: 9927260 VINCULADA A CARGA ID: 166715;874;119993842
26/05/2026 09:31;CARLOS.DAGUANA;5 - OPERADOR;166715;NOTA FISCAL ID: 9927586 VINCULADA A CARGA ID: 166715;874;119993846
26/05/2026 09:31;CARLOS.DAGUANA;5 - OPERADOR;166715;NOTA FISCAL ID: 9928097 VINCULADA A CARGA ID: 166715;874;119993858
26/05/2026 09:32;LUCAS.RAMOS;4 - SUPERVISOR;166709;NOTA FISCAL ID: 9931001 VINCULADA A CARGA ID: 166709;728;119993909
26/05/2026 09:32;LUCAS.RAMOS;4 - SUPERVISOR;166709;NOTA FISCAL ID: 9931406 VINCULADA A CARGA ID: 166709;728;119993918
26/05/2026 09:32;LUCAS.RAMOS;4 - SUPERVISOR;166709;NOTA FISCAL ID: 9931495 VINCULADA A CARGA ID: 166709;728;119993924
26/05/2026 09:32;LUCAS.RAMOS;4 - SUPERVISOR;166709;NOTA FISCAL ID: 9931805 VINCULADA A CARGA ID: 166709;728;119993932
26/05/2026 09:32;LUCAS.RAMOS;4 - SUPERVISOR;166709;NOTA FISCAL ID: 9931812 VINCULADA A CARGA ID: 166709;728;119993939
26/05/2026 09:32;LUCAS.RAMOS;4 - SUPERVISOR;166709;NOTA FISCAL ID: 9930885 VINCULADA A CARGA ID: 166709;728;119993941
26/05/2026 09:32;KAIK.DIAS;5 - OPERADOR;166693;NOTA FISCAL ID: 9930963 VINCULADA A CARGA ID: 166693;884;119993949
26/05/2026 09:32;KAIK.DIAS;5 - OPERADOR;166693;NOTA FISCAL ID: 9931033 VINCULADA A CARGA ID: 166693;884;119993951
26/05/2026 09:32;KAIK.DIAS;5 - OPERADOR;166693;NOTA FISCAL ID: 9912050 VINCULADA A CARGA ID: 166693;884;119993958
26/05/2026 09:32;KAIK.DIAS;5 - OPERADOR;166693;NOTA FISCAL ID: 9930064 VINCULADA A CARGA ID: 166693;884;119993960
26/05/2026 09:32;KAIK.DIAS;5 - OPERADOR;166693;NOTA FISCAL ID: 9927980 VINCULADA A CARGA ID: 166693;884;119993969
26/05/2026 09:32;KAIK.DIAS;5 - OPERADOR;166693;NOTA FISCAL ID: 9931613 VINCULADA A CARGA ID: 166693;884;119993971
26/05/2026 09:32;KAIK.DIAS;5 - OPERADOR;166693;NOTA FISCAL ID: 9929072 VINCULADA A CARGA ID: 166693;884;119993973
26/05/2026 09:32;KAIK.DIAS;5 - OPERADOR;166693;NOTA FISCAL ID: 9931740 VINCULADA A CARGA ID: 166693;884;119993979
26/05/2026 09:32;KAIK.DIAS;5 - OPERADOR;166693;NOTA FISCAL ID: 9931807 VINCULADA A CARGA ID: 166693;884;119993981
26/05/2026 09:32;KAIK.DIAS;5 - OPERADOR;166693;NOTA FISCAL ID: 9927480 VINCULADA A CARGA ID: 166693;884;119993983
26/05/2026 09:33;PAULO.TELES;5 - OPERADOR;166719;NOTA FISCAL ID: 9929571 VINCULADA A CARGA ID: 166719;893;119994143
26/05/2026 09:33;PAULO.TELES;5 - OPERADOR;166719;NOTA FISCAL ID: 9930234 VINCULADA A CARGA ID: 166719;893;119994147
26/05/2026 09:33;KAIK.DIAS;5 - OPERADOR;166693;NOTA FISCAL ID: 9930472 VINCULADA A CARGA ID: 166693;884;119994149
26/05/2026 09:33;KAIK.DIAS;5 - OPERADOR;166693;NOTA FISCAL ID: 9928891 VINCULADA A CARGA ID: 166693;884;119994152
26/05/2026 09:33;PAULO.TELES;5 - OPERADOR;166719;NOTA FISCAL ID: 9930013 VINCULADA A CARGA ID: 166719;893;119994166
26/05/2026 09:33;KAIK.DIAS;5 - OPERADOR;166693;NOTA FISCAL ID: 9906306 VINCULADA A CARGA ID: 166693;884;119994164
26/05/2026 09:33;PAULO.TELES;5 - OPERADOR;166719;NOTA FISCAL ID: 9930418 VINCULADA A CARGA ID: 166719;893;119994170
26/05/2026 09:33;KAIK.DIAS;5 - OPERADOR;166693;NOTA FISCAL ID: 9928056 VINCULADA A CARGA ID: 166693;884;119994168
26/05/2026 09:33;KAIK.DIAS;5 - OPERADOR;166693;NOTA FISCAL ID: 9931170 VINCULADA A CARGA ID: 166693;884;119994189
26/05/2026 09:33;PAULO.TELES;5 - OPERADOR;166719;NOTA FISCAL ID: 9928819 VINCULADA A CARGA ID: 166719;893;119994191
26/05/2026 09:33;KAIK.DIAS;5 - OPERADOR;166693;NOTA FISCAL ID: 9931797 VINCULADA A CARGA ID: 166693;884;119994194
26/05/2026 09:33;KAIK.DIAS;5 - OPERADOR;166693;NOTA FISCAL ID: 9901025 VINCULADA A CARGA ID: 166693;884;119994202
26/05/2026 09:33;KAIK.DIAS;5 - OPERADOR;166693;NOTA FISCAL ID: 9931110 VINCULADA A CARGA ID: 166693;884;119994214
26/05/2026 09:33;KAIK.DIAS;5 - OPERADOR;166693;NOTA FISCAL ID: 9929537 VINCULADA A CARGA ID: 166693;884;119994224
26/05/2026 09:33;PAULO.TELES;5 - OPERADOR;166719;NOTA FISCAL ID: 9929628 VINCULADA A CARGA ID: 166719;893;119994231
26/05/2026 09:33;KAIK.DIAS;5 - OPERADOR;166693;NOTA FISCAL ID: 9928319 VINCULADA A CARGA ID: 166693;884;119994243
26/05/2026 09:33;PAULO.TELES;5 - OPERADOR;166719;NOTA FISCAL ID: 9930665 VINCULADA A CARGA ID: 166719;893;119994248
26/05/2026 09:33;PAULO.TELES;5 - OPERADOR;166719;NOTA FISCAL ID: 9930231 VINCULADA A CARGA ID: 166719;893;119994269
26/05/2026 09:33;PAULO.TELES;5 - OPERADOR;166719;NOTA FISCAL ID: 9928847 VINCULADA A CARGA ID: 166719;893;119994281
26/05/2026 09:33;PAULO.TELES;5 - OPERADOR;166719;NOTA FISCAL ID: 9929428 VINCULADA A CARGA ID: 166719;893;119994299
26/05/2026 09:33;PAULO.TELES;5 - OPERADOR;166719;NOTA FISCAL ID: 9928799 VINCULADA A CARGA ID: 166719;893;119994316
26/05/2026 09:33;PAULO.TELES;5 - OPERADOR;166719;NOTA FISCAL ID: 9930674 VINCULADA A CARGA ID: 166719;893;119994318
26/05/2026 09:34;PAULO.TELES;5 - OPERADOR;166719;NOTA FISCAL ID: 9929731 VINCULADA A CARGA ID: 166719;893;119994322
26/05/2026 09:34;PAULO.TELES;5 - OPERADOR;166719;NOTA FISCAL ID: 9929068 VINCULADA A CARGA ID: 166719;893;119994325
26/05/2026 09:34;PAULO.TELES;5 - OPERADOR;166719;NOTA FISCAL ID: 9928682 VINCULADA A CARGA ID: 166719;893;119994334
26/05/2026 09:34;PAULO.TELES;5 - OPERADOR;166719;NOTA FISCAL ID: 9930152 VINCULADA A CARGA ID: 166719;893;119994353
26/05/2026 09:34;PAULO.TELES;5 - OPERADOR;166719;NOTA FISCAL ID: 9929681 VINCULADA A CARGA ID: 166719;893;119994355
26/05/2026 09:34;PAULO.TELES;5 - OPERADOR;166719;NOTA FISCAL ID: 9929354 VINCULADA A CARGA ID: 166719;893;119994363
26/05/2026 09:34;PAULO.TELES;5 - OPERADOR;166719;NOTA FISCAL ID: 9929984 VINCULADA A CARGA ID: 166719;893;119994365
26/05/2026 09:34;PAULO.TELES;5 - OPERADOR;166719;NOTA FISCAL ID: 9930701 VINCULADA A CARGA ID: 166719;893;119994367
26/05/2026 09:34;LUCAS.RAMOS;4 - SUPERVISOR;166709;NOTA FISCAL ID: 9928156 VINCULADA A CARGA ID: 166709;728;119994383
26/05/2026 09:34;LUCAS.RAMOS;4 - SUPERVISOR;166709;NOTA FISCAL ID: 9927867 VINCULADA A CARGA ID: 166709;728;119994385
26/05/2026 09:34;LUCAS.RAMOS;4 - SUPERVISOR;166709;NOTA FISCAL ID: 9930819 VINCULADA A CARGA ID: 166709;728;119994391
26/05/2026 09:34;LUCAS.RAMOS;4 - SUPERVISOR;166709;NOTA FISCAL ID: 9928604 VINCULADA A CARGA ID: 166709;728;119994398
26/05/2026 09:34;LUCAS.RAMOS;4 - SUPERVISOR;166709;NOTA FISCAL ID: 9919020 VINCULADA A CARGA ID: 166709;728;119994400
26/05/2026 09:34;LUCAS.RAMOS;4 - SUPERVISOR;166709;NOTA FISCAL ID: 9930668 VINCULADA A CARGA ID: 166709;728;119994403
26/05/2026 09:34;LUCAS.RAMOS;4 - SUPERVISOR;166709;NOTA FISCAL ID: 9930043 VINCULADA A CARGA ID: 166709;728;119994408
26/05/2026 09:34;LUCAS.RAMOS;4 - SUPERVISOR;166709;NOTA FISCAL ID: 9929288 VINCULADA A CARGA ID: 166709;728;119994410
26/05/2026 09:34;LUCAS.RAMOS;4 - SUPERVISOR;166709;NOTA FISCAL ID: 9929232 VINCULADA A CARGA ID: 166709;728;119994412
26/05/2026 09:34;LUCAS.RAMOS;4 - SUPERVISOR;166709;NOTA FISCAL ID: 9929466 VINCULADA A CARGA ID: 166709;728;119994424
26/05/2026 09:34;LUCAS.RAMOS;4 - SUPERVISOR;166709;NOTA FISCAL ID: 9928578 VINCULADA A CARGA ID: 166709;728;119994426
26/05/2026 09:34;LUCAS.RAMOS;4 - SUPERVISOR;166709;NOTA FISCAL ID: 9929069 VINCULADA A CARGA ID: 166709;728;119994443
26/05/2026 09:35;LUCAS.RAMOS;4 - SUPERVISOR;166709;NOTA FISCAL ID: 9929701 VINCULADA A CARGA ID: 166709;728;119994449
26/05/2026 09:35;KAIK.DIAS;5 - OPERADOR;166693;NOTA FISCAL ID: 9928310 VINCULADA A CARGA ID: 166693;884;119994457
26/05/2026 09:35;LUCAS.RAMOS;4 - SUPERVISOR;166709;NOTA FISCAL ID: 9909932 VINCULADA A CARGA ID: 166709;728;119994459
26/05/2026 09:35;KAIK.DIAS;5 - OPERADOR;166693;NOTA FISCAL ID: 9928087 VINCULADA A CARGA ID: 166693;884;119994471
26/05/2026 09:35;LUCAS.RAMOS;4 - SUPERVISOR;166709;NOTA FISCAL ID: 9928889 VINCULADA A CARGA ID: 166709;728;119994472
26/05/2026 09:35;KAIK.DIAS;5 - OPERADOR;166693;NOTA FISCAL ID: 9930189 VINCULADA A CARGA ID: 166693;884;119994481
26/05/2026 09:35;KAIK.DIAS;5 - OPERADOR;166693;NOTA FISCAL ID: 9927396 VINCULADA A CARGA ID: 166693;884;119994493
26/05/2026 09:35;LUCAS.RAMOS;4 - SUPERVISOR;166709;NOTA FISCAL ID: 9926858 VINCULADA A CARGA ID: 166709;728;119994501
26/05/2026 09:35;KAIK.DIAS;5 - OPERADOR;166693;NOTA FISCAL ID: 9929620 VINCULADA A CARGA ID: 166693;884;119994503
26/05/2026 09:35;LUCAS.RAMOS;4 - SUPERVISOR;166709;NOTA FISCAL ID: 9931722 VINCULADA A CARGA ID: 166709;728;119994505
26/05/2026 09:35;LUCAS.RAMOS;4 - SUPERVISOR;166709;NOTA FISCAL ID: 9928545 VINCULADA A CARGA ID: 166709;728;119994518
26/05/2026 09:35;KAIK.DIAS;5 - OPERADOR;166693;NOTA FISCAL ID: 9928380 VINCULADA A CARGA ID: 166693;884;119994520
26/05/2026 09:35;KAIK.DIAS;5 - OPERADOR;166693;NOTA FISCAL ID: 9928962 VINCULADA A CARGA ID: 166693;884;119994525
26/05/2026 09:35;LUCAS.RAMOS;4 - SUPERVISOR;166709;NOTA FISCAL ID: 9931193 VINCULADA A CARGA ID: 166709;728;119994523
26/05/2026 09:35;LUCAS.RAMOS;4 - SUPERVISOR;166709;NOTA FISCAL ID: 9930568 VINCULADA A CARGA ID: 166709;728;119994530
26/05/2026 09:35;KAIK.DIAS;5 - OPERADOR;166693;NOTA FISCAL ID: 9929930 VINCULADA A CARGA ID: 166693;884;119994532
26/05/2026 09:35;LUCAS.RAMOS;4 - SUPERVISOR;166709;NOTA FISCAL ID: 9928770 VINCULADA A CARGA ID: 166709;728;119994538
26/05/2026 09:35;KAIK.DIAS;5 - OPERADOR;166693;NOTA FISCAL ID: 9911958 VINCULADA A CARGA ID: 166693;884;119994541
26/05/2026 09:35;LUCAS.RAMOS;4 - SUPERVISOR;166709;NOTA FISCAL ID: 9929973 VINCULADA A CARGA ID: 166709;728;119994543
26/05/2026 09:35;KAIK.DIAS;5 - OPERADOR;166693;NOTA FISCAL ID: 9929459 VINCULADA A CARGA ID: 166693;884;119994545
26/05/2026 09:35;LUCAS.RAMOS;4 - SUPERVISOR;166709;NOTA FISCAL ID: 9928540 VINCULADA A CARGA ID: 166709;728;119994549
26/05/2026 09:35;LUCAS.RAMOS;4 - SUPERVISOR;166709;NOTA FISCAL ID: 9929616 VINCULADA A CARGA ID: 166709;728;119994556
26/05/2026 09:35;LUCAS.RAMOS;4 - SUPERVISOR;166709;NOTA FISCAL ID: 9928418 VINCULADA A CARGA ID: 166709;728;119994559
26/05/2026 09:35;LUCAS.RAMOS;4 - SUPERVISOR;166709;NOTA FISCAL ID: 9928740 VINCULADA A CARGA ID: 166709;728;119994561
26/05/2026 09:35;LUCAS.RAMOS;4 - SUPERVISOR;166709;NOTA FISCAL ID: 9928621 VINCULADA A CARGA ID: 166709;728;119994570
26/05/2026 09:35;LUCAS.RAMOS;4 - SUPERVISOR;166709;NOTA FISCAL ID: 9929991 VINCULADA A CARGA ID: 166709;728;119994577
26/05/2026 09:35;LUCAS.RAMOS;4 - SUPERVISOR;166709;NOTA FISCAL ID: 9928320 VINCULADA A CARGA ID: 166709;728;119994579
26/05/2026 09:35;LUCAS.RAMOS;4 - SUPERVISOR;166709;NOTA FISCAL ID: 9928312 VINCULADA A CARGA ID: 166709;728;119994588
26/05/2026 09:35;LUCAS.RAMOS;4 - SUPERVISOR;166709;NOTA FISCAL ID: 9930274 VINCULADA A CARGA ID: 166709;728;119994606
26/05/2026 09:37;KAIK.DIAS;5 - OPERADOR;166693;NOTA FISCAL ID: 9928210 VINCULADA A CARGA ID: 166693;884;119994837
26/05/2026 09:37;KAIK.DIAS;5 - OPERADOR;166693;NOTA FISCAL ID: 9929026 VINCULADA A CARGA ID: 166693;884;119994839
26/05/2026 09:37;KAIK.DIAS;5 - OPERADOR;166693;NOTA FISCAL ID: 9928755 VINCULADA A CARGA ID: 166693;884;119994852
26/05/2026 09:37;KAIK.DIAS;5 - OPERADOR;166693;NOTA FISCAL ID: 9929478 VINCULADA A CARGA ID: 166693;884;119994872
26/05/2026 09:37;KAIK.DIAS;5 - OPERADOR;166693;NOTA FISCAL ID: 9927831 VINCULADA A CARGA ID: 166693;884;119994879
26/05/2026 09:37;CARLOS.DAGUANA;5 - OPERADOR;166715;NOTA FISCAL ID: 9927559 VINCULADA A CARGA ID: 166715;874;119994899
26/05/2026 09:37;KAIK.DIAS;5 - OPERADOR;166693;NOTA FISCAL ID: 9930601 VINCULADA A CARGA ID: 166693;884;119994911
26/05/2026 09:37;CARLOS.DAGUANA;5 - OPERADOR;166715;NOTA FISCAL ID: 9931059 VINCULADA A CARGA ID: 166715;874;119994914
26/05/2026 09:37;CARLOS.DAGUANA;5 - OPERADOR;166715;NOTA FISCAL ID: 9931566 VINCULADA A CARGA ID: 166715;874;119994942
26/05/2026 09:37;KAIK.DIAS;5 - OPERADOR;166693;NOTA FISCAL ID: 9930829 VINCULADA A CARGA ID: 166693;884;119994944
26/05/2026 09:37;KAIK.DIAS;5 - OPERADOR;166693;NOTA FISCAL ID: 9927468 VINCULADA A CARGA ID: 166693;884;119994946
26/05/2026 09:37;CARLOS.DAGUANA;5 - OPERADOR;166715;NOTA FISCAL ID: 9931687 VINCULADA A CARGA ID: 166715;874;119994948
26/05/2026 09:37;KAIK.DIAS;5 - OPERADOR;166693;NOTA FISCAL ID: 9927871 VINCULADA A CARGA ID: 166693;884;119994950
26/05/2026 09:37;PAULO.TELES;5 - OPERADOR;166719;NOTA FISCAL ID: 9928337 VINCULADA A CARGA ID: 166719;893;119994952
26/05/2026 09:37;PAULO.TELES;5 - OPERADOR;166719;NOTA FISCAL ID: 9929766 VINCULADA A CARGA ID: 166719;893;119994965
26/05/2026 09:37;KAIK.DIAS;5 - OPERADOR;166693;NOTA FISCAL ID: 9929887 VINCULADA A CARGA ID: 166693;884;119994967
26/05/2026 09:37;CARLOS.DAGUANA;5 - OPERADOR;166715;NOTA FISCAL ID: 9931468 VINCULADA A CARGA ID: 166715;874;119994969
26/05/2026 09:37;PAULO.TELES;5 - OPERADOR;166719;NOTA FISCAL ID: 9930283 VINCULADA A CARGA ID: 166719;893;119994976
26/05/2026 09:37;CARLOS.DAGUANA;5 - OPERADOR;166715;NOTA FISCAL ID: 9928493 VINCULADA A CARGA ID: 166715;874;119995001
26/05/2026 09:37;CARLOS.DAGUANA;5 - OPERADOR;166715;NOTA FISCAL ID: 9929506 VINCULADA A CARGA ID: 166715;874;119995010
26/05/2026 09:37;CARLOS.DAGUANA;5 - OPERADOR;166715;NOTA FISCAL ID: 9928314 VINCULADA A CARGA ID: 166715;874;119995034
26/05/2026 09:37;CARLOS.DAGUANA;5 - OPERADOR;166715;NOTA FISCAL ID: 9929445 VINCULADA A CARGA ID: 166715;874;119995043
26/05/2026 09:37;CARLOS.DAGUANA;5 - OPERADOR;166715;NOTA FISCAL ID: 9928967 VINCULADA A CARGA ID: 166715;874;119995045
26/05/2026 09:37;CARLOS.DAGUANA;5 - OPERADOR;166715;NOTA FISCAL ID: 9928456 VINCULADA A CARGA ID: 166715;874;119995053
26/05/2026 09:38;CARLOS.DAGUANA;5 - OPERADOR;166715;NOTA FISCAL ID: 9930290 VINCULADA A CARGA ID: 166715;874;119995072
26/05/2026 09:38;CARLOS.DAGUANA;5 - OPERADOR;166715;NOTA FISCAL ID: 9928347 VINCULADA A CARGA ID: 166715;874;119995080
26/05/2026 09:38;CARLOS.DAGUANA;5 - OPERADOR;166715;NOTA FISCAL ID: 9842915 VINCULADA A CARGA ID: 166715;874;119995094
26/05/2026 09:38;CARLOS.DAGUANA;5 - OPERADOR;166715;NOTA FISCAL ID: 9929700 VINCULADA A CARGA ID: 166715;874;119995111
26/05/2026 09:38;CARLOS.DAGUANA;5 - OPERADOR;166715;NOTA FISCAL ID: 9927254 VINCULADA A CARGA ID: 166715;874;119995119
26/05/2026 09:38;CARLOS.DAGUANA;5 - OPERADOR;166715;NOTA FISCAL ID: 9928388 VINCULADA A CARGA ID: 166715;874;119995131
26/05/2026 09:38;PAULO.TELES;5 - OPERADOR;166719;NOTA FISCAL ID: 9929570 VINCULADA A CARGA ID: 166719;893;119995133
26/05/2026 09:38;PAULO.TELES;5 - OPERADOR;166719;NOTA FISCAL ID: 9929567 VINCULADA A CARGA ID: 166719;893;119995135
26/05/2026 09:38;PAULO.TELES;5 - OPERADOR;166719;NOTA FISCAL ID: 9928598 VINCULADA A CARGA ID: 166719;893;119995147
26/05/2026 09:38;CARLOS.DAGUANA;5 - OPERADOR;166715;NOTA FISCAL ID: 9930404 VINCULADA A CARGA ID: 166715;874;119995150
26/05/2026 09:38;CARLOS.DAGUANA;5 - OPERADOR;166715;NOTA FISCAL ID: 9927403 VINCULADA A CARGA ID: 166715;874;119995160
26/05/2026 09:38;CARLOS.DAGUANA;5 - OPERADOR;166715;NOTA FISCAL ID: 9930506 VINCULADA A CARGA ID: 166715;874;119995179
26/05/2026 09:38;KAIK.DIAS;5 - OPERADOR;166693;NOTA FISCAL ID: 9927694 VINCULADA A CARGA ID: 166693;884;119995260
26/05/2026 09:38;KAIK.DIAS;5 - OPERADOR;166693;NOTA FISCAL ID: 9930089 VINCULADA A CARGA ID: 166693;884;119995277
26/05/2026 09:38;KAIK.DIAS;5 - OPERADOR;166693;NOTA FISCAL ID: 9893035 VINCULADA A CARGA ID: 166693;884;119995279
26/05/2026 09:39;PAULO.TELES;5 - OPERADOR;166719;NOTA FISCAL ID: 9930483 VINCULADA A CARGA ID: 166719;893;119995320
26/05/2026 09:41;LUCAS.RAMOS;4 - SUPERVISOR;166709;NOTA FISCAL ID: 9927658 VINCULADA A CARGA ID: 166709;728;119995955
26/05/2026 09:41;LUCAS.RAMOS;4 - SUPERVISOR;166709;NOTA FISCAL ID: 9930650 VINCULADA A CARGA ID: 166709;728;119995957
26/05/2026 09:41;LUCAS.RAMOS;4 - SUPERVISOR;166709;NOTA FISCAL ID: 9928543 VINCULADA A CARGA ID: 166709;728;119995964
26/05/2026 09:41;LUCAS.RAMOS;4 - SUPERVISOR;166709;NOTA FISCAL ID: 9925486 VINCULADA A CARGA ID: 166709;728;119995971
26/05/2026 09:41;LUCAS.RAMOS;4 - SUPERVISOR;166709;NOTA FISCAL ID: 9928789 VINCULADA A CARGA ID: 166709;728;119995973
26/05/2026 09:41;LUCAS.RAMOS;4 - SUPERVISOR;166709;NOTA FISCAL ID: 9896683 VINCULADA A CARGA ID: 166709;728;119995975
26/05/2026 09:41;LUCAS.RAMOS;4 - SUPERVISOR;166709;NOTA FISCAL ID: 9927522 VINCULADA A CARGA ID: 166709;728;119995987
26/05/2026 09:41;LUCAS.RAMOS;4 - SUPERVISOR;166709;NOTA FISCAL ID: 9928918 VINCULADA A CARGA ID: 166709;728;119995995
26/05/2026 09:41;LUCAS.RAMOS;4 - SUPERVISOR;166709;NOTA FISCAL ID: 9931470 VINCULADA A CARGA ID: 166709;728;119995997
26/05/2026 09:41;LUCAS.RAMOS;4 - SUPERVISOR;166709;NOTA FISCAL ID: 9921984 VINCULADA A CARGA ID: 166709;728;119995999
26/05/2026 09:41;LUCAS.RAMOS;4 - SUPERVISOR;166709;NOTA FISCAL ID: 9930686 VINCULADA A CARGA ID: 166709;728;119996006
26/05/2026 09:41;LUCAS.RAMOS;4 - SUPERVISOR;166709;NOTA FISCAL ID: 9931535 VINCULADA A CARGA ID: 166709;728;119996028
26/05/2026 09:41;LUCAS.RAMOS;4 - SUPERVISOR;166709;NOTA FISCAL ID: 9931728 VINCULADA A CARGA ID: 166709;728;119996035
26/05/2026 09:41;LUCAS.RAMOS;4 - SUPERVISOR;166709;NOTA FISCAL ID: 9928226 VINCULADA A CARGA ID: 166709;728;119996047
26/05/2026 09:41;LUCAS.RAMOS;4 - SUPERVISOR;166709;NOTA FISCAL ID: 9931296 VINCULADA A CARGA ID: 166709;728;119996054
26/05/2026 09:41;LUCAS.RAMOS;4 - SUPERVISOR;166709;NOTA FISCAL ID: 9931398 VINCULADA A CARGA ID: 166709;728;119996082
26/05/2026 09:41;LUCAS.RAMOS;4 - SUPERVISOR;166709;NOTA FISCAL ID: 9928019 VINCULADA A CARGA ID: 166709;728;119996086
26/05/2026 09:41;LUCAS.RAMOS;4 - SUPERVISOR;166709;NOTA FISCAL ID: 9927398 VINCULADA A CARGA ID: 166709;728;119996099
26/05/2026 09:42;LUCAS.RAMOS;4 - SUPERVISOR;166709;NOTA FISCAL ID: 9930183 VINCULADA A CARGA ID: 166709;728;119996101
26/05/2026 09:42;LUCAS.RAMOS;4 - SUPERVISOR;166709;NOTA FISCAL ID: 9929507 VINCULADA A CARGA ID: 166709;728;119996103
26/05/2026 09:42;LUCAS.RAMOS;4 - SUPERVISOR;166709;NOTA FISCAL ID: 9930302 VINCULADA A CARGA ID: 166709;728;119996113
26/05/2026 09:42;LUCAS.RAMOS;4 - SUPERVISOR;166709;NOTA FISCAL ID: 9931297 VINCULADA A CARGA ID: 166709;728;119996142
26/05/2026 09:42;LUCAS.RAMOS;4 - SUPERVISOR;166709;NOTA FISCAL ID: 9929663 VINCULADA A CARGA ID: 166709;728;119996148
26/05/2026 09:42;LUCAS.RAMOS;4 - SUPERVISOR;166709;NOTA FISCAL ID: 9927456 VINCULADA A CARGA ID: 166709;728;119996163
26/05/2026 09:42;LUCAS.RAMOS;4 - SUPERVISOR;166709;NOTA FISCAL ID: 9925337 VINCULADA A CARGA ID: 166709;728;119996170
26/05/2026 09:42;CARLOS.DAGUANA;5 - OPERADOR;166715;NOTA FISCAL ID: 9927831 VINCULADA A CARGA ID: 166715;874;119996648
26/05/2026 09:43;CARLOS.DAGUANA;5 - OPERADOR;166715;NOTA FISCAL ID: 9927871 VINCULADA A CARGA ID: 166715;874;119996675
26/05/2026 09:43;CARLOS.DAGUANA;5 - OPERADOR;166715;NOTA FISCAL ID: 9928755 VINCULADA A CARGA ID: 166715;874;119996678
26/05/2026 09:43;CARLOS.DAGUANA;5 - OPERADOR;166715;NOTA FISCAL ID: 9909488 VINCULADA A CARGA ID: 166715;874;119996695
26/05/2026 09:43;CARLOS.DAGUANA;5 - OPERADOR;166715;NOTA FISCAL ID: 9930099 VINCULADA A CARGA ID: 166715;874;119996711
26/05/2026 09:43;CARLOS.DAGUANA;5 - OPERADOR;166715;NOTA FISCAL ID: 9927328 VINCULADA A CARGA ID: 166715;874;119996713
26/05/2026 09:43;CARLOS.DAGUANA;5 - OPERADOR;166715;NOTA FISCAL ID: 9931322 VINCULADA A CARGA ID: 166715;874;119996730
26/05/2026 09:43;CARLOS.DAGUANA;5 - OPERADOR;166715;NOTA FISCAL ID: 9931808 VINCULADA A CARGA ID: 166715;874;119996741
26/05/2026 09:43;CARLOS.DAGUANA;5 - OPERADOR;166715;NOTA FISCAL ID: 9931825 VINCULADA A CARGA ID: 166715;874;119996748
26/05/2026 09:43;CARLOS.DAGUANA;5 - OPERADOR;166715;NOTA FISCAL ID: 9931189 VINCULADA A CARGA ID: 166715;874;119996761
26/05/2026 09:43;CARLOS.DAGUANA;5 - OPERADOR;166715;NOTA FISCAL ID: 9931299 VINCULADA A CARGA ID: 166715;874;119996778
26/05/2026 09:43;CARLOS.DAGUANA;5 - OPERADOR;166715;NOTA FISCAL ID: 9931325 VINCULADA A CARGA ID: 166715;874;119996811
26/05/2026 09:43;CARLOS.DAGUANA;5 - OPERADOR;166715;NOTA FISCAL ID: 9931009 VINCULADA A CARGA ID: 166715;874;119996822
26/05/2026 09:43;CARLOS.DAGUANA;5 - OPERADOR;166715;NOTA FISCAL ID: 9931318 VINCULADA A CARGA ID: 166715;874;119996853
26/05/2026 09:43;CARLOS.DAGUANA;5 - OPERADOR;166715;NOTA FISCAL ID: 9931319 VINCULADA A CARGA ID: 166715;874;119996921
26/05/2026 09:43;CARLOS.DAGUANA;5 - OPERADOR;166715;NOTA FISCAL ID: 9931315 VINCULADA A CARGA ID: 166715;874;119997009
26/05/2026 09:43;CARLOS.DAGUANA;5 - OPERADOR;166715;NOTA FISCAL ID: 9931800 VINCULADA A CARGA ID: 166715;874;119997055
26/05/2026 09:43;CARLOS.DAGUANA;5 - OPERADOR;166715;NOTA FISCAL ID: 9931311 VINCULADA A CARGA ID: 166715;874;119997077
26/05/2026 09:43;CARLOS.DAGUANA;5 - OPERADOR;166715;NOTA FISCAL ID: 9931483 VINCULADA A CARGA ID: 166715;874;119997085
26/05/2026 09:44;CARLOS.DAGUANA;5 - OPERADOR;166715;NOTA FISCAL ID: 9930964 VINCULADA A CARGA ID: 166715;874;119997107
26/05/2026 09:44;PAULO.TELES;5 - OPERADOR;166720;NOTA FISCAL ID: 9929977 VINCULADA A CARGA ID: 166720;893;119997135
26/05/2026 09:45;PAULO.TELES;5 - OPERADOR;166720;NOTA FISCAL ID: 9929934 VINCULADA A CARGA ID: 166720;893;119997524
26/05/2026 09:45;PAULO.TELES;5 - OPERADOR;166720;NOTA FISCAL ID: 9928494 VINCULADA A CARGA ID: 166720;893;119997526
26/05/2026 09:45;PAULO.TELES;5 - OPERADOR;166720;NOTA FISCAL ID: 9930410 VINCULADA A CARGA ID: 166720;893;119997561
26/05/2026 09:45;PAULO.TELES;5 - OPERADOR;166720;NOTA FISCAL ID: 9928492 VINCULADA A CARGA ID: 166720;893;119997573
26/05/2026 09:45;PAULO.TELES;5 - OPERADOR;166720;NOTA FISCAL ID: 9928628 VINCULADA A CARGA ID: 166720;893;119997601
26/05/2026 09:45;PAULO.TELES;5 - OPERADOR;166720;NOTA FISCAL ID: 9929708 VINCULADA A CARGA ID: 166720;893;119997613
26/05/2026 09:45;PAULO.TELES;5 - OPERADOR;166720;NOTA FISCAL ID: 9929211 VINCULADA A CARGA ID: 166720;893;119997625
26/05/2026 09:45;PAULO.TELES;5 - OPERADOR;166720;NOTA FISCAL ID: 9928916 VINCULADA A CARGA ID: 166720;893;119997637
26/05/2026 09:45;PAULO.TELES;5 - OPERADOR;166720;NOTA FISCAL ID: 9929480 VINCULADA A CARGA ID: 166720;893;119997639
26/05/2026 09:45;PAULO.TELES;5 - OPERADOR;166720;NOTA FISCAL ID: 9930129 VINCULADA A CARGA ID: 166720;893;119997659
26/05/2026 09:45;PAULO.TELES;5 - OPERADOR;166720;NOTA FISCAL ID: 9930831 VINCULADA A CARGA ID: 166720;893;119997681
26/05/2026 09:45;PAULO.TELES;5 - OPERADOR;166720;NOTA FISCAL ID: 9929625 VINCULADA A CARGA ID: 166720;893;119997693
26/05/2026 09:45;PAULO.TELES;5 - OPERADOR;166720;NOTA FISCAL ID: 9928793 VINCULADA A CARGA ID: 166720;893;119997705
26/05/2026 09:45;PAULO.TELES;5 - OPERADOR;166720;NOTA FISCAL ID: 9928691 VINCULADA A CARGA ID: 166720;893;119997717
26/05/2026 09:45;PAULO.TELES;5 - OPERADOR;166720;NOTA FISCAL ID: 9929444 VINCULADA A CARGA ID: 166720;893;119997734
26/05/2026 09:45;PAULO.TELES;5 - OPERADOR;166720;NOTA FISCAL ID: 9929036 VINCULADA A CARGA ID: 166720;893;119997736
26/05/2026 09:45;PAULO.TELES;5 - OPERADOR;166720;NOTA FISCAL ID: 9928506 VINCULADA A CARGA ID: 166720;893;119997755
26/05/2026 09:45;PAULO.TELES;5 - OPERADOR;166720;NOTA FISCAL ID: 9930457 VINCULADA A CARGA ID: 166720;893;119997757
26/05/2026 09:45;PAULO.TELES;5 - OPERADOR;166720;NOTA FISCAL ID: 9929210 VINCULADA A CARGA ID: 166720;893;119997770
26/05/2026 09:46;LUCAS.RAMOS;4 - SUPERVISOR;166709;NOTA FISCAL ID: 9930610 VINCULADA A CARGA ID: 166709;728;119997799
26/05/2026 09:46;LUCAS.RAMOS;4 - SUPERVISOR;166709;NOTA FISCAL ID: 9931593 VINCULADA A CARGA ID: 166709;728;119997808
26/05/2026 09:46;LUCAS.RAMOS;4 - SUPERVISOR;166709;NOTA FISCAL ID: 9896350 VINCULADA A CARGA ID: 166709;728;119997820
26/05/2026 09:46;LUCAS.RAMOS;4 - SUPERVISOR;166709;NOTA FISCAL ID: 9930546 VINCULADA A CARGA ID: 166709;728;119997828
26/05/2026 09:46;LUCAS.RAMOS;4 - SUPERVISOR;166709;NOTA FISCAL ID: 9927728 VINCULADA A CARGA ID: 166709;728;119997846
26/05/2026 09:46;LUCAS.RAMOS;4 - SUPERVISOR;166709;NOTA FISCAL ID: 9929978 VINCULADA A CARGA ID: 166709;728;119997848
26/05/2026 09:46;LUCAS.RAMOS;4 - SUPERVISOR;166709;NOTA FISCAL ID: 9930341 VINCULADA A CARGA ID: 166709;728;119997851
26/05/2026 09:46;LUCAS.RAMOS;4 - SUPERVISOR;166709;NOTA FISCAL ID: 9926751 VINCULADA A CARGA ID: 166709;728;119997853
26/05/2026 09:46;LUCAS.RAMOS;4 - SUPERVISOR;166709;NOTA FISCAL ID: 9929999 VINCULADA A CARGA ID: 166709;728;119997855
26/05/2026 09:46;LUCAS.RAMOS;4 - SUPERVISOR;166709;NOTA FISCAL ID: 9900860 VINCULADA A CARGA ID: 166709;728;119997867
26/05/2026 09:46;LUCAS.RAMOS;4 - SUPERVISOR;166709;NOTA FISCAL ID: 9929785 VINCULADA A CARGA ID: 166709;728;119997874
26/05/2026 09:46;LUCAS.RAMOS;4 - SUPERVISOR;166709;NOTA FISCAL ID: 9904579 VINCULADA A CARGA ID: 166709;728;119997886
26/05/2026 09:46;LUCAS.RAMOS;4 - SUPERVISOR;166709;NOTA FISCAL ID: 9900932 VINCULADA A CARGA ID: 166709;728;119997898
26/05/2026 09:46;LUCAS.RAMOS;4 - SUPERVISOR;166709;NOTA FISCAL ID: 9927597 VINCULADA A CARGA ID: 166709;728;119997916
26/05/2026 09:46;LUCAS.RAMOS;4 - SUPERVISOR;166709;NOTA FISCAL ID: 9928749 VINCULADA A CARGA ID: 166709;728;119997937
26/05/2026 09:46;LUCAS.RAMOS;4 - SUPERVISOR;166709;NOTA FISCAL ID: 9929880 VINCULADA A CARGA ID: 166709;728;119997959
26/05/2026 09:46;LUCAS.RAMOS;4 - SUPERVISOR;166709;NOTA FISCAL ID: 9930809 VINCULADA A CARGA ID: 166709;728;119997977
26/05/2026 09:46;LUCAS.RAMOS;4 - SUPERVISOR;166709;NOTA FISCAL ID: 9929666 VINCULADA A CARGA ID: 166709;728;119997981
26/05/2026 09:46;LUCAS.RAMOS;4 - SUPERVISOR;166709;NOTA FISCAL ID: 9927878 VINCULADA A CARGA ID: 166709;728;119997987
26/05/2026 09:46;LUCAS.RAMOS;4 - SUPERVISOR;166709;NOTA FISCAL ID: 9929067 VINCULADA A CARGA ID: 166709;728;119997990
26/05/2026 09:48;CARLOS.DAGUANA;5 - OPERADOR;166715;NOTA FISCAL ID: 9930014 VINCULADA A CARGA ID: 166715;874;119998312
26/05/2026 09:48;CARLOS.DAGUANA;5 - OPERADOR;166715;NOTA FISCAL ID: 9929171 VINCULADA A CARGA ID: 166715;874;119998322
26/05/2026 09:48;CARLOS.DAGUANA;5 - OPERADOR;166715;NOTA FISCAL ID: 9930069 VINCULADA A CARGA ID: 166715;874;119998324
26/05/2026 09:48;CARLOS.DAGUANA;5 - OPERADOR;166715;NOTA FISCAL ID: 9900801 VINCULADA A CARGA ID: 166715;874;119998342
26/05/2026 09:48;CARLOS.DAGUANA;5 - OPERADOR;166715;NOTA FISCAL ID: 9929531 VINCULADA A CARGA ID: 166715;874;119998344
26/05/2026 09:48;CARLOS.DAGUANA;5 - OPERADOR;166715;NOTA FISCAL ID: 9927565 VINCULADA A CARGA ID: 166715;874;119998360
26/05/2026 09:48;CARLOS.DAGUANA;5 - OPERADOR;166715;NOTA FISCAL ID: 9911466 VINCULADA A CARGA ID: 166715;874;119998362
26/05/2026 09:48;CARLOS.DAGUANA;5 - OPERADOR;166715;NOTA FISCAL ID: 9929079 VINCULADA A CARGA ID: 166715;874;119998368
26/05/2026 09:48;CARLOS.DAGUANA;5 - OPERADOR;166715;NOTA FISCAL ID: 9928997 VINCULADA A CARGA ID: 166715;874;119998370
26/05/2026 09:48;CARLOS.DAGUANA;5 - OPERADOR;166715;NOTA FISCAL ID: 9884979 VINCULADA A CARGA ID: 166715;874;119998374
26/05/2026 09:48;CARLOS.DAGUANA;5 - OPERADOR;166715;NOTA FISCAL ID: 9929498 VINCULADA A CARGA ID: 166715;874;119998378
26/05/2026 09:48;CARLOS.DAGUANA;5 - OPERADOR;166715;NOTA FISCAL ID: 9928074 VINCULADA A CARGA ID: 166715;874;119998392
26/05/2026 09:48;CARLOS.DAGUANA;5 - OPERADOR;166715;NOTA FISCAL ID: 9900879 VINCULADA A CARGA ID: 166715;874;119998404
26/05/2026 09:48;CARLOS.DAGUANA;5 - OPERADOR;166715;NOTA FISCAL ID: 9931295 VINCULADA A CARGA ID: 166715;874;119998406
26/05/2026 09:48;CARLOS.DAGUANA;5 - OPERADOR;166715;NOTA FISCAL ID: 9929529 VINCULADA A CARGA ID: 166715;874;119998408
26/05/2026 09:48;CARLOS.DAGUANA;5 - OPERADOR;166715;NOTA FISCAL ID: 9927475 VINCULADA A CARGA ID: 166715;874;119998415
26/05/2026 09:48;CARLOS.DAGUANA;5 - OPERADOR;166715;NOTA FISCAL ID: 9930919 VINCULADA A CARGA ID: 166715;874;119998419
26/05/2026 09:48;CARLOS.DAGUANA;5 - OPERADOR;166715;NOTA FISCAL ID: 9930593 VINCULADA A CARGA ID: 166715;874;119998425
26/05/2026 09:48;PAULO.TELES;5 - OPERADOR;166720;NOTA FISCAL ID: 9929949 VINCULADA A CARGA ID: 166720;893;119998427
26/05/2026 09:48;PAULO.TELES;5 - OPERADOR;166720;NOTA FISCAL ID: 9929669 VINCULADA A CARGA ID: 166720;893;119998429
26/05/2026 09:48;CARLOS.DAGUANA;5 - OPERADOR;166715;NOTA FISCAL ID: 9928207 VINCULADA A CARGA ID: 166715;874;119998441
26/05/2026 09:48;PAULO.TELES;5 - OPERADOR;166720;NOTA FISCAL ID: 9929083 VINCULADA A CARGA ID: 166720;893;119998443
26/05/2026 09:49;CARLOS.DAGUANA;5 - OPERADOR;166715;NOTA FISCAL ID: 9931795 VINCULADA A CARGA ID: 166715;874;119998450
26/05/2026 09:49;PAULO.TELES;5 - OPERADOR;166720;NOTA FISCAL ID: 9930287 VINCULADA A CARGA ID: 166720;893;119998514
26/05/2026 09:49;PAULO.TELES;5 - OPERADOR;166720;NOTA FISCAL ID: 9929790 VINCULADA A CARGA ID: 166720;893;119998519
26/05/2026 09:52;CARLOS.DAGUANA;5 - OPERADOR;166715;NOTA FISCAL ID: 9920330 VINCULADA A CARGA ID: 166715;874;119999207
26/05/2026 09:52;CARLOS.DAGUANA;5 - OPERADOR;166715;NOTA FISCAL ID: 9928735 VINCULADA A CARGA ID: 166715;874;119999209
26/05/2026 09:52;CARLOS.DAGUANA;5 - OPERADOR;166715;NOTA FISCAL ID: 9927752 VINCULADA A CARGA ID: 166715;874;119999211
26/05/2026 09:52;CARLOS.DAGUANA;5 - OPERADOR;166715;NOTA FISCAL ID: 9928584 VINCULADA A CARGA ID: 166715;874;119999213
26/05/2026 09:52;CARLOS.DAGUANA;5 - OPERADOR;166715;NOTA FISCAL ID: 9928371 VINCULADA A CARGA ID: 166715;874;119999223
26/05/2026 09:52;CARLOS.DAGUANA;5 - OPERADOR;166715;NOTA FISCAL ID: 9929401 VINCULADA A CARGA ID: 166715;874;119999227
26/05/2026 09:52;CARLOS.DAGUANA;5 - OPERADOR;166715;NOTA FISCAL ID: 9902850 VINCULADA A CARGA ID: 166715;874;119999230
26/05/2026 09:52;CARLOS.DAGUANA;5 - OPERADOR;166715;NOTA FISCAL ID: 9927430 VINCULADA A CARGA ID: 166715;874;119999237
26/05/2026 09:52;CARLOS.DAGUANA;5 - OPERADOR;166715;NOTA FISCAL ID: 9928715 VINCULADA A CARGA ID: 166715;874;119999254
26/05/2026 09:52;CARLOS.DAGUANA;5 - OPERADOR;166715;NOTA FISCAL ID: 9928622 VINCULADA A CARGA ID: 166715;874;119999259
26/05/2026 09:52;CARLOS.DAGUANA;5 - OPERADOR;166715;NOTA FISCAL ID: 9930594 VINCULADA A CARGA ID: 166715;874;119999269
26/05/2026 09:52;CARLOS.DAGUANA;5 - OPERADOR;166715;NOTA FISCAL ID: 9929261 VINCULADA A CARGA ID: 166715;874;119999276
26/05/2026 09:52;CARLOS.DAGUANA;5 - OPERADOR;166715;NOTA FISCAL ID: 9929399 VINCULADA A CARGA ID: 166715;874;119999278
26/05/2026 09:52;CARLOS.DAGUANA;5 - OPERADOR;166715;NOTA FISCAL ID: 9928161 VINCULADA A CARGA ID: 166715;874;119999284
26/05/2026 09:52;CARLOS.DAGUANA;5 - OPERADOR;166715;NOTA FISCAL ID: 9930728 VINCULADA A CARGA ID: 166715;874;119999295
26/05/2026 09:52;CARLOS.DAGUANA;5 - OPERADOR;166715;NOTA FISCAL ID: 9930259 VINCULADA A CARGA ID: 166715;874;119999302
26/05/2026 09:52;CARLOS.DAGUANA;5 - OPERADOR;166715;NOTA FISCAL ID: 9927407 VINCULADA A CARGA ID: 166715;874;119999311
26/05/2026 09:52;CARLOS.DAGUANA;5 - OPERADOR;166715;NOTA FISCAL ID: 9928698 VINCULADA A CARGA ID: 166715;874;119999318
26/05/2026 09:52;CARLOS.DAGUANA;5 - OPERADOR;166715;NOTA FISCAL ID: 9929528 VINCULADA A CARGA ID: 166715;874;119999329
26/05/2026 09:52;CARLOS.DAGUANA;5 - OPERADOR;166715;NOTA FISCAL ID: 9929662 VINCULADA A CARGA ID: 166715;874;119999338
26/05/2026 09:52;CARLOS.DAGUANA;5 - OPERADOR;166715;NOTA FISCAL ID: 9927134 VINCULADA A CARGA ID: 166715;874;119999340
26/05/2026 09:52;KAIK.DIAS;5 - OPERADOR;166721;NOTA FISCAL ID: 9930696 VINCULADA A CARGA ID: 166721;884;119999343
26/05/2026 09:52;CARLOS.DAGUANA;5 - OPERADOR;166715;NOTA FISCAL ID: 9927388 VINCULADA A CARGA ID: 166715;874;119999348
26/05/2026 09:52;KAIK.DIAS;5 - OPERADOR;166721;NOTA FISCAL ID: 9928825 VINCULADA A CARGA ID: 166721;884;119999350
26/05/2026 09:52;CARLOS.DAGUANA;5 - OPERADOR;166715;NOTA FISCAL ID: 9929153 VINCULADA A CARGA ID: 166715;874;119999355
26/05/2026 09:52;KAIK.DIAS;5 - OPERADOR;166721;NOTA FISCAL ID: 9930432 VINCULADA A CARGA ID: 166721;884;119999352
26/05/2026 09:52;KAIK.DIAS;5 - OPERADOR;166721;NOTA FISCAL ID: 9928410 VINCULADA A CARGA ID: 166721;884;119999358
26/05/2026 09:52;CARLOS.DAGUANA;5 - OPERADOR;166715;NOTA FISCAL ID: 9928668 VINCULADA A CARGA ID: 166715;874;119999361
26/05/2026 09:52;CARLOS.DAGUANA;5 - OPERADOR;166715;NOTA FISCAL ID: 9905831 VINCULADA A CARGA ID: 166715;874;119999366
26/05/2026 09:53;CARLOS.DAGUANA;5 - OPERADOR;166715;NOTA FISCAL ID: 9927993 VINCULADA A CARGA ID: 166715;874;119999368
26/05/2026 09:53;KAIK.DIAS;5 - OPERADOR;166721;NOTA FISCAL ID: 9928653 VINCULADA A CARGA ID: 166721;884;119999370
26/05/2026 09:53;CARLOS.DAGUANA;5 - OPERADOR;166715;NOTA FISCAL ID: 9917953 VINCULADA A CARGA ID: 166715;874;119999372
26/05/2026 09:53;KAIK.DIAS;5 - OPERADOR;166721;NOTA FISCAL ID: 9930806 VINCULADA A CARGA ID: 166721;884;119999377
26/05/2026 09:53;CARLOS.DAGUANA;5 - OPERADOR;166715;NOTA FISCAL ID: 9927400 VINCULADA A CARGA ID: 166715;874;119999375
26/05/2026 09:53;CARLOS.DAGUANA;5 - OPERADOR;166715;NOTA FISCAL ID: 9931618 VINCULADA A CARGA ID: 166715;874;119999381
26/05/2026 09:53;KAIK.DIAS;5 - OPERADOR;166721;NOTA FISCAL ID: 9929102 VINCULADA A CARGA ID: 166721;884;119999379
26/05/2026 09:53;KAIK.DIAS;5 - OPERADOR;166721;NOTA FISCAL ID: 9928345 VINCULADA A CARGA ID: 166721;884;119999383
26/05/2026 09:53;KAIK.DIAS;5 - OPERADOR;166721;NOTA FISCAL ID: 9930236 VINCULADA A CARGA ID: 166721;884;119999385
26/05/2026 09:53;KAIK.DIAS;5 - OPERADOR;166721;NOTA FISCAL ID: 9928400 VINCULADA A CARGA ID: 166721;884;119999398
26/05/2026 09:53;CARLOS.DAGUANA;5 - OPERADOR;166715;NOTA FISCAL ID: 9927603 VINCULADA A CARGA ID: 166715;874;119999395
26/05/2026 09:53;KAIK.DIAS;5 - OPERADOR;166721;NOTA FISCAL ID: 9928702 VINCULADA A CARGA ID: 166721;884;119999400
26/05/2026 09:53;KAIK.DIAS;5 - OPERADOR;166721;NOTA FISCAL ID: 9930713 VINCULADA A CARGA ID: 166721;884;119999410
26/05/2026 09:53;KAIK.DIAS;5 - OPERADOR;166721;NOTA FISCAL ID: 9928951 VINCULADA A CARGA ID: 166721;884;119999433
26/05/2026 09:53;KAIK.DIAS;5 - OPERADOR;166721;NOTA FISCAL ID: 9930213 VINCULADA A CARGA ID: 166721;884;119999473
26/05/2026 09:53;KAIK.DIAS;5 - OPERADOR;166721;NOTA FISCAL ID: 9930514 VINCULADA A CARGA ID: 166721;884;119999485
26/05/2026 09:53;KAIK.DIAS;5 - OPERADOR;166721;NOTA FISCAL ID: 9930552 VINCULADA A CARGA ID: 166721;884;119999507
26/05/2026 09:53;KAIK.DIAS;5 - OPERADOR;166721;NOTA FISCAL ID: 9928421 VINCULADA A CARGA ID: 166721;884;119999519
26/05/2026 09:53;KAIK.DIAS;5 - OPERADOR;166721;NOTA FISCAL ID: 9930675 VINCULADA A CARGA ID: 166721;884;119999530
26/05/2026 09:53;KAIK.DIAS;5 - OPERADOR;166721;NOTA FISCAL ID: 9928776 VINCULADA A CARGA ID: 166721;884;119999532
26/05/2026 09:53;KAIK.DIAS;5 - OPERADOR;166721;NOTA FISCAL ID: 9928753 VINCULADA A CARGA ID: 166721;884;119999534
26/05/2026 09:54;PAULO.TELES;5 - OPERADOR;166722;NOTA FISCAL ID: 9928548 VINCULADA A CARGA ID: 166722;893;119999638
26/05/2026 09:54;PAULO.TELES;5 - OPERADOR;166722;NOTA FISCAL ID: 9929038 VINCULADA A CARGA ID: 166722;893;119999651
26/05/2026 09:54;PAULO.TELES;5 - OPERADOR;166722;NOTA FISCAL ID: 9929648 VINCULADA A CARGA ID: 166722;893;119999661
26/05/2026 09:54;PAULO.TELES;5 - OPERADOR;166722;NOTA FISCAL ID: 9929889 VINCULADA A CARGA ID: 166722;893;119999663
26/05/2026 09:54;PAULO.TELES;5 - OPERADOR;166722;NOTA FISCAL ID: 9930612 VINCULADA A CARGA ID: 166722;893;119999665
26/05/2026 09:54;PAULO.TELES;5 - OPERADOR;166722;NOTA FISCAL ID: 9929957 VINCULADA A CARGA ID: 166722;893;119999685
26/05/2026 09:54;PAULO.TELES;5 - OPERADOR;166722;NOTA FISCAL ID: 9930012 VINCULADA A CARGA ID: 166722;893;119999701
26/05/2026 09:54;PAULO.TELES;5 - OPERADOR;166722;NOTA FISCAL ID: 9930292 VINCULADA A CARGA ID: 166722;893;119999721
26/05/2026 09:54;PAULO.TELES;5 - OPERADOR;166722;NOTA FISCAL ID: 9928349 VINCULADA A CARGA ID: 166722;893;119999724
26/05/2026 09:54;PAULO.TELES;5 - OPERADOR;166722;NOTA FISCAL ID: 9930063 VINCULADA A CARGA ID: 166722;893;119999726
26/05/2026 09:54;PAULO.TELES;5 - OPERADOR;166722;NOTA FISCAL ID: 9928509 VINCULADA A CARGA ID: 166722;893;119999733
26/05/2026 09:55;PAULO.TELES;5 - OPERADOR;166722;NOTA FISCAL ID: 9930725 VINCULADA A CARGA ID: 166722;893;119999747
26/05/2026 09:55;PAULO.TELES;5 - OPERADOR;166722;NOTA FISCAL ID: 9929645 VINCULADA A CARGA ID: 166722;893;119999759
26/05/2026 09:55;PAULO.TELES;5 - OPERADOR;166722;NOTA FISCAL ID: 9930160 VINCULADA A CARGA ID: 166722;893;119999761
26/05/2026 09:55;PAULO.TELES;5 - OPERADOR;166722;NOTA FISCAL ID: 9930356 VINCULADA A CARGA ID: 166722;893;119999763
26/05/2026 09:55;PAULO.TELES;5 - OPERADOR;166722;NOTA FISCAL ID: 9930079 VINCULADA A CARGA ID: 166722;893;119999779
26/05/2026 09:55;PAULO.TELES;5 - OPERADOR;166722;NOTA FISCAL ID: 9930539 VINCULADA A CARGA ID: 166722;893;119999782
26/05/2026 09:55;PAULO.TELES;5 - OPERADOR;166722;NOTA FISCAL ID: 9930499 VINCULADA A CARGA ID: 166722;893;119999790
26/05/2026 09:55;PAULO.TELES;5 - OPERADOR;166722;NOTA FISCAL ID: 9930254 VINCULADA A CARGA ID: 166722;893;119999792
26/05/2026 09:55;PAULO.TELES;5 - OPERADOR;166722;NOTA FISCAL ID: 9929385 VINCULADA A CARGA ID: 166722;893;119999794
26/05/2026 09:56;CARLOS.DAGUANA;5 - OPERADOR;166715;NOTA FISCAL ID: 9928777 VINCULADA A CARGA ID: 166715;874;119999915
26/05/2026 09:56;CARLOS.DAGUANA;5 - OPERADOR;166715;NOTA FISCAL ID: 9928950 VINCULADA A CARGA ID: 166715;874;119999920
26/05/2026 09:56;CARLOS.DAGUANA;5 - OPERADOR;166715;NOTA FISCAL ID: 9927667 VINCULADA A CARGA ID: 166715;874;119999923
26/05/2026 09:56;CARLOS.DAGUANA;5 - OPERADOR;166715;NOTA FISCAL ID: 9929533 VINCULADA A CARGA ID: 166715;874;119999942
26/05/2026 09:56;CARLOS.DAGUANA;5 - OPERADOR;166715;NOTA FISCAL ID: 9928858 VINCULADA A CARGA ID: 166715;874;119999958
26/05/2026 09:56;CARLOS.DAGUANA;5 - OPERADOR;166715;NOTA FISCAL ID: 9928895 VINCULADA A CARGA ID: 166715;874;119999960
26/05/2026 09:56;CARLOS.DAGUANA;5 - OPERADOR;166715;NOTA FISCAL ID: 9930842 VINCULADA A CARGA ID: 166715;874;119999964
26/05/2026 09:56;CARLOS.DAGUANA;5 - OPERADOR;166715;NOTA FISCAL ID: 9927438 VINCULADA A CARGA ID: 166715;874;119999971
26/05/2026 09:56;CARLOS.DAGUANA;5 - OPERADOR;166715;NOTA FISCAL ID: 9929561 VINCULADA A CARGA ID: 166715;874;119999974
26/05/2026 09:56;CARLOS.DAGUANA;5 - OPERADOR;166715;NOTA FISCAL ID: 9928518 VINCULADA A CARGA ID: 166715;874;119999977
26/05/2026 09:56;CARLOS.DAGUANA;5 - OPERADOR;166715;NOTA FISCAL ID: 9928612 VINCULADA A CARGA ID: 166715;874;119999980
26/05/2026 09:56;CARLOS.DAGUANA;5 - OPERADOR;166715;NOTA FISCAL ID: 9929755 VINCULADA A CARGA ID: 166715;874;119999982
26/05/2026 09:56;CARLOS.DAGUANA;5 - OPERADOR;166715;NOTA FISCAL ID: 9930761 VINCULADA A CARGA ID: 166715;874;119999984
26/05/2026 09:56;CARLOS.DAGUANA;5 - OPERADOR;166715;NOTA FISCAL ID: 9930227 VINCULADA A CARGA ID: 166715;874;119999986
26/05/2026 09:56;CARLOS.DAGUANA;5 - OPERADOR;166715;NOTA FISCAL ID: 9928690 VINCULADA A CARGA ID: 166715;874;119999989
26/05/2026 09:56;KAIK.DIAS;5 - OPERADOR;166721;NOTA FISCAL ID: 9929236 VINCULADA A CARGA ID: 166721;884;119999991
26/05/2026 09:56;CARLOS.DAGUANA;5 - OPERADOR;166715;NOTA FISCAL ID: 9930314 VINCULADA A CARGA ID: 166715;874;119999998
26/05/2026 09:56;CARLOS.DAGUANA;5 - OPERADOR;166715;NOTA FISCAL ID: 9930585 VINCULADA A CARGA ID: 166715;874;120000009
26/05/2026 09:56;KAIK.DIAS;5 - OPERADOR;166721;NOTA FISCAL ID: 9928726 VINCULADA A CARGA ID: 166721;884;120000011
26/05/2026 09:56;CARLOS.DAGUANA;5 - OPERADOR;166715;NOTA FISCAL ID: 9929630 VINCULADA A CARGA ID: 166715;874;120000029
26/05/2026 09:56;KAIK.DIAS;5 - OPERADOR;166721;NOTA FISCAL ID: 9930294 VINCULADA A CARGA ID: 166721;884;120000031
26/05/2026 09:56;KAIK.DIAS;5 - OPERADOR;166721;NOTA FISCAL ID: 9929688 VINCULADA A CARGA ID: 166721;884;120000041
26/05/2026 09:56;CARLOS.DAGUANA;5 - OPERADOR;166715;NOTA FISCAL ID: 9927519 VINCULADA A CARGA ID: 166715;874;120000044
26/05/2026 09:56;KAIK.DIAS;5 - OPERADOR;166721;NOTA FISCAL ID: 9930059 VINCULADA A CARGA ID: 166721;884;120000046
26/05/2026 09:57;CARLOS.DAGUANA;5 - OPERADOR;166715;NOTA FISCAL ID: 9929118 VINCULADA A CARGA ID: 166715;874;120000053
26/05/2026 09:57;KAIK.DIAS;5 - OPERADOR;166721;NOTA FISCAL ID: 9929193 VINCULADA A CARGA ID: 166721;884;120000055
26/05/2026 09:57;CARLOS.DAGUANA;5 - OPERADOR;166715;NOTA FISCAL ID: 9909309 VINCULADA A CARGA ID: 166715;874;120000057
26/05/2026 09:57;KAIK.DIAS;5 - OPERADOR;166721;NOTA FISCAL ID: 9930250 VINCULADA A CARGA ID: 166721;884;120000059
26/05/2026 09:57;CARLOS.DAGUANA;5 - OPERADOR;166715;NOTA FISCAL ID: 9930049 VINCULADA A CARGA ID: 166715;874;120000061
26/05/2026 09:57;KAIK.DIAS;5 - OPERADOR;166721;NOTA FISCAL ID: 9929285 VINCULADA A CARGA ID: 166721;884;120000064
26/05/2026 09:57;CARLOS.DAGUANA;5 - OPERADOR;166715;NOTA FISCAL ID: 9927879 VINCULADA A CARGA ID: 166715;874;120000066
26/05/2026 09:57;KAIK.DIAS;5 - OPERADOR;166721;NOTA FISCAL ID: 9928915 VINCULADA A CARGA ID: 166721;884;120000070
26/05/2026 09:57;CARLOS.DAGUANA;5 - OPERADOR;166715;NOTA FISCAL ID: 9930569 VINCULADA A CARGA ID: 166715;874;120000068
26/05/2026 09:57;CARLOS.DAGUANA;5 - OPERADOR;166715;NOTA FISCAL ID: 9930518 VINCULADA A CARGA ID: 166715;874;120000103
26/05/2026 09:57;KAIK.DIAS;5 - OPERADOR;166721;NOTA FISCAL ID: 9930812 VINCULADA A CARGA ID: 166721;884;120000115
26/05/2026 09:57;CARLOS.DAGUANA;5 - OPERADOR;166715;NOTA FISCAL ID: 9929488 VINCULADA A CARGA ID: 166715;874;120000124
26/05/2026 09:57;KAIK.DIAS;5 - OPERADOR;166721;NOTA FISCAL ID: 9929646 VINCULADA A CARGA ID: 166721;884;120000122
26/05/2026 09:57;KAIK.DIAS;5 - OPERADOR;166721;NOTA FISCAL ID: 9928615 VINCULADA A CARGA ID: 166721;884;120000127
26/05/2026 09:57;KAIK.DIAS;5 - OPERADOR;166721;NOTA FISCAL ID: 9929306 VINCULADA A CARGA ID: 166721;884;120000133
26/05/2026 09:57;KAIK.DIAS;5 - OPERADOR;166721;NOTA FISCAL ID: 9928750 VINCULADA A CARGA ID: 166721;884;120000137
26/05/2026 09:57;CARLOS.DAGUANA;5 - OPERADOR;166715;NOTA FISCAL ID: 9928599 VINCULADA A CARGA ID: 166715;874;120000135
26/05/2026 09:57;CARLOS.DAGUANA;5 - OPERADOR;166715;NOTA FISCAL ID: 9928807 VINCULADA A CARGA ID: 166715;874;120000148
26/05/2026 09:57;KAIK.DIAS;5 - OPERADOR;166721;NOTA FISCAL ID: 9928723 VINCULADA A CARGA ID: 166721;884;120000150
26/05/2026 09:57;KAIK.DIAS;5 - OPERADOR;166721;NOTA FISCAL ID: 9930866 VINCULADA A CARGA ID: 166721;884;120000152
26/05/2026 09:57;CARLOS.DAGUANA;5 - OPERADOR;166715;NOTA FISCAL ID: 9881836 VINCULADA A CARGA ID: 166715;874;120000154
26/05/2026 09:57;KAIK.DIAS;5 - OPERADOR;166721;NOTA FISCAL ID: 9929292 VINCULADA A CARGA ID: 166721;884;120000158
26/05/2026 09:57;CARLOS.DAGUANA;5 - OPERADOR;166715;NOTA FISCAL ID: 9906397 VINCULADA A CARGA ID: 166715;874;120000168
26/05/2026 09:57;KAIK.DIAS;5 - OPERADOR;166721;NOTA FISCAL ID: 9929726 VINCULADA A CARGA ID: 166721;884;120000181
26/05/2026 09:57;KAIK.DIAS;5 - OPERADOR;166721;NOTA FISCAL ID: 9930166 VINCULADA A CARGA ID: 166721;884;120000194
26/05/2026 09:57;KAIK.DIAS;5 - OPERADOR;166721;NOTA FISCAL ID: 9929055 VINCULADA A CARGA ID: 166721;884;120000205
26/05/2026 09:59;PAULO.TELES;5 - OPERADOR;166722;NOTA FISCAL ID: 9928747 VINCULADA A CARGA ID: 166722;893;120000856
26/05/2026 09:59;PAULO.TELES;5 - OPERADOR;166722;NOTA FISCAL ID: 9929180 VINCULADA A CARGA ID: 166722;893;120000881
26/05/2026 09:59;PAULO.TELES;5 - OPERADOR;166722;NOTA FISCAL ID: 9930810 VINCULADA A CARGA ID: 166722;893;120000896
26/05/2026 09:59;PAULO.TELES;5 - OPERADOR;166722;NOTA FISCAL ID: 9929672 VINCULADA A CARGA ID: 166722;893;120000915
26/05/2026 09:59;PAULO.TELES;5 - OPERADOR;166722;NOTA FISCAL ID: 9928830 VINCULADA A CARGA ID: 166722;893;120000923
26/05/2026 09:59;PAULO.TELES;5 - OPERADOR;166722;NOTA FISCAL ID: 9928809 VINCULADA A CARGA ID: 166722;893;120000939
26/05/2026 09:59;PAULO.TELES;5 - OPERADOR;166722;NOTA FISCAL ID: 9928822 VINCULADA A CARGA ID: 166722;893;120000946
26/05/2026 09:59;PAULO.TELES;5 - OPERADOR;166722;NOTA FISCAL ID: 9930756 VINCULADA A CARGA ID: 166722;893;120000971
26/05/2026 09:59;PAULO.TELES;5 - OPERADOR;166722;NOTA FISCAL ID: 9930092 VINCULADA A CARGA ID: 166722;893;120000973
26/05/2026 09:59;PAULO.TELES;5 - OPERADOR;166722;NOTA FISCAL ID: 9928729 VINCULADA A CARGA ID: 166722;893;120000975
26/05/2026 10:00;PAULO.TELES;5 - OPERADOR;166722;NOTA FISCAL ID: 9930783 VINCULADA A CARGA ID: 166722;893;120000998
26/05/2026 10:00;PAULO.TELES;5 - OPERADOR;166722;NOTA FISCAL ID: 9930575 VINCULADA A CARGA ID: 166722;893;120001013
26/05/2026 10:00;PAULO.TELES;5 - OPERADOR;166722;NOTA FISCAL ID: 9930127 VINCULADA A CARGA ID: 166722;893;120001028
26/05/2026 10:00;PAULO.TELES;5 - OPERADOR;166722;NOTA FISCAL ID: 9930000 VINCULADA A CARGA ID: 166722;893;120001041
26/05/2026 10:00;PAULO.TELES;5 - OPERADOR;166722;NOTA FISCAL ID: 9929874 VINCULADA A CARGA ID: 166722;893;120001043
26/05/2026 10:00;PAULO.TELES;5 - OPERADOR;166722;NOTA FISCAL ID: 9930496 VINCULADA A CARGA ID: 166722;893;120001051
26/05/2026 10:00;PAULO.TELES;5 - OPERADOR;166722;NOTA FISCAL ID: 9928414 VINCULADA A CARGA ID: 166722;893;120001075
26/05/2026 10:00;PAULO.TELES;5 - OPERADOR;166722;NOTA FISCAL ID: 9928413 VINCULADA A CARGA ID: 166722;893;120001088
26/05/2026 10:00;PAULO.TELES;5 - OPERADOR;166722;NOTA FISCAL ID: 9929679 VINCULADA A CARGA ID: 166722;893;120001102
26/05/2026 10:00;PAULO.TELES;5 - OPERADOR;166722;NOTA FISCAL ID: 9928639 VINCULADA A CARGA ID: 166722;893;120001113
26/05/2026 10:00;PAULO.TELES;5 - OPERADOR;166722;NOTA FISCAL ID: 9930116 VINCULADA A CARGA ID: 166722;893;120001119
26/05/2026 10:00;PAULO.TELES;5 - OPERADOR;166722;NOTA FISCAL ID: 9929284 VINCULADA A CARGA ID: 166722;893;120001132
26/05/2026 10:00;PAULO.TELES;5 - OPERADOR;166722;NOTA FISCAL ID: 9930712 VINCULADA A CARGA ID: 166722;893;120001146
26/05/2026 10:00;PAULO.TELES;5 - OPERADOR;166722;NOTA FISCAL ID: 9930425 VINCULADA A CARGA ID: 166722;893;120001164
26/05/2026 10:00;PAULO.TELES;5 - OPERADOR;166722;NOTA FISCAL ID: 9930093 VINCULADA A CARGA ID: 166722;893;120001171
26/05/2026 10:00;CARLOS.DAGUANA;5 - OPERADOR;166715;NOTA FISCAL ID: 9927664 VINCULADA A CARGA ID: 166715;874;120001174
26/05/2026 10:00;CARLOS.DAGUANA;5 - OPERADOR;166715;NOTA FISCAL ID: 9930643 VINCULADA A CARGA ID: 166715;874;120001181
26/05/2026 10:00;CARLOS.DAGUANA;5 - OPERADOR;166715;NOTA FISCAL ID: 9906429 VINCULADA A CARGA ID: 166715;874;120001189
26/05/2026 10:00;CARLOS.DAGUANA;5 - OPERADOR;166715;NOTA FISCAL ID: 9928249 VINCULADA A CARGA ID: 166715;874;120001202
26/05/2026 10:00;CARLOS.DAGUANA;5 - OPERADOR;166715;NOTA FISCAL ID: 9930504 VINCULADA A CARGA ID: 166715;874;120001223
26/05/2026 10:00;CARLOS.DAGUANA;5 - OPERADOR;166715;NOTA FISCAL ID: 9929539 VINCULADA A CARGA ID: 166715;874;120001237
26/05/2026 10:00;CARLOS.DAGUANA;5 - OPERADOR;166715;NOTA FISCAL ID: 9928177 VINCULADA A CARGA ID: 166715;874;120001251
26/05/2026 10:00;CARLOS.DAGUANA;5 - OPERADOR;166715;NOTA FISCAL ID: 9930670 VINCULADA A CARGA ID: 166715;874;120001254
26/05/2026 10:01;CARLOS.DAGUANA;5 - OPERADOR;166715;NOTA FISCAL ID: 9929095 VINCULADA A CARGA ID: 166715;874;120001257
26/05/2026 10:01;CARLOS.DAGUANA;5 - OPERADOR;166715;NOTA FISCAL ID: 9930403 VINCULADA A CARGA ID: 166715;874;120001269
26/05/2026 10:01;CARLOS.DAGUANA;5 - OPERADOR;166715;NOTA FISCAL ID: 9930200 VINCULADA A CARGA ID: 166715;874;120001276
26/05/2026 10:01;CARLOS.DAGUANA;5 - OPERADOR;166715;NOTA FISCAL ID: 9928588 VINCULADA A CARGA ID: 166715;874;120001287
26/05/2026 10:01;CARLOS.DAGUANA;5 - OPERADOR;166715;NOTA FISCAL ID: 9902684 VINCULADA A CARGA ID: 166715;874;120001311
26/05/2026 10:01;CARLOS.DAGUANA;5 - OPERADOR;166715;NOTA FISCAL ID: 9929998 VINCULADA A CARGA ID: 166715;874;120001323
26/05/2026 10:01;CARLOS.DAGUANA;5 - OPERADOR;166715;NOTA FISCAL ID: 9921500 VINCULADA A CARGA ID: 166715;874;120001351
26/05/2026 10:01;CARLOS.DAGUANA;5 - OPERADOR;166715;NOTA FISCAL ID: 9930230 VINCULADA A CARGA ID: 166715;874;120001353
26/05/2026 10:01;CARLOS.DAGUANA;5 - OPERADOR;166715;NOTA FISCAL ID: 9929010 VINCULADA A CARGA ID: 166715;874;120001362
26/05/2026 10:01;CARLOS.DAGUANA;5 - OPERADOR;166715;NOTA FISCAL ID: 9928566 VINCULADA A CARGA ID: 166715;874;120001375
26/05/2026 10:01;CARLOS.DAGUANA;5 - OPERADOR;166715;NOTA FISCAL ID: 9931094 VINCULADA A CARGA ID: 166715;874;120001387
26/05/2026 10:01;CARLOS.DAGUANA;5 - OPERADOR;166715;NOTA FISCAL ID: 9896053 VINCULADA A CARGA ID: 166715;874;120001403
26/05/2026 10:01;CARLOS.DAGUANA;5 - OPERADOR;166715;NOTA FISCAL ID: 9929313 VINCULADA A CARGA ID: 166715;874;120001409
26/05/2026 10:01;CARLOS.DAGUANA;5 - OPERADOR;166715;NOTA FISCAL ID: 9929819 VINCULADA A CARGA ID: 166715;874;120001425
26/05/2026 10:01;CARLOS.DAGUANA;5 - OPERADOR;166715;NOTA FISCAL ID: 9909762 VINCULADA A CARGA ID: 166715;874;120001433
26/05/2026 10:01;CARLOS.DAGUANA;5 - OPERADOR;166715;NOTA FISCAL ID: 9930132 VINCULADA A CARGA ID: 166715;874;120001445
26/05/2026 10:01;PAULO.TELES;5 - OPERADOR;166722;NOTA FISCAL ID: 9929923 VINCULADA A CARGA ID: 166722;893;120001459
26/05/2026 10:01;CARLOS.DAGUANA;5 - OPERADOR;166715;NOTA FISCAL ID: 9931304 VINCULADA A CARGA ID: 166715;874;120001474
26/05/2026 10:01;CARLOS.DAGUANA;5 - OPERADOR;166715;NOTA FISCAL ID: 9930405 VINCULADA A CARGA ID: 166715;874;120001483
26/05/2026 10:01;PAULO.TELES;5 - OPERADOR;166722;NOTA FISCAL ID: 9929168 VINCULADA A CARGA ID: 166722;893;120001496
26/05/2026 10:01;CARLOS.DAGUANA;5 - OPERADOR;166715;NOTA FISCAL ID: 9931036 VINCULADA A CARGA ID: 166715;874;120001508
26/05/2026 10:01;CARLOS.DAGUANA;5 - OPERADOR;166715;NOTA FISCAL ID: 9927551 VINCULADA A CARGA ID: 166715;874;120001516
26/05/2026 10:01;PAULO.TELES;5 - OPERADOR;166722;NOTA FISCAL ID: 9928905 VINCULADA A CARGA ID: 166722;893;120001522
26/05/2026 10:01;CARLOS.DAGUANA;5 - OPERADOR;166715;NOTA FISCAL ID: 9913688 VINCULADA A CARGA ID: 166715;874;120001536
26/05/2026 10:01;PAULO.TELES;5 - OPERADOR;166722;NOTA FISCAL ID: 9928614 VINCULADA A CARGA ID: 166722;893;120001539
26/05/2026 10:01;CARLOS.DAGUANA;5 - OPERADOR;166715;NOTA FISCAL ID: 9910809 VINCULADA A CARGA ID: 166715;874;120001541
26/05/2026 10:01;PAULO.TELES;5 - OPERADOR;166722;NOTA FISCAL ID: 9929370 VINCULADA A CARGA ID: 166722;893;120001547
26/05/2026 10:04;PAULO.TELES;5 - OPERADOR;166722;NOTA FISCAL ID: 9929684 VINCULADA A CARGA ID: 166722;893;120001835
26/05/2026 10:04;PAULO.TELES;5 - OPERADOR;166722;NOTA FISCAL ID: 9928878 VINCULADA A CARGA ID: 166722;893;120001848
26/05/2026 10:05;CARLOS.DAGUANA;5 - OPERADOR;166715;NOTA FISCAL ID: 9929536 VINCULADA A CARGA ID: 166715;874;120002057
26/05/2026 10:05;CARLOS.DAGUANA;5 - OPERADOR;166715;NOTA FISCAL ID: 9929297 VINCULADA A CARGA ID: 166715;874;120002072
26/05/2026 10:05;CARLOS.DAGUANA;5 - OPERADOR;166715;NOTA FISCAL ID: 9927550 VINCULADA A CARGA ID: 166715;874;120002074
26/05/2026 10:05;CARLOS.DAGUANA;5 - OPERADOR;166715;NOTA FISCAL ID: 9884149 VINCULADA A CARGA ID: 166715;874;120002076
26/05/2026 10:05;CARLOS.DAGUANA;5 - OPERADOR;166715;NOTA FISCAL ID: 9927295 VINCULADA A CARGA ID: 166715;874;120002078
26/05/2026 10:05;CARLOS.DAGUANA;5 - OPERADOR;166715;NOTA FISCAL ID: 9930180 VINCULADA A CARGA ID: 166715;874;120002081
26/05/2026 10:05;CARLOS.DAGUANA;5 - OPERADOR;166715;NOTA FISCAL ID: 9929770 VINCULADA A CARGA ID: 166715;874;120002094
26/05/2026 10:05;CARLOS.DAGUANA;5 - OPERADOR;166715;NOTA FISCAL ID: 9907535 VINCULADA A CARGA ID: 166715;874;120002096
26/05/2026 10:05;CARLOS.DAGUANA;5 - OPERADOR;166715;NOTA FISCAL ID: 9928054 VINCULADA A CARGA ID: 166715;874;120002109
26/05/2026 10:05;CARLOS.DAGUANA;5 - OPERADOR;166715;NOTA FISCAL ID: 9927700 VINCULADA A CARGA ID: 166715;874;120002111
26/05/2026 10:05;CARLOS.DAGUANA;5 - OPERADOR;166715;NOTA FISCAL ID: 9929938 VINCULADA A CARGA ID: 166715;874;120002125
26/05/2026 10:05;CARLOS.DAGUANA;5 - OPERADOR;166715;NOTA FISCAL ID: 9927701 VINCULADA A CARGA ID: 166715;874;120002139
26/05/2026 10:05;CARLOS.DAGUANA;5 - OPERADOR;166715;NOTA FISCAL ID: 9925005 VINCULADA A CARGA ID: 166715;874;120002151
26/05/2026 10:05;CARLOS.DAGUANA;5 - OPERADOR;166715;NOTA FISCAL ID: 9930097 VINCULADA A CARGA ID: 166715;874;120002175
26/05/2026 10:05;CARLOS.DAGUANA;5 - OPERADOR;166715;NOTA FISCAL ID: 9931657 VINCULADA A CARGA ID: 166715;874;120002177
26/05/2026 10:05;CARLOS.DAGUANA;5 - OPERADOR;166715;NOTA FISCAL ID: 9927581 VINCULADA A CARGA ID: 166715;874;120002203
26/05/2026 10:05;CARLOS.DAGUANA;5 - OPERADOR;166715;NOTA FISCAL ID: 9927900 VINCULADA A CARGA ID: 166715;874;120002205
26/05/2026 10:05;CARLOS.DAGUANA;5 - OPERADOR;166715;NOTA FISCAL ID: 9922811 VINCULADA A CARGA ID: 166715;874;120002208
26/05/2026 10:05;CARLOS.DAGUANA;5 - OPERADOR;166715;NOTA FISCAL ID: 9928246 VINCULADA A CARGA ID: 166715;874;120002210
26/05/2026 10:05;CARLOS.DAGUANA;5 - OPERADOR;166715;NOTA FISCAL ID: 9928792 VINCULADA A CARGA ID: 166715;874;120002235
26/05/2026 10:05;CARLOS.DAGUANA;5 - OPERADOR;166715;NOTA FISCAL ID: 9930825 VINCULADA A CARGA ID: 166715;874;120002247
26/05/2026 10:05;CARLOS.DAGUANA;5 - OPERADOR;166715;NOTA FISCAL ID: 9928245 VINCULADA A CARGA ID: 166715;874;120002265
26/05/2026 10:05;CARLOS.DAGUANA;5 - OPERADOR;166715;NOTA FISCAL ID: 9916928 VINCULADA A CARGA ID: 166715;874;120002269
26/05/2026 10:05;CARLOS.DAGUANA;5 - OPERADOR;166715;NOTA FISCAL ID: 9928619 VINCULADA A CARGA ID: 166715;874;120002283
26/05/2026 10:05;CARLOS.DAGUANA;5 - OPERADOR;166715;NOTA FISCAL ID: 9928696 VINCULADA A CARGA ID: 166715;874;120002313
26/05/2026 10:06;CARLOS.DAGUANA;5 - OPERADOR;166715;NOTA FISCAL ID: 9930834 VINCULADA A CARGA ID: 166715;874;120002326
26/05/2026 10:06;CARLOS.DAGUANA;5 - OPERADOR;166715;NOTA FISCAL ID: 9929635 VINCULADA A CARGA ID: 166715;874;120002333
26/05/2026 10:06;CARLOS.DAGUANA;5 - OPERADOR;166715;NOTA FISCAL ID: 9911960 VINCULADA A CARGA ID: 166715;874;120002347
26/05/2026 10:06;CARLOS.DAGUANA;5 - OPERADOR;166715;NOTA FISCAL ID: 9929691 VINCULADA A CARGA ID: 166715;874;120002350
26/05/2026 10:06;CARLOS.DAGUANA;5 - OPERADOR;166715;NOTA FISCAL ID: 9929941 VINCULADA A CARGA ID: 166715;874;120002358
26/05/2026 10:06;JOSE.JUNIOR;5 - OPERADOR;166723;NOTA FISCAL ID: 9928759 VINCULADA A CARGA ID: 166723;827;120002504
26/05/2026 10:06;KAIK.DIAS;5 - OPERADOR;166724;NOTA FISCAL ID: 9928575 VINCULADA A CARGA ID: 166724;884;120002507
26/05/2026 10:06;JOSE.JUNIOR;5 - OPERADOR;166723;NOTA FISCAL ID: 9929269 VINCULADA A CARGA ID: 166723;827;120002509
26/05/2026 10:06;KAIK.DIAS;5 - OPERADOR;166724;NOTA FISCAL ID: 9929888 VINCULADA A CARGA ID: 166724;884;120002511
26/05/2026 10:06;KAIK.DIAS;5 - OPERADOR;166724;NOTA FISCAL ID: 9930690 VINCULADA A CARGA ID: 166724;884;120002515
26/05/2026 10:06;JOSE.JUNIOR;5 - OPERADOR;166723;NOTA FISCAL ID: 9929910 VINCULADA A CARGA ID: 166723;827;120002513
26/05/2026 10:06;KAIK.DIAS;5 - OPERADOR;166724;NOTA FISCAL ID: 9929490 VINCULADA A CARGA ID: 166724;884;120002528
26/05/2026 10:06;JOSE.JUNIOR;5 - OPERADOR;166723;NOTA FISCAL ID: 9929549 VINCULADA A CARGA ID: 166723;827;120002531
26/05/2026 10:06;JOSE.JUNIOR;5 - OPERADOR;166723;NOTA FISCAL ID: 9928656 VINCULADA A CARGA ID: 166723;827;120002570
26/05/2026 10:06;KAIK.DIAS;5 - OPERADOR;166724;NOTA FISCAL ID: 9930513 VINCULADA A CARGA ID: 166724;884;120002567
26/05/2026 10:06;JOSE.JUNIOR;5 - OPERADOR;166723;NOTA FISCAL ID: 9929958 VINCULADA A CARGA ID: 166723;827;120002614
26/05/2026 10:06;KAIK.DIAS;5 - OPERADOR;166724;NOTA FISCAL ID: 9930118 VINCULADA A CARGA ID: 166724;884;120002626
26/05/2026 10:06;JOSE.JUNIOR;5 - OPERADOR;166723;NOTA FISCAL ID: 9928528 VINCULADA A CARGA ID: 166723;827;120002638
26/05/2026 10:06;KAIK.DIAS;5 - OPERADOR;166724;NOTA FISCAL ID: 9928481 VINCULADA A CARGA ID: 166724;884;120002640
26/05/2026 10:06;JOSE.JUNIOR;5 - OPERADOR;166723;NOTA FISCAL ID: 9929916 VINCULADA A CARGA ID: 166723;827;120002648
26/05/2026 10:06;KAIK.DIAS;5 - OPERADOR;166724;NOTA FISCAL ID: 9929667 VINCULADA A CARGA ID: 166724;884;120002650
26/05/2026 10:06;KAIK.DIAS;5 - OPERADOR;166724;NOTA FISCAL ID: 9930689 VINCULADA A CARGA ID: 166724;884;120002652
26/05/2026 10:06;JOSE.JUNIOR;5 - OPERADOR;166723;NOTA FISCAL ID: 9929719 VINCULADA A CARGA ID: 166723;827;120002654
26/05/2026 10:06;KAIK.DIAS;5 - OPERADOR;166724;NOTA FISCAL ID: 9930801 VINCULADA A CARGA ID: 166724;884;120002656
26/05/2026 10:07;KAIK.DIAS;5 - OPERADOR;166724;NOTA FISCAL ID: 9928512 VINCULADA A CARGA ID: 166724;884;120002668
26/05/2026 10:07;JOSE.JUNIOR;5 - OPERADOR;166723;NOTA FISCAL ID: 9930243 VINCULADA A CARGA ID: 166723;827;120002684
26/05/2026 10:07;KAIK.DIAS;5 - OPERADOR;166724;NOTA FISCAL ID: 9929702 VINCULADA A CARGA ID: 166724;884;120002682
26/05/2026 10:07;KAIK.DIAS;5 - OPERADOR;166724;NOTA FISCAL ID: 9929952 VINCULADA A CARGA ID: 166724;884;120002692
26/05/2026 10:07;KAIK.DIAS;5 - OPERADOR;166724;NOTA FISCAL ID: 9929024 VINCULADA A CARGA ID: 166724;884;120002711
26/05/2026 10:07;KAIK.DIAS;5 - OPERADOR;166724;NOTA FISCAL ID: 9929028 VINCULADA A CARGA ID: 166724;884;120002745
26/05/2026 10:07;KAIK.DIAS;5 - OPERADOR;166724;NOTA FISCAL ID: 9928984 VINCULADA A CARGA ID: 166724;884;120002757
26/05/2026 10:07;KAIK.DIAS;5 - OPERADOR;166724;NOTA FISCAL ID: 9929415 VINCULADA A CARGA ID: 166724;884;120002781
26/05/2026 10:07;KAIK.DIAS;5 - OPERADOR;166724;NOTA FISCAL ID: 9928687 VINCULADA A CARGA ID: 166724;884;120002803
26/05/2026 10:07;KAIK.DIAS;5 - OPERADOR;166724;NOTA FISCAL ID: 9930197 VINCULADA A CARGA ID: 166724;884;120002827
26/05/2026 10:07;KAIK.DIAS;5 - OPERADOR;166724;NOTA FISCAL ID: 9929558 VINCULADA A CARGA ID: 166724;884;120002851
26/05/2026 10:08;JOSE.JUNIOR;5 - OPERADOR;166723;NOTA FISCAL ID: 9928873 VINCULADA A CARGA ID: 166723;827;120003053
26/05/2026 10:08;JOSE.JUNIOR;5 - OPERADOR;166723;NOTA FISCAL ID: 9929378 VINCULADA A CARGA ID: 166723;827;120003082
26/05/2026 10:08;JOSE.JUNIOR;5 - OPERADOR;166723;NOTA FISCAL ID: 9929109 VINCULADA A CARGA ID: 166723;827;120003097
26/05/2026 10:08;JOSE.JUNIOR;5 - OPERADOR;166723;NOTA FISCAL ID: 9929173 VINCULADA A CARGA ID: 166723;827;120003103
26/05/2026 10:08;JOSE.JUNIOR;5 - OPERADOR;166723;NOTA FISCAL ID: 9928395 VINCULADA A CARGA ID: 166723;827;120003123
26/05/2026 10:08;JOSE.JUNIOR;5 - OPERADOR;166723;NOTA FISCAL ID: 9928362 VINCULADA A CARGA ID: 166723;827;120003131
26/05/2026 10:08;JOSE.JUNIOR;5 - OPERADOR;166723;NOTA FISCAL ID: 9929392 VINCULADA A CARGA ID: 166723;827;120003133
26/05/2026 10:08;JOSE.JUNIOR;5 - OPERADOR;166723;NOTA FISCAL ID: 9928880 VINCULADA A CARGA ID: 166723;827;120003150
26/05/2026 10:08;JOSE.JUNIOR;5 - OPERADOR;166723;NOTA FISCAL ID: 9930879 VINCULADA A CARGA ID: 166723;827;120003165
26/05/2026 10:08;JOSE.JUNIOR;5 - OPERADOR;166723;NOTA FISCAL ID: 9928883 VINCULADA A CARGA ID: 166723;827;120003185
26/05/2026 10:08;CARLOS.DAGUANA;5 - OPERADOR;166715;NOTA FISCAL ID: 9928309 VINCULADA A CARGA ID: 166715;874;120003233
26/05/2026 10:08;JOSE.JUNIOR;5 - OPERADOR;166723;NOTA FISCAL ID: 9929516 VINCULADA A CARGA ID: 166723;827;120003251
26/05/2026 10:08;CARLOS.DAGUANA;5 - OPERADOR;166715;NOTA FISCAL ID: 9930982 VINCULADA A CARGA ID: 166715;874;120003253
26/05/2026 10:08;CARLOS.DAGUANA;5 - OPERADOR;166715;NOTA FISCAL ID: 9931307 VINCULADA A CARGA ID: 166715;874;120003260
26/05/2026 10:08;CARLOS.DAGUANA;5 - OPERADOR;166715;NOTA FISCAL ID: 9931314 VINCULADA A CARGA ID: 166715;874;120003262
26/05/2026 10:08;CARLOS.DAGUANA;5 - OPERADOR;166715;NOTA FISCAL ID: 9931564 VINCULADA A CARGA ID: 166715;874;120003266
26/05/2026 10:09;CARLOS.DAGUANA;5 - OPERADOR;166715;NOTA FISCAL ID: 9928650 VINCULADA A CARGA ID: 166715;874;120003276
26/05/2026 10:09;CARLOS.DAGUANA;5 - OPERADOR;166715;NOTA FISCAL ID: 9931394 VINCULADA A CARGA ID: 166715;874;120003299
26/05/2026 10:09;LUCAS.RAMOS;4 - SUPERVISOR;166725;NOTA FISCAL ID: 9929250 VINCULADA A CARGA ID: 166725;728;120003294
26/05/2026 10:09;CARLOS.DAGUANA;5 - OPERADOR;166715;NOTA FISCAL ID: 9931005 VINCULADA A CARGA ID: 166715;874;120003303
26/05/2026 10:09;CARLOS.DAGUANA;5 - OPERADOR;166715;NOTA FISCAL ID: 9931167 VINCULADA A CARGA ID: 166715;874;120003337
26/05/2026 10:09;CARLOS.DAGUANA;5 - OPERADOR;166715;NOTA FISCAL ID: 9931841 VINCULADA A CARGA ID: 166715;874;120003354
26/05/2026 10:09;JOAO.CONTRI;5 - OPERADOR;166726;NOTA FISCAL ID: 9929918 VINCULADA A CARGA ID: 166726;875;120003481
26/05/2026 10:09;JOAO.CONTRI;5 - OPERADOR;166726;NOTA FISCAL ID: 9930163 VINCULADA A CARGA ID: 166726;875;120003487
26/05/2026 10:09;JOAO.CONTRI;5 - OPERADOR;166726;NOTA FISCAL ID: 9930023 VINCULADA A CARGA ID: 166726;875;120003494
26/05/2026 10:09;JOAO.CONTRI;5 - OPERADOR;166726;NOTA FISCAL ID: 9928877 VINCULADA A CARGA ID: 166726;875;120003496
26/05/2026 10:09;JOAO.CONTRI;5 - OPERADOR;166726;NOTA FISCAL ID: 9930335 VINCULADA A CARGA ID: 166726;875;120003515
26/05/2026 10:09;JOAO.CONTRI;5 - OPERADOR;166726;NOTA FISCAL ID: 9928346 VINCULADA A CARGA ID: 166726;875;120003522
26/05/2026 10:09;JOAO.CONTRI;5 - OPERADOR;166726;NOTA FISCAL ID: 9929750 VINCULADA A CARGA ID: 166726;875;120003535
26/05/2026 10:10;JOAO.CONTRI;5 - OPERADOR;166726;NOTA FISCAL ID: 9929737 VINCULADA A CARGA ID: 166726;875;120003594
26/05/2026 10:10;JOAO.CONTRI;5 - OPERADOR;166726;NOTA FISCAL ID: 9930398 VINCULADA A CARGA ID: 166726;875;120003629
26/05/2026 10:10;JOAO.CONTRI;5 - OPERADOR;166726;NOTA FISCAL ID: 9929128 VINCULADA A CARGA ID: 166726;875;120003652
26/05/2026 10:10;JOAO.CONTRI;5 - OPERADOR;166726;NOTA FISCAL ID: 9928700 VINCULADA A CARGA ID: 166726;875;120003739
26/05/2026 10:10;JOAO.CONTRI;5 - OPERADOR;166726;NOTA FISCAL ID: 9930551 VINCULADA A CARGA ID: 166726;875;120003757
26/05/2026 10:10;JOAO.CONTRI;5 - OPERADOR;166726;NOTA FISCAL ID: 9929975 VINCULADA A CARGA ID: 166726;875;120003759
26/05/2026 10:10;JOAO.CONTRI;5 - OPERADOR;166726;NOTA FISCAL ID: 9930176 VINCULADA A CARGA ID: 166726;875;120003786
26/05/2026 10:10;JOAO.CONTRI;5 - OPERADOR;166726;NOTA FISCAL ID: 9929011 VINCULADA A CARGA ID: 166726;875;120003793
26/05/2026 10:10;JOAO.CONTRI;5 - OPERADOR;166726;NOTA FISCAL ID: 9929972 VINCULADA A CARGA ID: 166726;875;120003818
26/05/2026 10:10;JOAO.CONTRI;5 - OPERADOR;166726;NOTA FISCAL ID: 9928609 VINCULADA A CARGA ID: 166726;875;120003832
26/05/2026 10:10;JOAO.CONTRI;5 - OPERADOR;166726;NOTA FISCAL ID: 9930672 VINCULADA A CARGA ID: 166726;875;120003851
26/05/2026 10:10;LUCAS.RAMOS;4 - SUPERVISOR;166725;NOTA FISCAL ID: 9929900 VINCULADA A CARGA ID: 166725;728;120003854
26/05/2026 10:11;LUCAS.RAMOS;4 - SUPERVISOR;166725;NOTA FISCAL ID: 9928882 VINCULADA A CARGA ID: 166725;728;120003880
26/05/2026 10:11;JOAO.CONTRI;5 - OPERADOR;166726;NOTA FISCAL ID: 9929201 VINCULADA A CARGA ID: 166726;875;120003911
26/05/2026 10:11;LUCAS.RAMOS;4 - SUPERVISOR;166725;NOTA FISCAL ID: 9930512 VINCULADA A CARGA ID: 166725;728;120003913
26/05/2026 10:11;JOAO.CONTRI;5 - OPERADOR;166726;NOTA FISCAL ID: 9928832 VINCULADA A CARGA ID: 166726;875;120003936
26/05/2026 10:11;LUCAS.RAMOS;4 - SUPERVISOR;166725;NOTA FISCAL ID: 9929123 VINCULADA A CARGA ID: 166725;728;120003938
26/05/2026 10:11;LUCAS.RAMOS;4 - SUPERVISOR;166725;NOTA FISCAL ID: 9928705 VINCULADA A CARGA ID: 166725;728;120003950
26/05/2026 10:11;LUCAS.RAMOS;4 - SUPERVISOR;166725;NOTA FISCAL ID: 9929873 VINCULADA A CARGA ID: 166725;728;120003953
26/05/2026 10:11;LUCAS.RAMOS;4 - SUPERVISOR;166725;NOTA FISCAL ID: 9930185 VINCULADA A CARGA ID: 166725;728;120003971
26/05/2026 10:11;LUCAS.RAMOS;4 - SUPERVISOR;166725;NOTA FISCAL ID: 9929086 VINCULADA A CARGA ID: 166725;728;120003993
26/05/2026 10:11;LUCAS.RAMOS;4 - SUPERVISOR;166725;NOTA FISCAL ID: 9929127 VINCULADA A CARGA ID: 166725;728;120003999
26/05/2026 10:11;KAIK.DIAS;5 - OPERADOR;166724;NOTA FISCAL ID: 9928440 VINCULADA A CARGA ID: 166724;884;120004002
26/05/2026 10:11;KAIK.DIAS;5 - OPERADOR;166724;NOTA FISCAL ID: 9929713 VINCULADA A CARGA ID: 166724;884;120004004
26/05/2026 10:11;KAIK.DIAS;5 - OPERADOR;166724;NOTA FISCAL ID: 9928780 VINCULADA A CARGA ID: 166724;884;120004027
26/05/2026 10:11;LUCAS.RAMOS;4 - SUPERVISOR;166725;NOTA FISCAL ID: 9928497 VINCULADA A CARGA ID: 166725;728;120004025
26/05/2026 10:11;KAIK.DIAS;5 - OPERADOR;166724;NOTA FISCAL ID: 9930134 VINCULADA A CARGA ID: 166724;884;120004047
26/05/2026 10:11;KAIK.DIAS;5 - OPERADOR;166724;NOTA FISCAL ID: 9929343 VINCULADA A CARGA ID: 166724;884;120004059
26/05/2026 10:11;KAIK.DIAS;5 - OPERADOR;166724;NOTA FISCAL ID: 9930171 VINCULADA A CARGA ID: 166724;884;120004065
26/05/2026 10:11;KAIK.DIAS;5 - OPERADOR;166724;NOTA FISCAL ID: 9928478 VINCULADA A CARGA ID: 166724;884;120004083
26/05/2026 10:11;KAIK.DIAS;5 - OPERADOR;166724;NOTA FISCAL ID: 9930266 VINCULADA A CARGA ID: 166724;884;120004099
26/05/2026 10:11;KAIK.DIAS;5 - OPERADOR;166724;NOTA FISCAL ID: 9930187 VINCULADA A CARGA ID: 166724;884;120004101
26/05/2026 10:11;KAIK.DIAS;5 - OPERADOR;166724;NOTA FISCAL ID: 9928471 VINCULADA A CARGA ID: 166724;884;120004103
26/05/2026 10:11;KAIK.DIAS;5 - OPERADOR;166724;NOTA FISCAL ID: 9929196 VINCULADA A CARGA ID: 166724;884;120004106
26/05/2026 10:11;KAIK.DIAS;5 - OPERADOR;166724;NOTA FISCAL ID: 9930779 VINCULADA A CARGA ID: 166724;884;120004116
26/05/2026 10:12;KAIK.DIAS;5 - OPERADOR;166724;NOTA FISCAL ID: 9928572 VINCULADA A CARGA ID: 166724;884;120004124
26/05/2026 10:12;KAIK.DIAS;5 - OPERADOR;166724;NOTA FISCAL ID: 9930558 VINCULADA A CARGA ID: 166724;884;120004127
26/05/2026 10:12;KAIK.DIAS;5 - OPERADOR;166724;NOTA FISCAL ID: 9930784 VINCULADA A CARGA ID: 166724;884;120004158
26/05/2026 10:12;CARLOS.DAGUANA;5 - OPERADOR;166715;NOTA FISCAL ID: 9931476 VINCULADA A CARGA ID: 166715;874;120004170
26/05/2026 10:12;CARLOS.DAGUANA;5 - OPERADOR;166715;NOTA FISCAL ID: 9931840 VINCULADA A CARGA ID: 166715;874;120004184
26/05/2026 10:12;KAIK.DIAS;5 - OPERADOR;166724;NOTA FISCAL ID: 9929499 VINCULADA A CARGA ID: 166724;884;120004186
26/05/2026 10:12;CARLOS.DAGUANA;5 - OPERADOR;166715;NOTA FISCAL ID: 9931784 VINCULADA A CARGA ID: 166715;874;120004193
26/05/2026 10:12;KAIK.DIAS;5 - OPERADOR;166724;NOTA FISCAL ID: 9930860 VINCULADA A CARGA ID: 166724;884;120004214
26/05/2026 10:12;CARLOS.DAGUANA;5 - OPERADOR;166715;NOTA FISCAL ID: 9931084 VINCULADA A CARGA ID: 166715;874;120004216
26/05/2026 10:12;CARLOS.DAGUANA;5 - OPERADOR;166715;NOTA FISCAL ID: 9931444 VINCULADA A CARGA ID: 166715;874;120004232
26/05/2026 10:12;CARLOS.DAGUANA;5 - OPERADOR;166715;NOTA FISCAL ID: 9929279 VINCULADA A CARGA ID: 166715;874;120004234
26/05/2026 10:12;CARLOS.DAGUANA;5 - OPERADOR;166715;NOTA FISCAL ID: 9930041 VINCULADA A CARGA ID: 166715;874;120004237
26/05/2026 10:12;KAIK.DIAS;5 - OPERADOR;166724;NOTA FISCAL ID: 9930533 VINCULADA A CARGA ID: 166724;884;120004240
26/05/2026 10:12;CARLOS.DAGUANA;5 - OPERADOR;166715;NOTA FISCAL ID: 9928387 VINCULADA A CARGA ID: 166715;874;120004243
26/05/2026 10:12;CARLOS.DAGUANA;5 - OPERADOR;166715;NOTA FISCAL ID: 9930820 VINCULADA A CARGA ID: 166715;874;120004250
26/05/2026 10:12;KAIK.DIAS;5 - OPERADOR;166724;NOTA FISCAL ID: 9930358 VINCULADA A CARGA ID: 166724;884;120004252
26/05/2026 10:12;KAIK.DIAS;5 - OPERADOR;166724;NOTA FISCAL ID: 9929758 VINCULADA A CARGA ID: 166724;884;120004254
26/05/2026 10:13;KAIK.DIAS;5 - OPERADOR;166724;NOTA FISCAL ID: 9929914 VINCULADA A CARGA ID: 166724;884;120004442
26/05/2026 10:13;KAIK.DIAS;5 - OPERADOR;166724;NOTA FISCAL ID: 9928985 VINCULADA A CARGA ID: 166724;884;120004444
26/05/2026 10:13;PAULO.TELES;5 - OPERADOR;166727;NOTA FISCAL ID: 9930651 VINCULADA A CARGA ID: 166727;893;120004482
26/05/2026 10:13;PAULO.TELES;5 - OPERADOR;166727;NOTA FISCAL ID: 9930606 VINCULADA A CARGA ID: 166727;893;120004498
26/05/2026 10:13;CARLOS.DAGUANA;5 - OPERADOR;166715;NOTA FISCAL ID: 9930841 VINCULADA A CARGA ID: 166715;874;120004500
26/05/2026 10:13;PAULO.TELES;5 - OPERADOR;166727;NOTA FISCAL ID: 9929387 VINCULADA A CARGA ID: 166727;893;120004506
26/05/2026 10:13;PAULO.TELES;5 - OPERADOR;166727;NOTA FISCAL ID: 9928449 VINCULADA A CARGA ID: 166727;893;120004521
26/05/2026 10:13;PAULO.TELES;5 - OPERADOR;166727;NOTA FISCAL ID: 9929568 VINCULADA A CARGA ID: 166727;893;120004539
26/05/2026 10:14;PAULO.TELES;5 - OPERADOR;166727;NOTA FISCAL ID: 9928377 VINCULADA A CARGA ID: 166727;893;120004561
26/05/2026 10:14;PAULO.TELES;5 - OPERADOR;166727;NOTA FISCAL ID: 9928870 VINCULADA A CARGA ID: 166727;893;120004563
26/05/2026 10:14;PAULO.TELES;5 - OPERADOR;166727;NOTA FISCAL ID: 9930373 VINCULADA A CARGA ID: 166727;893;120004566
26/05/2026 10:14;PAULO.TELES;5 - OPERADOR;166727;NOTA FISCAL ID: 9928703 VINCULADA A CARGA ID: 166727;893;120004573
26/05/2026 10:14;PAULO.TELES;5 - OPERADOR;166727;NOTA FISCAL ID: 9930037 VINCULADA A CARGA ID: 166727;893;120004575
26/05/2026 10:14;PAULO.TELES;5 - OPERADOR;166727;NOTA FISCAL ID: 9928896 VINCULADA A CARGA ID: 166727;893;120004579
26/05/2026 10:14;PAULO.TELES;5 - OPERADOR;166727;NOTA FISCAL ID: 9930775 VINCULADA A CARGA ID: 166727;893;120004623
26/05/2026 10:14;PAULO.TELES;5 - OPERADOR;166727;NOTA FISCAL ID: 9930867 VINCULADA A CARGA ID: 166727;893;120004627
26/05/2026 10:14;PAULO.TELES;5 - OPERADOR;166727;NOTA FISCAL ID: 9929981 VINCULADA A CARGA ID: 166727;893;120004629
26/05/2026 10:14;PAULO.TELES;5 - OPERADOR;166727;NOTA FISCAL ID: 9930353 VINCULADA A CARGA ID: 166727;893;120004645
26/05/2026 10:14;JOAO.CONTRI;5 - OPERADOR;166726;NOTA FISCAL ID: 9928931 VINCULADA A CARGA ID: 166726;875;120004647
26/05/2026 10:14;JOAO.CONTRI;5 - OPERADOR;166726;NOTA FISCAL ID: 9928971 VINCULADA A CARGA ID: 166726;875;120004650
26/05/2026 10:14;JOAO.CONTRI;5 - OPERADOR;166726;NOTA FISCAL ID: 9929954 VINCULADA A CARGA ID: 166726;875;120004652
26/05/2026 10:14;PAULO.TELES;5 - OPERADOR;166727;NOTA FISCAL ID: 9928404 VINCULADA A CARGA ID: 166727;893;120004657
26/05/2026 10:14;JOAO.CONTRI;5 - OPERADOR;166726;NOTA FISCAL ID: 9930201 VINCULADA A CARGA ID: 166726;875;120004659
26/05/2026 10:14;PAULO.TELES;5 - OPERADOR;166727;NOTA FISCAL ID: 9928495 VINCULADA A CARGA ID: 166727;893;120004674
26/05/2026 10:14;PAULO.TELES;5 - OPERADOR;166727;NOTA FISCAL ID: 9929421 VINCULADA A CARGA ID: 166727;893;120004685
26/05/2026 10:14;JOAO.CONTRI;5 - OPERADOR;166726;NOTA FISCAL ID: 9930052 VINCULADA A CARGA ID: 166726;875;120004700
26/05/2026 10:14;PAULO.TELES;5 - OPERADOR;166727;NOTA FISCAL ID: 9929541 VINCULADA A CARGA ID: 166727;893;120004702
26/05/2026 10:15;PAULO.TELES;5 - OPERADOR;166727;NOTA FISCAL ID: 9930126 VINCULADA A CARGA ID: 166727;893;120004726
26/05/2026 10:15;JOSE.JUNIOR;5 - OPERADOR;166723;NOTA FISCAL ID: 9929105 VINCULADA A CARGA ID: 166723;827;120004765
26/05/2026 10:15;JOSE.JUNIOR;5 - OPERADOR;166723;NOTA FISCAL ID: 9930154 VINCULADA A CARGA ID: 166723;827;120004773
26/05/2026 10:15;JOSE.JUNIOR;5 - OPERADOR;166723;NOTA FISCAL ID: 9929361 VINCULADA A CARGA ID: 166723;827;120004775
26/05/2026 10:15;JOSE.JUNIOR;5 - OPERADOR;166723;NOTA FISCAL ID: 9929245 VINCULADA A CARGA ID: 166723;827;120004796
26/05/2026 10:15;JOSE.JUNIOR;5 - OPERADOR;166723;NOTA FISCAL ID: 9930475 VINCULADA A CARGA ID: 166723;827;120004804
26/05/2026 10:15;JOSE.JUNIOR;5 - OPERADOR;166723;NOTA FISCAL ID: 9930237 VINCULADA A CARGA ID: 166723;827;120004817
26/05/2026 10:15;PHSILVA;5 - OPERADOR;166728;NOTA FISCAL ID: 9928904 VINCULADA A CARGA ID: 166728;438;120004819
26/05/2026 10:15;JOSE.JUNIOR;5 - OPERADOR;166723;NOTA FISCAL ID: 9930354 VINCULADA A CARGA ID: 166723;827;120004826
26/05/2026 10:15;PHSILVA;5 - OPERADOR;166728;NOTA FISCAL ID: 9928516 VINCULADA A CARGA ID: 166728;438;120004828
26/05/2026 10:15;PHSILVA;5 - OPERADOR;166728;NOTA FISCAL ID: 9929634 VINCULADA A CARGA ID: 166728;438;120004830
26/05/2026 10:15;PHSILVA;5 - OPERADOR;166728;NOTA FISCAL ID: 9929678 VINCULADA A CARGA ID: 166728;438;120004832
26/05/2026 10:15;PHSILVA;5 - OPERADOR;166728;NOTA FISCAL ID: 9929540 VINCULADA A CARGA ID: 166728;438;120004851
26/05/2026 10:15;JOAO.CONTRI;5 - OPERADOR;166726;NOTA FISCAL ID: 9930252 VINCULADA A CARGA ID: 166726;875;120004864
26/05/2026 10:15;PHSILVA;5 - OPERADOR;166728;NOTA FISCAL ID: 9928835 VINCULADA A CARGA ID: 166728;438;120004872
26/05/2026 10:15;JOAO.CONTRI;5 - OPERADOR;166726;NOTA FISCAL ID: 9928978 VINCULADA A CARGA ID: 166726;875;120004874
26/05/2026 10:15;JOAO.CONTRI;5 - OPERADOR;166726;NOTA FISCAL ID: 9928884 VINCULADA A CARGA ID: 166726;875;120004886
26/05/2026 10:15;PHSILVA;5 - OPERADOR;166728;NOTA FISCAL ID: 9929573 VINCULADA A CARGA ID: 166728;438;120004888
26/05/2026 10:15;PHSILVA;5 - OPERADOR;166728;NOTA FISCAL ID: 9929317 VINCULADA A CARGA ID: 166728;438;120004907
26/05/2026 10:15;PHSILVA;5 - OPERADOR;166728;NOTA FISCAL ID: 9931667 VINCULADA A CARGA ID: 166728;438;120004909
26/05/2026 10:15;PHSILVA;5 - OPERADOR;166728;NOTA FISCAL ID: 9929916 VINCULADA A CARGA ID: 166728;438;120004925
26/05/2026 10:16;PHSILVA;5 - OPERADOR;166728;NOTA FISCAL ID: 9928579 VINCULADA A CARGA ID: 166728;438;120004955
26/05/2026 10:16;PHSILVA;5 - OPERADOR;166728;NOTA FISCAL ID: 9929461 VINCULADA A CARGA ID: 166728;438;120004973
26/05/2026 10:16;PHSILVA;5 - OPERADOR;166728;NOTA FISCAL ID: 9929609 VINCULADA A CARGA ID: 166728;438;120004979
26/05/2026 10:16;PHSILVA;5 - OPERADOR;166728;NOTA FISCAL ID: 9928539 VINCULADA A CARGA ID: 166728;438;120004991
26/05/2026 10:16;PHSILVA;5 - OPERADOR;166728;NOTA FISCAL ID: 9930289 VINCULADA A CARGA ID: 166728;438;120005008
26/05/2026 10:16;PHSILVA;5 - OPERADOR;166728;NOTA FISCAL ID: 9928437 VINCULADA A CARGA ID: 166728;438;120005016
26/05/2026 10:16;PHSILVA;5 - OPERADOR;166728;NOTA FISCAL ID: 9930694 VINCULADA A CARGA ID: 166728;438;120005029
26/05/2026 10:16;PHSILVA;5 - OPERADOR;166728;NOTA FISCAL ID: 9928745 VINCULADA A CARGA ID: 166728;438;120005051
26/05/2026 10:16;JOSE.JUNIOR;5 - OPERADOR;166723;NOTA FISCAL ID: 9929410 VINCULADA A CARGA ID: 166723;827;120005049
26/05/2026 10:16;JOAO.CONTRI;5 - OPERADOR;166726;NOTA FISCAL ID: 9930502 VINCULADA A CARGA ID: 166726;875;120005063
26/05/2026 10:16;PHSILVA;5 - OPERADOR;166728;NOTA FISCAL ID: 9928373 VINCULADA A CARGA ID: 166728;438;120005065
26/05/2026 10:16;JOAO.CONTRI;5 - OPERADOR;166726;NOTA FISCAL ID: 9929800 VINCULADA A CARGA ID: 166726;875;120005077
26/05/2026 10:16;PHSILVA;5 - OPERADOR;166728;NOTA FISCAL ID: 9928817 VINCULADA A CARGA ID: 166728;438;120005091
26/05/2026 10:16;JOSE.JUNIOR;5 - OPERADOR;166723;NOTA FISCAL ID: 9929257 VINCULADA A CARGA ID: 166723;827;120005089
26/05/2026 10:16;JOSE.JUNIOR;5 - OPERADOR;166723;NOTA FISCAL ID: 9930818 VINCULADA A CARGA ID: 166723;827;120005097
26/05/2026 10:16;JOSE.JUNIOR;5 - OPERADOR;166723;NOTA FISCAL ID: 9928547 VINCULADA A CARGA ID: 166723;827;120005133
26/05/2026 10:16;JOSE.JUNIOR;5 - OPERADOR;166723;NOTA FISCAL ID: 9929112 VINCULADA A CARGA ID: 166723;827;120005159
26/05/2026 10:16;JOSE.JUNIOR;5 - OPERADOR;166723;NOTA FISCAL ID: 9930800 VINCULADA A CARGA ID: 166723;827;120005212
26/05/2026 10:16;JOSE.JUNIOR;5 - OPERADOR;166723;NOTA FISCAL ID: 9928928 VINCULADA A CARGA ID: 166723;827;120005243
26/05/2026 10:16;JOSE.JUNIOR;5 - OPERADOR;166723;NOTA FISCAL ID: 9929019 VINCULADA A CARGA ID: 166723;827;120005267
26/05/2026 10:16;JOSE.JUNIOR;5 - OPERADOR;166723;NOTA FISCAL ID: 9928379 VINCULADA A CARGA ID: 166723;827;120005360
26/05/2026 10:16;JOSE.JUNIOR;5 - OPERADOR;166723;NOTA FISCAL ID: 9928416 VINCULADA A CARGA ID: 166723;827;120005418
26/05/2026 10:16;JOSE.JUNIOR;5 - OPERADOR;166723;NOTA FISCAL ID: 9929852 VINCULADA A CARGA ID: 166723;827;120005478
26/05/2026 10:17;JOSE.JUNIOR;5 - OPERADOR;166723;NOTA FISCAL ID: 9928467 VINCULADA A CARGA ID: 166723;827;120005487
26/05/2026 10:17;JOSE.JUNIOR;5 - OPERADOR;166723;NOTA FISCAL ID: 9929319 VINCULADA A CARGA ID: 166723;827;120005489
26/05/2026 10:17;JOSE.JUNIOR;5 - OPERADOR;166723;NOTA FISCAL ID: 9929793 VINCULADA A CARGA ID: 166723;827;120005492
26/05/2026 10:17;JOSE.JUNIOR;5 - OPERADOR;166723;NOTA FISCAL ID: 9929832 VINCULADA A CARGA ID: 166723;827;120005494
26/05/2026 10:17;JOSE.JUNIOR;5 - OPERADOR;166723;NOTA FISCAL ID: 9928927 VINCULADA A CARGA ID: 166723;827;120005512
26/05/2026 10:17;JOSE.JUNIOR;5 - OPERADOR;166723;NOTA FISCAL ID: 9929689 VINCULADA A CARGA ID: 166723;827;120005522
26/05/2026 10:17;JOSE.JUNIOR;5 - OPERADOR;166723;NOTA FISCAL ID: 9930813 VINCULADA A CARGA ID: 166723;827;120005528
26/05/2026 10:17;JOSE.JUNIOR;5 - OPERADOR;166723;NOTA FISCAL ID: 9930517 VINCULADA A CARGA ID: 166723;827;120005672
26/05/2026 10:17;JOSE.JUNIOR;5 - OPERADOR;166723;NOTA FISCAL ID: 9930811 VINCULADA A CARGA ID: 166723;827;120005714
26/05/2026 10:18;JOSE.JUNIOR;5 - OPERADOR;166723;NOTA FISCAL ID: 9928419 VINCULADA A CARGA ID: 166723;827;120005853
26/05/2026 10:19;JOSE.JUNIOR;5 - OPERADOR;166723;NOTA FISCAL ID: 9929796 VINCULADA A CARGA ID: 166723;827;120005926
26/05/2026 10:19;JOSE.JUNIOR;5 - OPERADOR;166723;NOTA FISCAL ID: 9929208 VINCULADA A CARGA ID: 166723;827;120005978
26/05/2026 10:19;KAIK.DIAS;5 - OPERADOR;166729;NOTA FISCAL ID: 9929711 VINCULADA A CARGA ID: 166729;884;120006034
26/05/2026 10:19;KAIK.DIAS;5 - OPERADOR;166729;NOTA FISCAL ID: 9928343 VINCULADA A CARGA ID: 166729;884;120006041
26/05/2026 10:19;KAIK.DIAS;5 - OPERADOR;166729;NOTA FISCAL ID: 9929344 VINCULADA A CARGA ID: 166729;884;120006051
26/05/2026 10:19;KAIK.DIAS;5 - OPERADOR;166729;NOTA FISCAL ID: 9929553 VINCULADA A CARGA ID: 166729;884;120006053
26/05/2026 10:19;KAIK.DIAS;5 - OPERADOR;166729;NOTA FISCAL ID: 9930315 VINCULADA A CARGA ID: 166729;884;120006065
26/05/2026 10:19;KAIK.DIAS;5 - OPERADOR;166729;NOTA FISCAL ID: 9929704 VINCULADA A CARGA ID: 166729;884;120006102
26/05/2026 10:19;KAIK.DIAS;5 - OPERADOR;166729;NOTA FISCAL ID: 9929971 VINCULADA A CARGA ID: 166729;884;120006123
26/05/2026 10:19;KAIK.DIAS;5 - OPERADOR;166729;NOTA FISCAL ID: 9931911 VINCULADA A CARGA ID: 166729;884;120006136
26/05/2026 10:19;KAIK.DIAS;5 - OPERADOR;166729;NOTA FISCAL ID: 9931372 VINCULADA A CARGA ID: 166729;884;120006138
26/05/2026 10:20;KAIK.DIAS;5 - OPERADOR;166729;NOTA FISCAL ID: 9931026 VINCULADA A CARGA ID: 166729;884;120006145
26/05/2026 10:20;KAIK.DIAS;5 - OPERADOR;166729;NOTA FISCAL ID: 9930401 VINCULADA A CARGA ID: 166729;884;120006183
26/05/2026 10:20;JOSE.SILVA;5 - OPERADOR;166730;NOTA FISCAL ID: 9928942 VINCULADA A CARGA ID: 166730;807;120006192
26/05/2026 10:20;JOSE.SILVA;5 - OPERADOR;166730;NOTA FISCAL ID: 9929692 VINCULADA A CARGA ID: 166730;807;120006204
26/05/2026 10:20;KAIK.DIAS;5 - OPERADOR;166729;NOTA FISCAL ID: 9930599 VINCULADA A CARGA ID: 166729;884;120006212
26/05/2026 10:20;JOSE.SILVA;5 - OPERADOR;166730;NOTA FISCAL ID: 9928994 VINCULADA A CARGA ID: 166730;807;120006220
26/05/2026 10:20;KAIK.DIAS;5 - OPERADOR;166729;NOTA FISCAL ID: 9929788 VINCULADA A CARGA ID: 166729;884;120006230
26/05/2026 10:20;JOSE.SILVA;5 - OPERADOR;166730;NOTA FISCAL ID: 9930498 VINCULADA A CARGA ID: 166730;807;120006234
26/05/2026 10:20;KAIK.DIAS;5 - OPERADOR;166729;NOTA FISCAL ID: 9928338 VINCULADA A CARGA ID: 166729;884;120006236
26/05/2026 10:20;JOSE.SILVA;5 - OPERADOR;166730;NOTA FISCAL ID: 9928428 VINCULADA A CARGA ID: 166730;807;120006238
26/05/2026 10:20;JOSE.SILVA;5 - OPERADOR;166730;NOTA FISCAL ID: 9930795 VINCULADA A CARGA ID: 166730;807;120006259
26/05/2026 10:20;KAIK.DIAS;5 - OPERADOR;166729;NOTA FISCAL ID: 9930298 VINCULADA A CARGA ID: 166729;884;120006256
26/05/2026 10:20;JOSE.SILVA;5 - OPERADOR;166730;NOTA FISCAL ID: 9929907 VINCULADA A CARGA ID: 166730;807;120006276
26/05/2026 10:20;KAIK.DIAS;5 - OPERADOR;166729;NOTA FISCAL ID: 9929633 VINCULADA A CARGA ID: 166729;884;120006278
26/05/2026 10:20;JOSE.SILVA;5 - OPERADOR;166730;NOTA FISCAL ID: 9929912 VINCULADA A CARGA ID: 166730;807;120006286
26/05/2026 10:20;KAIK.DIAS;5 - OPERADOR;166729;NOTA FISCAL ID: 9929858 VINCULADA A CARGA ID: 166729;884;120006289
26/05/2026 10:20;JOSE.SILVA;5 - OPERADOR;166730;NOTA FISCAL ID: 9929717 VINCULADA A CARGA ID: 166730;807;120006291
26/05/2026 10:20;KAIK.DIAS;5 - OPERADOR;166729;NOTA FISCAL ID: 9930669 VINCULADA A CARGA ID: 166729;884;120006300
26/05/2026 10:20;KAIK.DIAS;5 - OPERADOR;166729;NOTA FISCAL ID: 9928541 VINCULADA A CARGA ID: 166729;884;120006308
26/05/2026 10:20;KAIK.DIAS;5 - OPERADOR;166729;NOTA FISCAL ID: 9929365 VINCULADA A CARGA ID: 166729;884;120006310
26/05/2026 10:20;PAULO.TELES;5 - OPERADOR;166727;NOTA FISCAL ID: 9929824 VINCULADA A CARGA ID: 166727;893;120006318
26/05/2026 10:20;JOSE.SILVA;5 - OPERADOR;166730;NOTA FISCAL ID: 9930308 VINCULADA A CARGA ID: 166730;807;120006314
26/05/2026 10:20;JOSE.SILVA;5 - OPERADOR;166730;NOTA FISCAL ID: 9928937 VINCULADA A CARGA ID: 166730;807;120006320
26/05/2026 10:20;PAULO.TELES;5 - OPERADOR;166727;NOTA FISCAL ID: 9930044 VINCULADA A CARGA ID: 166727;893;120006322
26/05/2026 10:20;JOSE.SILVA;5 - OPERADOR;166730;NOTA FISCAL ID: 9928582 VINCULADA A CARGA ID: 166730;807;120006341
26/05/2026 10:20;JOSE.SILVA;5 - OPERADOR;166730;NOTA FISCAL ID: 9930384 VINCULADA A CARGA ID: 166730;807;120006343
26/05/2026 10:20;PAULO.TELES;5 - OPERADOR;166727;NOTA FISCAL ID: 9930423 VINCULADA A CARGA ID: 166727;893;120006345
26/05/2026 10:20;PAULO.TELES;5 - OPERADOR;166727;NOTA FISCAL ID: 9930567 VINCULADA A CARGA ID: 166727;893;120006359
26/05/2026 10:20;JOSE.SILVA;5 - OPERADOR;166730;NOTA FISCAL ID: 9930759 VINCULADA A CARGA ID: 166730;807;120006361
26/05/2026 10:20;PAULO.TELES;5 - OPERADOR;166727;NOTA FISCAL ID: 9929504 VINCULADA A CARGA ID: 166727;893;120006364
26/05/2026 10:20;JOSE.SILVA;5 - OPERADOR;166730;NOTA FISCAL ID: 9929476 VINCULADA A CARGA ID: 166730;807;120006366
26/05/2026 10:20;PAULO.TELES;5 - OPERADOR;166727;NOTA FISCAL ID: 9928693 VINCULADA A CARGA ID: 166727;893;120006378
26/05/2026 10:20;PAULO.TELES;5 - OPERADOR;166727;NOTA FISCAL ID: 9928577 VINCULADA A CARGA ID: 166727;893;120006380
26/05/2026 10:20;JOSE.SILVA;5 - OPERADOR;166730;NOTA FISCAL ID: 9928441 VINCULADA A CARGA ID: 166730;807;120006397
26/05/2026 10:20;PAULO.TELES;5 - OPERADOR;166727;NOTA FISCAL ID: 9929836 VINCULADA A CARGA ID: 166727;893;120006399
26/05/2026 10:20;PAULO.TELES;5 - OPERADOR;166727;NOTA FISCAL ID: 9930348 VINCULADA A CARGA ID: 166727;893;120006401
26/05/2026 10:20;JOSE.SILVA;5 - OPERADOR;166730;NOTA FISCAL ID: 9930431 VINCULADA A CARGA ID: 166730;807;120006403
26/05/2026 10:20;PAULO.TELES;5 - OPERADOR;166727;NOTA FISCAL ID: 9929784 VINCULADA A CARGA ID: 166727;893;120006405
26/05/2026 10:20;JOSE.SILVA;5 - OPERADOR;166730;NOTA FISCAL ID: 9930085 VINCULADA A CARGA ID: 166730;807;120006408
26/05/2026 10:20;PAULO.TELES;5 - OPERADOR;166727;NOTA FISCAL ID: 9930557 VINCULADA A CARGA ID: 166727;893;120006411
26/05/2026 10:20;JOSE.SILVA;5 - OPERADOR;166730;NOTA FISCAL ID: 9929746 VINCULADA A CARGA ID: 166730;807;120006418
26/05/2026 10:20;PAULO.TELES;5 - OPERADOR;166727;NOTA FISCAL ID: 9928370 VINCULADA A CARGA ID: 166727;893;120006420
26/05/2026 10:20;JOSE.SILVA;5 - OPERADOR;166730;NOTA FISCAL ID: 9930679 VINCULADA A CARGA ID: 166730;807;120006423
26/05/2026 10:20;PAULO.TELES;5 - OPERADOR;166727;NOTA FISCAL ID: 9928913 VINCULADA A CARGA ID: 166727;893;120006435
26/05/2026 10:20;PAULO.TELES;5 - OPERADOR;166727;NOTA FISCAL ID: 9928551 VINCULADA A CARGA ID: 166727;893;120006452
26/05/2026 10:20;PAULO.TELES;5 - OPERADOR;166727;NOTA FISCAL ID: 9928728 VINCULADA A CARGA ID: 166727;893;120006472
26/05/2026 10:21;PAULO.TELES;5 - OPERADOR;166727;NOTA FISCAL ID: 9929408 VINCULADA A CARGA ID: 166727;893;120006479
26/05/2026 10:21;PAULO.TELES;5 - OPERADOR;166727;NOTA FISCAL ID: 9929751 VINCULADA A CARGA ID: 166727;893;120006516
26/05/2026 10:21;PAULO.TELES;5 - OPERADOR;166727;NOTA FISCAL ID: 9928944 VINCULADA A CARGA ID: 166727;893;120006525
26/05/2026 10:21;PAULO.TELES;5 - OPERADOR;166727;NOTA FISCAL ID: 9928398 VINCULADA A CARGA ID: 166727;893;120006537
26/05/2026 10:21;PAULO.TELES;5 - OPERADOR;166727;NOTA FISCAL ID: 9930857 VINCULADA A CARGA ID: 166727;893;120006539
26/05/2026 10:22;PHSILVA;5 - OPERADOR;166728;NOTA FISCAL ID: 9928845 VINCULADA A CARGA ID: 166728;438;120006830
26/05/2026 10:22;PHSILVA;5 - OPERADOR;166728;NOTA FISCAL ID: 9928368 VINCULADA A CARGA ID: 166728;438;120006900
26/05/2026 10:22;PAULO.TELES;5 - OPERADOR;166727;NOTA FISCAL ID: 9929748 VINCULADA A CARGA ID: 166727;893;120006898
26/05/2026 10:22;PHSILVA;5 - OPERADOR;166728;NOTA FISCAL ID: 9930526 VINCULADA A CARGA ID: 166728;438;120006932
26/05/2026 10:22;PHSILVA;5 - OPERADOR;166728;NOTA FISCAL ID: 9929312 VINCULADA A CARGA ID: 166728;438;120006934
26/05/2026 10:22;PHSILVA;5 - OPERADOR;166728;NOTA FISCAL ID: 9929715 VINCULADA A CARGA ID: 166728;438;120006948
26/05/2026 10:22;LUCAS.RAMOS;4 - SUPERVISOR;166731;NOTA FISCAL ID: 9930484 VINCULADA A CARGA ID: 166731;728;120006950
26/05/2026 10:22;KAIK.DIAS;5 - OPERADOR;166729;NOTA FISCAL ID: 9928893 VINCULADA A CARGA ID: 166729;884;120006963
26/05/2026 10:22;LUCAS.RAMOS;4 - SUPERVISOR;166731;NOTA FISCAL ID: 9931148 VINCULADA A CARGA ID: 166731;728;120006965
26/05/2026 10:22;KAIK.DIAS;5 - OPERADOR;166729;NOTA FISCAL ID: 9929389 VINCULADA A CARGA ID: 166729;884;120006967
26/05/2026 10:22;LUCAS.RAMOS;4 - SUPERVISOR;166731;NOTA FISCAL ID: 9931145 VINCULADA A CARGA ID: 166731;728;120006989
26/05/2026 10:22;KAIK.DIAS;5 - OPERADOR;166729;NOTA FISCAL ID: 9930623 VINCULADA A CARGA ID: 166729;884;120006991
26/05/2026 10:22;LUCAS.RAMOS;4 - SUPERVISOR;166731;NOTA FISCAL ID: 9931846 VINCULADA A CARGA ID: 166731;728;120006997
26/05/2026 10:22;KAIK.DIAS;5 - OPERADOR;166729;NOTA FISCAL ID: 9929184 VINCULADA A CARGA ID: 166729;884;120006999
26/05/2026 10:22;KAIK.DIAS;5 - OPERADOR;166729;NOTA FISCAL ID: 9928546 VINCULADA A CARGA ID: 166729;884;120007011
26/05/2026 10:22;LUCAS.RAMOS;4 - SUPERVISOR;166731;NOTA FISCAL ID: 9930233 VINCULADA A CARGA ID: 166731;728;120007023
26/05/2026 10:22;LUCAS.RAMOS;4 - SUPERVISOR;166731;NOTA FISCAL ID: 9929902 VINCULADA A CARGA ID: 166731;728;120007046
26/05/2026 10:22;LUCAS.RAMOS;4 - SUPERVISOR;166731;NOTA FISCAL ID: 9930133 VINCULADA A CARGA ID: 166731;728;120007068
26/05/2026 10:23;LUCAS.RAMOS;4 - SUPERVISOR;166731;NOTA FISCAL ID: 9930318 VINCULADA A CARGA ID: 166731;728;120007070
26/05/2026 10:23;LUCAS.RAMOS;4 - SUPERVISOR;166731;NOTA FISCAL ID: 9929164 VINCULADA A CARGA ID: 166731;728;120007083
26/05/2026 10:23;LUCAS.RAMOS;4 - SUPERVISOR;166731;NOTA FISCAL ID: 9929371 VINCULADA A CARGA ID: 166731;728;120007116
26/05/2026 10:23;LUCAS.RAMOS;4 - SUPERVISOR;166731;NOTA FISCAL ID: 9930467 VINCULADA A CARGA ID: 166731;728;120007180
26/05/2026 10:23;LUCAS.RAMOS;4 - SUPERVISOR;166731;NOTA FISCAL ID: 9929431 VINCULADA A CARGA ID: 166731;728;120007236
26/05/2026 10:23;LUCAS.RAMOS;4 - SUPERVISOR;166731;NOTA FISCAL ID: 9930750 VINCULADA A CARGA ID: 166731;728;120007243
26/05/2026 10:23;LUCAS.RAMOS;4 - SUPERVISOR;166731;NOTA FISCAL ID: 9929198 VINCULADA A CARGA ID: 166731;728;120007246
26/05/2026 10:23;LUCAS.RAMOS;4 - SUPERVISOR;166731;NOTA FISCAL ID: 9928871 VINCULADA A CARGA ID: 166731;728;120007263
26/05/2026 10:23;LUCAS.RAMOS;4 - SUPERVISOR;166731;NOTA FISCAL ID: 9928964 VINCULADA A CARGA ID: 166731;728;120007280
26/05/2026 10:23;LUCAS.RAMOS;4 - SUPERVISOR;166731;NOTA FISCAL ID: 9929574 VINCULADA A CARGA ID: 166731;728;120007297
26/05/2026 10:23;LUCAS.RAMOS;4 - SUPERVISOR;166731;NOTA FISCAL ID: 9930144 VINCULADA A CARGA ID: 166731;728;120007319
26/05/2026 10:23;LUCAS.RAMOS;4 - SUPERVISOR;166731;NOTA FISCAL ID: 9929933 VINCULADA A CARGA ID: 166731;728;120007322
26/05/2026 10:23;LUCAS.RAMOS;4 - SUPERVISOR;166731;NOTA FISCAL ID: 9930710 VINCULADA A CARGA ID: 166731;728;120007335
26/05/2026 10:23;PHSILVA;5 - OPERADOR;166728;NOTA FISCAL ID: 9928452 VINCULADA A CARGA ID: 166728;438;120007348
26/05/2026 10:23;PHSILVA;5 - OPERADOR;166728;NOTA FISCAL ID: 9929391 VINCULADA A CARGA ID: 166728;438;120007360
26/05/2026 10:23;PHSILVA;5 - OPERADOR;166728;NOTA FISCAL ID: 9929917 VINCULADA A CARGA ID: 166728;438;120007362
26/05/2026 10:23;PHSILVA;5 - OPERADOR;166728;NOTA FISCAL ID: 9928993 VINCULADA A CARGA ID: 166728;438;120007380
26/05/2026 10:24;PHSILVA;5 - OPERADOR;166728;NOTA FISCAL ID: 9928435 VINCULADA A CARGA ID: 166728;438;120007382
26/05/2026 10:24;KAIK.DIAS;5 - OPERADOR;166729;NOTA FISCAL ID: 9929767 VINCULADA A CARGA ID: 166729;884;120007394
26/05/2026 10:24;KAIK.DIAS;5 - OPERADOR;166729;NOTA FISCAL ID: 9929802 VINCULADA A CARGA ID: 166729;884;120007397
26/05/2026 10:24;KAIK.DIAS;5 - OPERADOR;166729;NOTA FISCAL ID: 9928995 VINCULADA A CARGA ID: 166729;884;120007399
26/05/2026 10:24;KAIK.DIAS;5 - OPERADOR;166729;NOTA FISCAL ID: 9929152 VINCULADA A CARGA ID: 166729;884;120007411
26/05/2026 10:24;KAIK.DIAS;5 - OPERADOR;166729;NOTA FISCAL ID: 9930653 VINCULADA A CARGA ID: 166729;884;120007413
26/05/2026 10:24;JOSE.SILVA;5 - OPERADOR;166730;NOTA FISCAL ID: 9929860 VINCULADA A CARGA ID: 166730;807;120007522
26/05/2026 10:24;JOSE.SILVA;5 - OPERADOR;166730;NOTA FISCAL ID: 9928552 VINCULADA A CARGA ID: 166730;807;120007535
26/05/2026 10:24;JOSE.SILVA;5 - OPERADOR;166730;NOTA FISCAL ID: 9929915 VINCULADA A CARGA ID: 166730;807;120007547
26/05/2026 10:24;JOSE.SILVA;5 - OPERADOR;166730;NOTA FISCAL ID: 9930426 VINCULADA A CARGA ID: 166730;807;120007551
26/05/2026 10:24;JOSE.SILVA;5 - OPERADOR;166730;NOTA FISCAL ID: 9929473 VINCULADA A CARGA ID: 166730;807;120007565
26/05/2026 10:25;JOSE.SILVA;5 - OPERADOR;166730;NOTA FISCAL ID: 9929263 VINCULADA A CARGA ID: 166730;807;120007651
26/05/2026 10:26;LUCAS.RAMOS;4 - SUPERVISOR;166731;NOTA FISCAL ID: 9930005 VINCULADA A CARGA ID: 166731;728;120007845
26/05/2026 10:26;LUCAS.RAMOS;4 - SUPERVISOR;166731;NOTA FISCAL ID: 9928663 VINCULADA A CARGA ID: 166731;728;120007875
26/05/2026 10:26;LUCAS.RAMOS;4 - SUPERVISOR;166731;NOTA FISCAL ID: 9929363 VINCULADA A CARGA ID: 166731;728;120007882
26/05/2026 10:27;JOAO.CONTRI;5 - OPERADOR;166732;NOTA FISCAL ID: 9929274 VINCULADA A CARGA ID: 166732;875;120007955
26/05/2026 10:27;JOAO.CONTRI;5 - OPERADOR;166732;NOTA FISCAL ID: 9928784 VINCULADA A CARGA ID: 166732;875;120007969
26/05/2026 10:27;JOAO.CONTRI;5 - OPERADOR;166732;NOTA FISCAL ID: 9929037 VINCULADA A CARGA ID: 166732;875;120007994
26/05/2026 10:27;JOAO.CONTRI;5 - OPERADOR;166732;NOTA FISCAL ID: 9929007 VINCULADA A CARGA ID: 166732;875;120007997
26/05/2026 10:27;JOAO.CONTRI;5 - OPERADOR;166732;NOTA FISCAL ID: 9929483 VINCULADA A CARGA ID: 166732;875;120007999
26/05/2026 10:27;JOAO.CONTRI;5 - OPERADOR;166732;NOTA FISCAL ID: 9929841 VINCULADA A CARGA ID: 166732;875;120008017
26/05/2026 10:27;JOAO.CONTRI;5 - OPERADOR;166732;NOTA FISCAL ID: 9930120 VINCULADA A CARGA ID: 166732;875;120008091
26/05/2026 10:27;JOAO.CONTRI;5 - OPERADOR;166732;NOTA FISCAL ID: 9930709 VINCULADA A CARGA ID: 166732;875;120008104
26/05/2026 10:27;JOAO.CONTRI;5 - OPERADOR;166732;NOTA FISCAL ID: 9928679 VINCULADA A CARGA ID: 166732;875;120008126
26/05/2026 10:27;JOAO.CONTRI;5 - OPERADOR;166732;NOTA FISCAL ID: 9929955 VINCULADA A CARGA ID: 166732;875;120008138
26/05/2026 10:27;FJSANTOS;3 - SUPERVISOR GERAL;166733;NOTA FISCAL ID: 9930325 VINCULADA A CARGA ID: 166733;374;120008147
26/05/2026 10:27;JOAO.CONTRI;5 - OPERADOR;166732;NOTA FISCAL ID: 9929101 VINCULADA A CARGA ID: 166732;875;120008149
26/05/2026 10:27;JOAO.CONTRI;5 - OPERADOR;166732;NOTA FISCAL ID: 9928930 VINCULADA A CARGA ID: 166732;875;120008155
26/05/2026 10:27;JOAO.CONTRI;5 - OPERADOR;166732;NOTA FISCAL ID: 9930251 VINCULADA A CARGA ID: 166732;875;120008167
26/05/2026 10:27;JOAO.CONTRI;5 - OPERADOR;166732;NOTA FISCAL ID: 9929696 VINCULADA A CARGA ID: 166732;875;120008181
26/05/2026 10:28;JOAO.CONTRI;5 - OPERADOR;166732;NOTA FISCAL ID: 9928567 VINCULADA A CARGA ID: 166732;875;120008200
26/05/2026 10:28;FJSANTOS;3 - SUPERVISOR GERAL;166734;NOTA FISCAL ID: 9927532 VINCULADA A CARGA ID: 166734;374;120008214
26/05/2026 10:28;JOAO.CONTRI;5 - OPERADOR;166732;NOTA FISCAL ID: 9929014 VINCULADA A CARGA ID: 166732;875;120008216
26/05/2026 10:28;JOAO.CONTRI;5 - OPERADOR;166732;NOTA FISCAL ID: 9929194 VINCULADA A CARGA ID: 166732;875;120008230
26/05/2026 10:28;JOAO.CONTRI;5 - OPERADOR;166732;NOTA FISCAL ID: 9930124 VINCULADA A CARGA ID: 166732;875;120008245
26/05/2026 10:28;JOAO.CONTRI;5 - OPERADOR;166732;NOTA FISCAL ID: 9928947 VINCULADA A CARGA ID: 166732;875;120008254
26/05/2026 10:28;JOAO.CONTRI;5 - OPERADOR;166732;NOTA FISCAL ID: 9929464 VINCULADA A CARGA ID: 166732;875;120008263
26/05/2026 10:28;FJSANTOS;3 - SUPERVISOR GERAL;166735;NOTA FISCAL ID: 9931171 VINCULADA A CARGA ID: 166735;374;120008268
26/05/2026 10:28;KAIK.DIAS;5 - OPERADOR;166736;NOTA FISCAL ID: 9930681 VINCULADA A CARGA ID: 166736;884;120008285
26/05/2026 10:28;KAIK.DIAS;5 - OPERADOR;166736;NOTA FISCAL ID: 9931835 VINCULADA A CARGA ID: 166736;884;120008287
26/05/2026 10:28;KAIK.DIAS;5 - OPERADOR;166736;NOTA FISCAL ID: 9931287 VINCULADA A CARGA ID: 166736;884;120008289
26/05/2026 10:28;KAIK.DIAS;5 - OPERADOR;166736;NOTA FISCAL ID: 9930934 VINCULADA A CARGA ID: 166736;884;120008296
26/05/2026 10:28;KAIK.DIAS;5 - OPERADOR;166736;NOTA FISCAL ID: 9931132 VINCULADA A CARGA ID: 166736;884;120008303
26/05/2026 10:28;KAIK.DIAS;5 - OPERADOR;166736;NOTA FISCAL ID: 9930148 VINCULADA A CARGA ID: 166736;884;120008312
26/05/2026 10:28;KAIK.DIAS;5 - OPERADOR;166736;NOTA FISCAL ID: 9928667 VINCULADA A CARGA ID: 166736;884;120008341
26/05/2026 10:28;KAIK.DIAS;5 - OPERADOR;166736;NOTA FISCAL ID: 9928597 VINCULADA A CARGA ID: 166736;884;120008357
26/05/2026 10:28;KAIK.DIAS;5 - OPERADOR;166736;NOTA FISCAL ID: 9930468 VINCULADA A CARGA ID: 166736;884;120008361
26/05/2026 10:28;KAIK.DIAS;5 - OPERADOR;166736;NOTA FISCAL ID: 9928412 VINCULADA A CARGA ID: 166736;884;120008363
26/05/2026 10:28;KAIK.DIAS;5 - OPERADOR;166736;NOTA FISCAL ID: 9930442 VINCULADA A CARGA ID: 166736;884;120008373
26/05/2026 10:28;KAIK.DIAS;5 - OPERADOR;166736;NOTA FISCAL ID: 9929944 VINCULADA A CARGA ID: 166736;884;120008375
26/05/2026 10:28;KAIK.DIAS;5 - OPERADOR;166736;NOTA FISCAL ID: 9928862 VINCULADA A CARGA ID: 166736;884;120008377
26/05/2026 10:28;KAIK.DIAS;5 - OPERADOR;166736;NOTA FISCAL ID: 9928925 VINCULADA A CARGA ID: 166736;884;120008379
26/05/2026 10:28;KAIK.DIAS;5 - OPERADOR;166736;NOTA FISCAL ID: 9928508 VINCULADA A CARGA ID: 166736;884;120008381
26/05/2026 10:29;KAIK.DIAS;5 - OPERADOR;166736;NOTA FISCAL ID: 9930164 VINCULADA A CARGA ID: 166736;884;120008396
26/05/2026 10:29;KAIK.DIAS;5 - OPERADOR;166736;NOTA FISCAL ID: 9929192 VINCULADA A CARGA ID: 166736;884;120008406
26/05/2026 10:29;KAIK.DIAS;5 - OPERADOR;166736;NOTA FISCAL ID: 9929406 VINCULADA A CARGA ID: 166736;884;120008412
26/05/2026 10:29;KAIK.DIAS;5 - OPERADOR;166736;NOTA FISCAL ID: 9929423 VINCULADA A CARGA ID: 166736;884;120008415
26/05/2026 10:29;KAIK.DIAS;5 - OPERADOR;166736;NOTA FISCAL ID: 9930505 VINCULADA A CARGA ID: 166736;884;120008417
26/05/2026 10:29;CARLOS.DAGUANA;5 - OPERADOR;166737;NOTA FISCAL ID: 9928616 VINCULADA A CARGA ID: 166737;874;120008471
26/05/2026 10:29;CARLOS.DAGUANA;5 - OPERADOR;166737;NOTA FISCAL ID: 9931690 VINCULADA A CARGA ID: 166737;874;120008474
26/05/2026 10:29;CARLOS.DAGUANA;5 - OPERADOR;166737;NOTA FISCAL ID: 9931462 VINCULADA A CARGA ID: 166737;874;120008476
26/05/2026 10:29;CARLOS.DAGUANA;5 - OPERADOR;166737;NOTA FISCAL ID: 9930956 VINCULADA A CARGA ID: 166737;874;120008481
26/05/2026 10:29;CARLOS.DAGUANA;5 - OPERADOR;166737;NOTA FISCAL ID: 9931720 VINCULADA A CARGA ID: 166737;874;120008498
26/05/2026 10:29;CARLOS.DAGUANA;5 - OPERADOR;166737;NOTA FISCAL ID: 9931428 VINCULADA A CARGA ID: 166737;874;120008522
26/05/2026 10:29;CARLOS.DAGUANA;5 - OPERADOR;166737;NOTA FISCAL ID: 9931298 VINCULADA A CARGA ID: 166737;874;120008524
26/05/2026 10:29;CARLOS.DAGUANA;5 - OPERADOR;166737;NOTA FISCAL ID: 9931381 VINCULADA A CARGA ID: 166737;874;120008527
26/05/2026 10:30;CARLOS.DAGUANA;5 - OPERADOR;166737;NOTA FISCAL ID: 9931454 VINCULADA A CARGA ID: 166737;874;120008533
26/05/2026 10:30;CARLOS.DAGUANA;5 - OPERADOR;166737;NOTA FISCAL ID: 9931863 VINCULADA A CARGA ID: 166737;874;120008535
26/05/2026 10:30;CARLOS.DAGUANA;5 - OPERADOR;166737;NOTA FISCAL ID: 9931327 VINCULADA A CARGA ID: 166737;874;120008544
26/05/2026 10:30;CARLOS.DAGUANA;5 - OPERADOR;166737;NOTA FISCAL ID: 9931641 VINCULADA A CARGA ID: 166737;874;120008554
26/05/2026 10:30;CARLOS.DAGUANA;5 - OPERADOR;166737;NOTA FISCAL ID: 9931862 VINCULADA A CARGA ID: 166737;874;120008558
26/05/2026 10:30;CARLOS.DAGUANA;5 - OPERADOR;166737;NOTA FISCAL ID: 9931801 VINCULADA A CARGA ID: 166737;874;120008566
26/05/2026 10:30;CARLOS.DAGUANA;5 - OPERADOR;166737;NOTA FISCAL ID: 9931484 VINCULADA A CARGA ID: 166737;874;120008569
26/05/2026 10:30;CARLOS.DAGUANA;5 - OPERADOR;166737;NOTA FISCAL ID: 9931810 VINCULADA A CARGA ID: 166737;874;120008578
26/05/2026 10:30;CARLOS.DAGUANA;5 - OPERADOR;166737;NOTA FISCAL ID: 9931035 VINCULADA A CARGA ID: 166737;874;120008588
26/05/2026 10:30;CARLOS.DAGUANA;5 - OPERADOR;166737;NOTA FISCAL ID: 9931475 VINCULADA A CARGA ID: 166737;874;120008590
26/05/2026 10:30;CARLOS.DAGUANA;5 - OPERADOR;166737;NOTA FISCAL ID: 9930961 VINCULADA A CARGA ID: 166737;874;120008598
26/05/2026 10:30;CARLOS.DAGUANA;5 - OPERADOR;166737;NOTA FISCAL ID: 9930997 VINCULADA A CARGA ID: 166737;874;120008605
26/05/2026 10:30;CARLOS.DAGUANA;5 - OPERADOR;166737;NOTA FISCAL ID: 9931498 VINCULADA A CARGA ID: 166737;874;120008631
26/05/2026 10:30;PAULO.TELES;5 - OPERADOR;166738;NOTA FISCAL ID: 9931481 VINCULADA A CARGA ID: 166738;893;120008629
26/05/2026 10:30;CARLOS.DAGUANA;5 - OPERADOR;166737;NOTA FISCAL ID: 9930979 VINCULADA A CARGA ID: 166737;874;120008633
26/05/2026 10:30;CARLOS.DAGUANA;5 - OPERADOR;166737;NOTA FISCAL ID: 9931478 VINCULADA A CARGA ID: 166737;874;120008635
26/05/2026 10:30;PAULO.TELES;5 - OPERADOR;166738;NOTA FISCAL ID: 9930444 VINCULADA A CARGA ID: 166738;893;120008642
26/05/2026 10:30;CARLOS.DAGUANA;5 - OPERADOR;166737;NOTA FISCAL ID: 9931392 VINCULADA A CARGA ID: 166737;874;120008647
26/05/2026 10:30;PAULO.TELES;5 - OPERADOR;166738;NOTA FISCAL ID: 9931020 VINCULADA A CARGA ID: 166738;893;120008645
26/05/2026 10:31;PAULO.TELES;5 - OPERADOR;166738;NOTA FISCAL ID: 9929522 VINCULADA A CARGA ID: 166738;893;120008655
26/05/2026 10:31;CARLOS.DAGUANA;5 - OPERADOR;166737;NOTA FISCAL ID: 9931609 VINCULADA A CARGA ID: 166737;874;120008657
26/05/2026 10:31;PAULO.TELES;5 - OPERADOR;166738;NOTA FISCAL ID: 9930492 VINCULADA A CARGA ID: 166738;893;120008659
26/05/2026 10:31;CARLOS.DAGUANA;5 - OPERADOR;166737;NOTA FISCAL ID: 9930960 VINCULADA A CARGA ID: 166737;874;120008680
26/05/2026 10:31;JOSE.SILVA;5 - OPERADOR;166739;NOTA FISCAL ID: 9931270 VINCULADA A CARGA ID: 166739;807;120008685
26/05/2026 10:31;CARLOS.DAGUANA;5 - OPERADOR;166737;NOTA FISCAL ID: 9931623 VINCULADA A CARGA ID: 166737;874;120008734
26/05/2026 10:31;PAULO.TELES;5 - OPERADOR;166738;NOTA FISCAL ID: 9931638 VINCULADA A CARGA ID: 166738;893;120008728
26/05/2026 10:31;JOSE.SILVA;5 - OPERADOR;166739;NOTA FISCAL ID: 9931787 VINCULADA A CARGA ID: 166739;807;120008720
26/05/2026 10:31;JOSE.SILVA;5 - OPERADOR;166739;NOTA FISCAL ID: 9931652 VINCULADA A CARGA ID: 166739;807;120008763
26/05/2026 10:31;PAULO.TELES;5 - OPERADOR;166738;NOTA FISCAL ID: 9930592 VINCULADA A CARGA ID: 166738;893;120008777
26/05/2026 10:31;CARLOS.DAGUANA;5 - OPERADOR;166737;NOTA FISCAL ID: 9931300 VINCULADA A CARGA ID: 166737;874;120008794
26/05/2026 10:31;PAULO.TELES;5 - OPERADOR;166738;NOTA FISCAL ID: 9929657 VINCULADA A CARGA ID: 166738;893;120008800
26/05/2026 10:31;CARLOS.DAGUANA;5 - OPERADOR;166737;NOTA FISCAL ID: 9931354 VINCULADA A CARGA ID: 166737;874;120008821
26/05/2026 10:31;JOSE.SILVA;5 - OPERADOR;166739;NOTA FISCAL ID: 9928496 VINCULADA A CARGA ID: 166739;807;120008828
26/05/2026 10:31;PAULO.TELES;5 - OPERADOR;166738;NOTA FISCAL ID: 9928553 VINCULADA A CARGA ID: 166738;893;120008830
26/05/2026 10:31;CARLOS.DAGUANA;5 - OPERADOR;166737;NOTA FISCAL ID: 9930905 VINCULADA A CARGA ID: 166737;874;120008832
26/05/2026 10:31;PAULO.TELES;5 - OPERADOR;166738;NOTA FISCAL ID: 9930331 VINCULADA A CARGA ID: 166738;893;120008850
26/05/2026 10:31;JOSE.SILVA;5 - OPERADOR;166739;NOTA FISCAL ID: 9928810 VINCULADA A CARGA ID: 166739;807;120008862
26/05/2026 10:31;PAULO.TELES;5 - OPERADOR;166738;NOTA FISCAL ID: 9931352 VINCULADA A CARGA ID: 166738;893;120008890
26/05/2026 10:31;JOSE.SILVA;5 - OPERADOR;166739;NOTA FISCAL ID: 9929348 VINCULADA A CARGA ID: 166739;807;120008908
26/05/2026 10:31;PAULO.TELES;5 - OPERADOR;166738;NOTA FISCAL ID: 9931143 VINCULADA A CARGA ID: 166738;893;120008910
26/05/2026 10:31;JOSE.SILVA;5 - OPERADOR;166739;NOTA FISCAL ID: 9930491 VINCULADA A CARGA ID: 166739;807;120008920
26/05/2026 10:31;PAULO.TELES;5 - OPERADOR;166738;NOTA FISCAL ID: 9930240 VINCULADA A CARGA ID: 166738;893;120008912
26/05/2026 10:31;JOSE.SILVA;5 - OPERADOR;166739;NOTA FISCAL ID: 9929871 VINCULADA A CARGA ID: 166739;807;120008922
26/05/2026 10:31;JOSE.SILVA;5 - OPERADOR;166739;NOTA FISCAL ID: 9929094 VINCULADA A CARGA ID: 166739;807;120008968
26/05/2026 10:31;JOSE.SILVA;5 - OPERADOR;166739;NOTA FISCAL ID: 9930366 VINCULADA A CARGA ID: 166739;807;120008981
26/05/2026 10:31;JOSE.SILVA;5 - OPERADOR;166739;NOTA FISCAL ID: 9931433 VINCULADA A CARGA ID: 166739;807;120008993
26/05/2026 10:31;JOSE.SILVA;5 - OPERADOR;166739;NOTA FISCAL ID: 9931146 VINCULADA A CARGA ID: 166739;807;120009012
26/05/2026 10:31;JOSE.SILVA;5 - OPERADOR;166739;NOTA FISCAL ID: 9928564 VINCULADA A CARGA ID: 166739;807;120009034
26/05/2026 10:31;PAULO.TELES;5 - OPERADOR;166738;NOTA FISCAL ID: 9931466 VINCULADA A CARGA ID: 166738;893;120009027
26/05/2026 10:31;JOSE.SILVA;5 - OPERADOR;166739;NOTA FISCAL ID: 9931339 VINCULADA A CARGA ID: 166739;807;120009052
26/05/2026 10:31;PAULO.TELES;5 - OPERADOR;166738;NOTA FISCAL ID: 9929997 VINCULADA A CARGA ID: 166738;893;120009069
26/05/2026 10:31;JOSE.SILVA;5 - OPERADOR;166739;NOTA FISCAL ID: 9930220 VINCULADA A CARGA ID: 166739;807;120009071
26/05/2026 10:31;JOSE.SILVA;5 - OPERADOR;166739;NOTA FISCAL ID: 9931271 VINCULADA A CARGA ID: 166739;807;120009099
26/05/2026 10:32;PAULO.TELES;5 - OPERADOR;166738;NOTA FISCAL ID: 9931531 VINCULADA A CARGA ID: 166738;893;120009108
26/05/2026 10:32;JOSE.SILVA;5 - OPERADOR;166739;NOTA FISCAL ID: 9931549 VINCULADA A CARGA ID: 166739;807;120009132
26/05/2026 10:32;PAULO.TELES;5 - OPERADOR;166738;NOTA FISCAL ID: 9930989 VINCULADA A CARGA ID: 166738;893;120009130
26/05/2026 10:32;JOSE.SILVA;5 - OPERADOR;166739;NOTA FISCAL ID: 9930943 VINCULADA A CARGA ID: 166739;807;120009137
26/05/2026 10:32;PHSILVA;5 - OPERADOR;166740;NOTA FISCAL ID: 9930481 VINCULADA A CARGA ID: 166740;438;120009134
26/05/2026 10:32;PAULO.TELES;5 - OPERADOR;166738;NOTA FISCAL ID: 9931653 VINCULADA A CARGA ID: 166738;893;120009136
26/05/2026 10:32;PHSILVA;5 - OPERADOR;166740;NOTA FISCAL ID: 9931637 VINCULADA A CARGA ID: 166740;438;120009144
26/05/2026 10:32;PAULO.TELES;5 - OPERADOR;166738;NOTA FISCAL ID: 9930895 VINCULADA A CARGA ID: 166738;893;120009142
26/05/2026 10:32;JOSE.SILVA;5 - OPERADOR;166739;NOTA FISCAL ID: 9930157 VINCULADA A CARGA ID: 166739;807;120009146
26/05/2026 10:32;PHSILVA;5 - OPERADOR;166740;NOTA FISCAL ID: 9931206 VINCULADA A CARGA ID: 166740;438;120009148
26/05/2026 10:32;PAULO.TELES;5 - OPERADOR;166738;NOTA FISCAL ID: 9931590 VINCULADA A CARGA ID: 166738;893;120009150
26/05/2026 10:32;JOSE.SILVA;5 - OPERADOR;166739;NOTA FISCAL ID: 9928839 VINCULADA A CARGA ID: 166739;807;120009152
26/05/2026 10:32;PHSILVA;5 - OPERADOR;166740;NOTA FISCAL ID: 9930765 VINCULADA A CARGA ID: 166740;438;120009164
26/05/2026 10:32;KAIK.DIAS;5 - OPERADOR;166736;NOTA FISCAL ID: 9929021 VINCULADA A CARGA ID: 166736;884;120009180
26/05/2026 10:32;PHSILVA;5 - OPERADOR;166740;NOTA FISCAL ID: 9929494 VINCULADA A CARGA ID: 166740;438;120009178
26/05/2026 10:32;KAIK.DIAS;5 - OPERADOR;166736;NOTA FISCAL ID: 9929181 VINCULADA A CARGA ID: 166736;884;120009176
26/05/2026 10:32;KAIK.DIAS;5 - OPERADOR;166736;NOTA FISCAL ID: 9929723 VINCULADA A CARGA ID: 166736;884;120009192
26/05/2026 10:32;JOAO.CONTRI;5 - OPERADOR;166732;NOTA FISCAL ID: 9931251 VINCULADA A CARGA ID: 166732;875;120009290
26/05/2026 10:32;JOAO.CONTRI;5 - OPERADOR;166732;NOTA FISCAL ID: 9931776 VINCULADA A CARGA ID: 166732;875;120009292
26/05/2026 10:32;JOAO.CONTRI;5 - OPERADOR;166732;NOTA FISCAL ID: 9931974 VINCULADA A CARGA ID: 166732;875;120009296
26/05/2026 10:32;PHSILVA;5 - OPERADOR;166740;NOTA FISCAL ID: 9931353 VINCULADA A CARGA ID: 166740;438;120009294
26/05/2026 10:32;JOAO.CONTRI;5 - OPERADOR;166732;NOTA FISCAL ID: 9931382 VINCULADA A CARGA ID: 166732;875;120009314
26/05/2026 10:32;PHSILVA;5 - OPERADOR;166740;NOTA FISCAL ID: 9928638 VINCULADA A CARGA ID: 166740;438;120009316
26/05/2026 10:32;PHSILVA;5 - OPERADOR;166740;NOTA FISCAL ID: 9930726 VINCULADA A CARGA ID: 166740;438;120009323
26/05/2026 10:32;PHSILVA;5 - OPERADOR;166740;NOTA FISCAL ID: 9929489 VINCULADA A CARGA ID: 166740;438;120009360
26/05/2026 10:32;JOAO.CONTRI;5 - OPERADOR;166732;NOTA FISCAL ID: 9930981 VINCULADA A CARGA ID: 166732;875;120009347
26/05/2026 10:32;PHSILVA;5 - OPERADOR;166740;NOTA FISCAL ID: 9930717 VINCULADA A CARGA ID: 166740;438;120009370
26/05/2026 10:32;PHSILVA;5 - OPERADOR;166740;NOTA FISCAL ID: 9929926 VINCULADA A CARGA ID: 166740;438;120009402
26/05/2026 10:32;PHSILVA;5 - OPERADOR;166740;NOTA FISCAL ID: 9930062 VINCULADA A CARGA ID: 166740;438;120009421
26/05/2026 10:32;PHSILVA;5 - OPERADOR;166740;NOTA FISCAL ID: 9929582 VINCULADA A CARGA ID: 166740;438;120009429
26/05/2026 10:32;PHSILVA;5 - OPERADOR;166740;NOTA FISCAL ID: 9930186 VINCULADA A CARGA ID: 166740;438;120009452
26/05/2026 10:32;PHSILVA;5 - OPERADOR;166740;NOTA FISCAL ID: 9930744 VINCULADA A CARGA ID: 166740;438;120009454
26/05/2026 10:32;KAIK.DIAS;5 - OPERADOR;166736;NOTA FISCAL ID: 9931128 VINCULADA A CARGA ID: 166736;884;120009457
26/05/2026 10:32;KAIK.DIAS;5 - OPERADOR;166736;NOTA FISCAL ID: 9930774 VINCULADA A CARGA ID: 166736;884;120009481
26/05/2026 10:32;PHSILVA;5 - OPERADOR;166740;NOTA FISCAL ID: 9929505 VINCULADA A CARGA ID: 166740;438;120009483
26/05/2026 10:32;PHSILVA;5 - OPERADOR;166740;NOTA FISCAL ID: 9930553 VINCULADA A CARGA ID: 166740;438;120009496
26/05/2026 10:32;PHSILVA;5 - OPERADOR;166740;NOTA FISCAL ID: 9929680 VINCULADA A CARGA ID: 166740;438;120009510
26/05/2026 10:33;PHSILVA;5 - OPERADOR;166740;NOTA FISCAL ID: 9931280 VINCULADA A CARGA ID: 166740;438;120009533
26/05/2026 10:33;JOSE.JUNIOR;5 - OPERADOR;166741;NOTA FISCAL ID: 9929254 VINCULADA A CARGA ID: 166741;827;120009536
26/05/2026 10:33;PHSILVA;5 - OPERADOR;166740;NOTA FISCAL ID: 9930903 VINCULADA A CARGA ID: 166740;438;120009538
26/05/2026 10:33;JOSE.JUNIOR;5 - OPERADOR;166741;NOTA FISCAL ID: 9929231 VINCULADA A CARGA ID: 166741;827;120009541
26/05/2026 10:33;JOSE.JUNIOR;5 - OPERADOR;166741;NOTA FISCAL ID: 9930135 VINCULADA A CARGA ID: 166741;827;120009554
26/05/2026 10:33;JOSE.JUNIOR;5 - OPERADOR;166741;NOTA FISCAL ID: 9929049 VINCULADA A CARGA ID: 166741;827;120009556
26/05/2026 10:33;JOAO.CONTRI;5 - OPERADOR;166732;NOTA FISCAL ID: 9930894 VINCULADA A CARGA ID: 166732;875;120009567
26/05/2026 10:33;JOAO.CONTRI;5 - OPERADOR;166732;NOTA FISCAL ID: 9930926 VINCULADA A CARGA ID: 166732;875;120009571
26/05/2026 10:33;JOSE.JUNIOR;5 - OPERADOR;166741;NOTA FISCAL ID: 9928433 VINCULADA A CARGA ID: 166741;827;120009573
26/05/2026 10:33;JOSE.JUNIOR;5 - OPERADOR;166741;NOTA FISCAL ID: 9928557 VINCULADA A CARGA ID: 166741;827;120009594
26/05/2026 10:33;JOSE.JUNIOR;5 - OPERADOR;166741;NOTA FISCAL ID: 9928977 VINCULADA A CARGA ID: 166741;827;120009606
26/05/2026 10:33;JOSE.JUNIOR;5 - OPERADOR;166741;NOTA FISCAL ID: 9930621 VINCULADA A CARGA ID: 166741;827;120009610
26/05/2026 10:33;JOSE.JUNIOR;5 - OPERADOR;166741;NOTA FISCAL ID: 9930345 VINCULADA A CARGA ID: 166741;827;120009612
26/05/2026 10:33;JOSE.JUNIOR;5 - OPERADOR;166741;NOTA FISCAL ID: 9929338 VINCULADA A CARGA ID: 166741;827;120009620
26/05/2026 10:33;JOAO.CONTRI;5 - OPERADOR;166732;NOTA FISCAL ID: 9931436 VINCULADA A CARGA ID: 166732;875;120009710
26/05/2026 10:33;JOAO.CONTRI;5 - OPERADOR;166732;NOTA FISCAL ID: 9931628 VINCULADA A CARGA ID: 166732;875;120009729
26/05/2026 10:33;JOAO.CONTRI;5 - OPERADOR;166732;NOTA FISCAL ID: 9931205 VINCULADA A CARGA ID: 166732;875;120009745
26/05/2026 10:35;LUCAS.RAMOS;4 - SUPERVISOR;166742;NOTA FISCAL ID: 9929414 VINCULADA A CARGA ID: 166742;728;120010165
26/05/2026 10:35;LUCAS.RAMOS;4 - SUPERVISOR;166742;NOTA FISCAL ID: 9928443 VINCULADA A CARGA ID: 166742;728;120010172
26/05/2026 10:35;LUCAS.RAMOS;4 - SUPERVISOR;166742;NOTA FISCAL ID: 9928574 VINCULADA A CARGA ID: 166742;728;120010201
26/05/2026 10:35;LUCAS.RAMOS;4 - SUPERVISOR;166742;NOTA FISCAL ID: 9930224 VINCULADA A CARGA ID: 166742;728;120010225
26/05/2026 10:35;LUCAS.RAMOS;4 - SUPERVISOR;166742;NOTA FISCAL ID: 9930110 VINCULADA A CARGA ID: 166742;728;120010242
26/05/2026 10:35;LUCAS.RAMOS;4 - SUPERVISOR;166742;NOTA FISCAL ID: 9928608 VINCULADA A CARGA ID: 166742;728;120010259
26/05/2026 10:35;LUCAS.RAMOS;4 - SUPERVISOR;166742;NOTA FISCAL ID: 9931877 VINCULADA A CARGA ID: 166742;728;120010267
26/05/2026 10:35;LUCAS.RAMOS;4 - SUPERVISOR;166742;NOTA FISCAL ID: 9931275 VINCULADA A CARGA ID: 166742;728;120010319
26/05/2026 10:35;LUCAS.RAMOS;4 - SUPERVISOR;166742;NOTA FISCAL ID: 9930904 VINCULADA A CARGA ID: 166742;728;120010336
26/05/2026 10:35;LUCAS.RAMOS;4 - SUPERVISOR;166742;NOTA FISCAL ID: 9929363 VINCULADA A CARGA ID: 166742;728;120010347
26/05/2026 10:35;LUCAS.RAMOS;4 - SUPERVISOR;166742;NOTA FISCAL ID: 9928652 VINCULADA A CARGA ID: 166742;728;120010355
26/05/2026 10:35;LUCAS.RAMOS;4 - SUPERVISOR;166742;NOTA FISCAL ID: 9928408 VINCULADA A CARGA ID: 166742;728;120010374
26/05/2026 10:35;LUCAS.RAMOS;4 - SUPERVISOR;166742;NOTA FISCAL ID: 9930317 VINCULADA A CARGA ID: 166742;728;120010397
26/05/2026 10:35;LUCAS.RAMOS;4 - SUPERVISOR;166742;NOTA FISCAL ID: 9930836 VINCULADA A CARGA ID: 166742;728;120010406
26/05/2026 10:36;LUCAS.RAMOS;4 - SUPERVISOR;166742;NOTA FISCAL ID: 9928824 VINCULADA A CARGA ID: 166742;728;120010417
26/05/2026 10:36;LUCAS.RAMOS;4 - SUPERVISOR;166742;NOTA FISCAL ID: 9928797 VINCULADA A CARGA ID: 166742;728;120010426
26/05/2026 10:36;LUCAS.RAMOS;4 - SUPERVISOR;166742;NOTA FISCAL ID: 9928644 VINCULADA A CARGA ID: 166742;728;120010450
26/05/2026 10:36;LUCAS.RAMOS;4 - SUPERVISOR;166742;NOTA FISCAL ID: 9929139 VINCULADA A CARGA ID: 166742;728;120010454
26/05/2026 10:36;JOSE.JUNIOR;5 - OPERADOR;166741;NOTA FISCAL ID: 9928455 VINCULADA A CARGA ID: 166741;827;120010456
26/05/2026 10:36;JOSE.SILVA;5 - OPERADOR;166739;NOTA FISCAL ID: 9928982 VINCULADA A CARGA ID: 166739;807;120010469
26/05/2026 10:36;LUCAS.RAMOS;4 - SUPERVISOR;166742;NOTA FISCAL ID: 9929797 VINCULADA A CARGA ID: 166742;728;120010471
26/05/2026 10:36;JOSE.SILVA;5 - OPERADOR;166739;NOTA FISCAL ID: 9929563 VINCULADA A CARGA ID: 166739;807;120010473
26/05/2026 10:36;JOSE.JUNIOR;5 - OPERADOR;166741;NOTA FISCAL ID: 9928393 VINCULADA A CARGA ID: 166741;827;120010475
26/05/2026 10:36;JOSE.SILVA;5 - OPERADOR;166739;NOTA FISCAL ID: 9928902 VINCULADA A CARGA ID: 166739;807;120010480
26/05/2026 10:36;LUCAS.RAMOS;4 - SUPERVISOR;166742;NOTA FISCAL ID: 9930329 VINCULADA A CARGA ID: 166742;728;120010478
26/05/2026 10:36;JOSE.JUNIOR;5 - OPERADOR;166741;NOTA FISCAL ID: 9931023 VINCULADA A CARGA ID: 166741;827;120010482
26/05/2026 10:36;JOSE.JUNIOR;5 - OPERADOR;166741;NOTA FISCAL ID: 9931663 VINCULADA A CARGA ID: 166741;827;120010494
26/05/2026 10:36;JOSE.JUNIOR;5 - OPERADOR;166741;NOTA FISCAL ID: 9931201 VINCULADA A CARGA ID: 166741;827;120010507
26/05/2026 10:36;JOSE.JUNIOR;5 - OPERADOR;166741;NOTA FISCAL ID: 9931101 VINCULADA A CARGA ID: 166741;827;120010517
26/05/2026 10:36;JOSE.SILVA;5 - OPERADOR;166739;NOTA FISCAL ID: 9930545 VINCULADA A CARGA ID: 166739;807;120010525
26/05/2026 10:36;JOSE.JUNIOR;5 - OPERADOR;166741;NOTA FISCAL ID: 9931134 VINCULADA A CARGA ID: 166741;827;120010527
26/05/2026 10:36;JOSE.JUNIOR;5 - OPERADOR;166741;NOTA FISCAL ID: 9931351 VINCULADA A CARGA ID: 166741;827;120010538
26/05/2026 10:36;CARLOS.DAGUANA;5 - OPERADOR;166737;NOTA FISCAL ID: 9931502 VINCULADA A CARGA ID: 166737;874;120010536
26/05/2026 10:36;JOSE.SILVA;5 - OPERADOR;166739;NOTA FISCAL ID: 9929877 VINCULADA A CARGA ID: 166739;807;120010546
26/05/2026 10:36;CARLOS.DAGUANA;5 - OPERADOR;166737;NOTA FISCAL ID: 9931345 VINCULADA A CARGA ID: 166737;874;120010552
26/05/2026 10:36;JOSE.JUNIOR;5 - OPERADOR;166741;NOTA FISCAL ID: 9931095 VINCULADA A CARGA ID: 166741;827;120010556
26/05/2026 10:36;JOSE.SILVA;5 - OPERADOR;166739;NOTA FISCAL ID: 9929714 VINCULADA A CARGA ID: 166739;807;120010554
26/05/2026 10:36;CARLOS.DAGUANA;5 - OPERADOR;166737;NOTA FISCAL ID: 9931046 VINCULADA A CARGA ID: 166737;874;120010564
26/05/2026 10:36;JOSE.JUNIOR;5 - OPERADOR;166741;NOTA FISCAL ID: 9931230 VINCULADA A CARGA ID: 166741;827;120010575
26/05/2026 10:36;JOSE.SILVA;5 - OPERADOR;166739;NOTA FISCAL ID: 9929960 VINCULADA A CARGA ID: 166739;807;120010573
26/05/2026 10:36;CARLOS.DAGUANA;5 - OPERADOR;166737;NOTA FISCAL ID: 9931390 VINCULADA A CARGA ID: 166737;874;120010587
26/05/2026 10:36;JOSE.SILVA;5 - OPERADOR;166739;NOTA FISCAL ID: 9929699 VINCULADA A CARGA ID: 166739;807;120010606
26/05/2026 10:36;CARLOS.DAGUANA;5 - OPERADOR;166737;NOTA FISCAL ID: 9931316 VINCULADA A CARGA ID: 166737;874;120010608
26/05/2026 10:36;CARLOS.DAGUANA;5 - OPERADOR;166737;NOTA FISCAL ID: 9931717 VINCULADA A CARGA ID: 166737;874;120010628
26/05/2026 10:36;JOSE.SILVA;5 - OPERADOR;166739;NOTA FISCAL ID: 9928549 VINCULADA A CARGA ID: 166739;807;120010630
26/05/2026 10:36;CARLOS.DAGUANA;5 - OPERADOR;166737;NOTA FISCAL ID: 9927676 VINCULADA A CARGA ID: 166737;874;120010643
26/05/2026 10:37;JOSE.SILVA;5 - OPERADOR;166739;NOTA FISCAL ID: 9928385 VINCULADA A CARGA ID: 166739;807;120010645
26/05/2026 10:37;CARLOS.DAGUANA;5 - OPERADOR;166737;NOTA FISCAL ID: 9931886 VINCULADA A CARGA ID: 166737;874;120010657
26/05/2026 10:37;CARLOS.DAGUANA;5 - OPERADOR;166737;NOTA FISCAL ID: 9931373 VINCULADA A CARGA ID: 166737;874;120010679
26/05/2026 10:37;CARLOS.DAGUANA;5 - OPERADOR;166737;NOTA FISCAL ID: 9928472 VINCULADA A CARGA ID: 166737;874;120010689
26/05/2026 10:37;CARLOS.DAGUANA;5 - OPERADOR;166737;NOTA FISCAL ID: 9932485 VINCULADA A CARGA ID: 166737;874;120010704
26/05/2026 10:37;CARLOS.DAGUANA;5 - OPERADOR;166737;NOTA FISCAL ID: 9932444 VINCULADA A CARGA ID: 166737;874;120010735
26/05/2026 10:37;CARLOS.DAGUANA;5 - OPERADOR;166737;NOTA FISCAL ID: 9932421 VINCULADA A CARGA ID: 166737;874;120010766
26/05/2026 10:37;CARLOS.DAGUANA;5 - OPERADOR;166737;NOTA FISCAL ID: 9930994 VINCULADA A CARGA ID: 166737;874;120010773
26/05/2026 10:37;CARLOS.DAGUANA;5 - OPERADOR;166737;NOTA FISCAL ID: 9931865 VINCULADA A CARGA ID: 166737;874;120010777
26/05/2026 10:37;PAULO.TELES;5 - OPERADOR;166738;NOTA FISCAL ID: 9930822 VINCULADA A CARGA ID: 166738;893;120010786
26/05/2026 10:37;CARLOS.DAGUANA;5 - OPERADOR;166737;NOTA FISCAL ID: 9876111 VINCULADA A CARGA ID: 166737;874;120010788
26/05/2026 10:37;PAULO.TELES;5 - OPERADOR;166738;NOTA FISCAL ID: 9929221 VINCULADA A CARGA ID: 166738;893;120010791
26/05/2026 10:37;CARLOS.DAGUANA;5 - OPERADOR;166737;NOTA FISCAL ID: 9929213 VINCULADA A CARGA ID: 166737;874;120010793
26/05/2026 10:37;PAULO.TELES;5 - OPERADOR;166738;NOTA FISCAL ID: 9928366 VINCULADA A CARGA ID: 166738;893;120010809
26/05/2026 10:37;CARLOS.DAGUANA;5 - OPERADOR;166737;NOTA FISCAL ID: 9926674 VINCULADA A CARGA ID: 166737;874;120010811
26/05/2026 10:37;PAULO.TELES;5 - OPERADOR;166738;NOTA FISCAL ID: 9928912 VINCULADA A CARGA ID: 166738;893;120010814
26/05/2026 10:37;CARLOS.DAGUANA;5 - OPERADOR;166737;NOTA FISCAL ID: 9927873 VINCULADA A CARGA ID: 166737;874;120010823
26/05/2026 10:37;PAULO.TELES;5 - OPERADOR;166738;NOTA FISCAL ID: 9930244 VINCULADA A CARGA ID: 166738;893;120010835
26/05/2026 10:37;CARLOS.DAGUANA;5 - OPERADOR;166737;NOTA FISCAL ID: 9927979 VINCULADA A CARGA ID: 166737;874;120010837
26/05/2026 10:37;PAULO.TELES;5 - OPERADOR;166738;NOTA FISCAL ID: 9930868 VINCULADA A CARGA ID: 166738;893;120010842
26/05/2026 10:37;PAULO.TELES;5 - OPERADOR;166738;NOTA FISCAL ID: 9930642 VINCULADA A CARGA ID: 166738;893;120010861
26/05/2026 10:37;PAULO.TELES;5 - OPERADOR;166738;NOTA FISCAL ID: 9929940 VINCULADA A CARGA ID: 166738;893;120010863
26/05/2026 10:37;PAULO.TELES;5 - OPERADOR;166738;NOTA FISCAL ID: 9930117 VINCULADA A CARGA ID: 166738;893;120010870
26/05/2026 10:37;PAULO.TELES;5 - OPERADOR;166738;NOTA FISCAL ID: 9928670 VINCULADA A CARGA ID: 166738;893;120010874
26/05/2026 10:37;PAULO.TELES;5 - OPERADOR;166738;NOTA FISCAL ID: 9930973 VINCULADA A CARGA ID: 166738;893;120010896
26/05/2026 10:37;PAULO.TELES;5 - OPERADOR;166738;NOTA FISCAL ID: 9931651 VINCULADA A CARGA ID: 166738;893;120010910
26/05/2026 10:37;PAULO.TELES;5 - OPERADOR;166738;NOTA FISCAL ID: 9930150 VINCULADA A CARGA ID: 166738;893;120010929
26/05/2026 10:37;PAULO.TELES;5 - OPERADOR;166738;NOTA FISCAL ID: 9929004 VINCULADA A CARGA ID: 166738;893;120010946
26/05/2026 10:37;PAULO.TELES;5 - OPERADOR;166738;NOTA FISCAL ID: 9929716 VINCULADA A CARGA ID: 166738;893;120010967
26/05/2026 10:37;PAULO.TELES;5 - OPERADOR;166738;NOTA FISCAL ID: 9930537 VINCULADA A CARGA ID: 166738;893;120010969
26/05/2026 10:38;PAULO.TELES;5 - OPERADOR;166738;NOTA FISCAL ID: 9930307 VINCULADA A CARGA ID: 166738;893;120010976
26/05/2026 10:38;PAULO.TELES;5 - OPERADOR;166738;NOTA FISCAL ID: 9928758 VINCULADA A CARGA ID: 166738;893;120010978
26/05/2026 10:38;PAULO.TELES;5 - OPERADOR;166738;NOTA FISCAL ID: 9930321 VINCULADA A CARGA ID: 166738;893;120011000
26/05/2026 10:38;JOSE.JUNIOR;5 - OPERADOR;166741;NOTA FISCAL ID: 9930096 VINCULADA A CARGA ID: 166741;827;120011020
26/05/2026 10:38;JOSE.JUNIOR;5 - OPERADOR;166741;NOTA FISCAL ID: 9928973 VINCULADA A CARGA ID: 166741;827;120011027
26/05/2026 10:38;JOSE.JUNIOR;5 - OPERADOR;166741;NOTA FISCAL ID: 9930482 VINCULADA A CARGA ID: 166741;827;120011050
26/05/2026 10:38;JOSE.JUNIOR;5 - OPERADOR;166741;NOTA FISCAL ID: 9931741 VINCULADA A CARGA ID: 166741;827;120011052
26/05/2026 10:38;PAULO.TELES;5 - OPERADOR;166738;NOTA FISCAL ID: 9928730 VINCULADA A CARGA ID: 166738;893;120011054
26/05/2026 10:38;JOSE.JUNIOR;5 - OPERADOR;166741;NOTA FISCAL ID: 9929061 VINCULADA A CARGA ID: 166741;827;120011066
26/05/2026 10:38;JOSE.JUNIOR;5 - OPERADOR;166741;NOTA FISCAL ID: 9928390 VINCULADA A CARGA ID: 166741;827;120011069
26/05/2026 10:38;JOSE.JUNIOR;5 - OPERADOR;166741;NOTA FISCAL ID: 9928601 VINCULADA A CARGA ID: 166741;827;120011090
26/05/2026 10:38;JOSE.JUNIOR;5 - OPERADOR;166741;NOTA FISCAL ID: 9930988 VINCULADA A CARGA ID: 166741;827;120011108
26/05/2026 10:38;JOSE.JUNIOR;5 - OPERADOR;166741;NOTA FISCAL ID: 9929386 VINCULADA A CARGA ID: 166741;827;120011131
26/05/2026 10:38;JOSE.JUNIOR;5 - OPERADOR;166741;NOTA FISCAL ID: 9929299 VINCULADA A CARGA ID: 166741;827;120011139
26/05/2026 10:38;KAIK.DIAS;5 - OPERADOR;166743;NOTA FISCAL ID: 9930706 VINCULADA A CARGA ID: 166743;884;120011169
26/05/2026 10:38;KAIK.DIAS;5 - OPERADOR;166743;NOTA FISCAL ID: 9929041 VINCULADA A CARGA ID: 166743;884;120011181
26/05/2026 10:38;KAIK.DIAS;5 - OPERADOR;166743;NOTA FISCAL ID: 9930032 VINCULADA A CARGA ID: 166743;884;120011193
26/05/2026 10:38;KAIK.DIAS;5 - OPERADOR;166743;NOTA FISCAL ID: 9930109 VINCULADA A CARGA ID: 166743;884;120011226
26/05/2026 10:38;KAIK.DIAS;5 - OPERADOR;166743;NOTA FISCAL ID: 9930837 VINCULADA A CARGA ID: 166743;884;120011249
26/05/2026 10:38;KAIK.DIAS;5 - OPERADOR;166743;NOTA FISCAL ID: 9929262 VINCULADA A CARGA ID: 166743;884;120011257
26/05/2026 10:38;KAIK.DIAS;5 - OPERADOR;166743;NOTA FISCAL ID: 9928649 VINCULADA A CARGA ID: 166743;884;120011272
26/05/2026 10:38;JOAO.CONTRI;5 - OPERADOR;166744;NOTA FISCAL ID: 9931473 VINCULADA A CARGA ID: 166744;875;120011270
26/05/2026 10:38;JOAO.CONTRI;5 - OPERADOR;166744;NOTA FISCAL ID: 9930991 VINCULADA A CARGA ID: 166744;875;120011284
26/05/2026 10:39;KAIK.DIAS;5 - OPERADOR;166743;NOTA FISCAL ID: 9929776 VINCULADA A CARGA ID: 166743;884;120011297
26/05/2026 10:39;KAIK.DIAS;5 - OPERADOR;166743;NOTA FISCAL ID: 9930370 VINCULADA A CARGA ID: 166743;884;120011321
26/05/2026 10:39;KAIK.DIAS;5 - OPERADOR;166743;NOTA FISCAL ID: 9929248 VINCULADA A CARGA ID: 166743;884;120011340
26/05/2026 10:39;JOAO.CONTRI;5 - OPERADOR;166744;NOTA FISCAL ID: 9931666 VINCULADA A CARGA ID: 166744;875;120011342
26/05/2026 10:39;JOAO.CONTRI;5 - OPERADOR;166744;NOTA FISCAL ID: 9931135 VINCULADA A CARGA ID: 166744;875;120011503
26/05/2026 10:39;JOAO.CONTRI;5 - OPERADOR;166744;NOTA FISCAL ID: 9931323 VINCULADA A CARGA ID: 166744;875;120011505
26/05/2026 10:39;PHSILVA;5 - OPERADOR;166740;NOTA FISCAL ID: 9928403 VINCULADA A CARGA ID: 166740;438;120011517
26/05/2026 10:39;PHSILVA;5 - OPERADOR;166740;NOTA FISCAL ID: 9929474 VINCULADA A CARGA ID: 166740;438;120011522
26/05/2026 10:39;KAIK.DIAS;5 - OPERADOR;166743;NOTA FISCAL ID: 9930739 VINCULADA A CARGA ID: 166743;884;120011520
26/05/2026 10:39;JOAO.CONTRI;5 - OPERADOR;166744;NOTA FISCAL ID: 9931975 VINCULADA A CARGA ID: 166744;875;120011527
26/05/2026 10:39;KAIK.DIAS;5 - OPERADOR;166743;NOTA FISCAL ID: 9930680 VINCULADA A CARGA ID: 166743;884;120011525
26/05/2026 10:39;PHSILVA;5 - OPERADOR;166740;NOTA FISCAL ID: 9928875 VINCULADA A CARGA ID: 166740;438;120011529
26/05/2026 10:39;KAIK.DIAS;5 - OPERADOR;166743;NOTA FISCAL ID: 9930177 VINCULADA A CARGA ID: 166743;884;120011545
26/05/2026 10:39;PHSILVA;5 - OPERADOR;166740;NOTA FISCAL ID: 9928701 VINCULADA A CARGA ID: 166740;438;120011547
26/05/2026 10:39;JOAO.CONTRI;5 - OPERADOR;166744;NOTA FISCAL ID: 9931817 VINCULADA A CARGA ID: 166744;875;120011549
26/05/2026 10:39;PHSILVA;5 - OPERADOR;166740;NOTA FISCAL ID: 9928524 VINCULADA A CARGA ID: 166740;438;120011551
26/05/2026 10:39;KAIK.DIAS;5 - OPERADOR;166743;NOTA FISCAL ID: 9928965 VINCULADA A CARGA ID: 166743;884;120011563
26/05/2026 10:39;PHSILVA;5 - OPERADOR;166740;NOTA FISCAL ID: 9929185 VINCULADA A CARGA ID: 166740;438;120011572
26/05/2026 10:39;JOAO.CONTRI;5 - OPERADOR;166744;NOTA FISCAL ID: 9931282 VINCULADA A CARGA ID: 166744;875;120011576
26/05/2026 10:39;KAIK.DIAS;5 - OPERADOR;166743;NOTA FISCAL ID: 9928717 VINCULADA A CARGA ID: 166743;884;120011574
26/05/2026 10:39;PHSILVA;5 - OPERADOR;166740;NOTA FISCAL ID: 9929806 VINCULADA A CARGA ID: 166740;438;120011580
26/05/2026 10:39;KAIK.DIAS;5 - OPERADOR;166743;NOTA FISCAL ID: 9932147 VINCULADA A CARGA ID: 166743;884;120011578
26/05/2026 10:39;JOAO.CONTRI;5 - OPERADOR;166744;NOTA FISCAL ID: 9930833 VINCULADA A CARGA ID: 166744;875;120011598
26/05/2026 10:39;KAIK.DIAS;5 - OPERADOR;166743;NOTA FISCAL ID: 9928482 VINCULADA A CARGA ID: 166743;884;120011600
26/05/2026 10:39;PHSILVA;5 - OPERADOR;166740;NOTA FISCAL ID: 9930100 VINCULADA A CARGA ID: 166740;438;120011607
26/05/2026 10:39;PHSILVA;5 - OPERADOR;166740;NOTA FISCAL ID: 9930334 VINCULADA A CARGA ID: 166740;438;120011620
26/05/2026 10:39;KAIK.DIAS;5 - OPERADOR;166743;NOTA FISCAL ID: 9928813 VINCULADA A CARGA ID: 166743;884;120011611
26/05/2026 10:39;JOAO.CONTRI;5 - OPERADOR;166744;NOTA FISCAL ID: 9930140 VINCULADA A CARGA ID: 166744;875;120011639
26/05/2026 10:39;KAIK.DIAS;5 - OPERADOR;166743;NOTA FISCAL ID: 9928714 VINCULADA A CARGA ID: 166743;884;120011637
26/05/2026 10:39;PHSILVA;5 - OPERADOR;166740;NOTA FISCAL ID: 9929823 VINCULADA A CARGA ID: 166740;438;120011641
26/05/2026 10:39;KAIK.DIAS;5 - OPERADOR;166743;NOTA FISCAL ID: 9929774 VINCULADA A CARGA ID: 166743;884;120011644
26/05/2026 10:39;JOAO.CONTRI;5 - OPERADOR;166744;NOTA FISCAL ID: 9928957 VINCULADA A CARGA ID: 166744;875;120011657
26/05/2026 10:39;PHSILVA;5 - OPERADOR;166740;NOTA FISCAL ID: 9928538 VINCULADA A CARGA ID: 166740;438;120011662
26/05/2026 10:39;JOAO.CONTRI;5 - OPERADOR;166744;NOTA FISCAL ID: 9930228 VINCULADA A CARGA ID: 166744;875;120011666
26/05/2026 10:39;PHSILVA;5 - OPERADOR;166740;NOTA FISCAL ID: 9931225 VINCULADA A CARGA ID: 166740;438;120011683
26/05/2026 10:39;JOAO.CONTRI;5 - OPERADOR;166744;NOTA FISCAL ID: 9930678 VINCULADA A CARGA ID: 166744;875;120011685
26/05/2026 10:39;PHSILVA;5 - OPERADOR;166740;NOTA FISCAL ID: 9931247 VINCULADA A CARGA ID: 166740;438;120011688
26/05/2026 10:39;JOAO.CONTRI;5 - OPERADOR;166744;NOTA FISCAL ID: 9931279 VINCULADA A CARGA ID: 166744;875;120011697
26/05/2026 10:39;PHSILVA;5 - OPERADOR;166740;NOTA FISCAL ID: 9931493 VINCULADA A CARGA ID: 166740;438;120011703
26/05/2026 10:39;JOAO.CONTRI;5 - OPERADOR;166744;NOTA FISCAL ID: 9931004 VINCULADA A CARGA ID: 166744;875;120011725
26/05/2026 10:39;PHSILVA;5 - OPERADOR;166740;NOTA FISCAL ID: 9929771 VINCULADA A CARGA ID: 166740;438;120011731
26/05/2026 10:39;PHSILVA;5 - OPERADOR;166740;NOTA FISCAL ID: 9929543 VINCULADA A CARGA ID: 166740;438;120011733
26/05/2026 10:39;JOAO.CONTRI;5 - OPERADOR;166744;NOTA FISCAL ID: 9929557 VINCULADA A CARGA ID: 166744;875;120011737
26/05/2026 10:39;PHSILVA;5 - OPERADOR;166740;NOTA FISCAL ID: 9929682 VINCULADA A CARGA ID: 166740;438;120011739
26/05/2026 10:39;PHSILVA;5 - OPERADOR;166740;NOTA FISCAL ID: 9928468 VINCULADA A CARGA ID: 166740;438;120011757
26/05/2026 10:40;JOAO.CONTRI;5 - OPERADOR;166744;NOTA FISCAL ID: 9931197 VINCULADA A CARGA ID: 166744;875;120011760
26/05/2026 10:40;PHSILVA;5 - OPERADOR;166740;NOTA FISCAL ID: 9931843 VINCULADA A CARGA ID: 166740;438;120011773
26/05/2026 10:40;JOAO.CONTRI;5 - OPERADOR;166744;NOTA FISCAL ID: 9930718 VINCULADA A CARGA ID: 166744;875;120011775
26/05/2026 10:40;PHSILVA;5 - OPERADOR;166740;NOTA FISCAL ID: 9931721 VINCULADA A CARGA ID: 166740;438;120011777
26/05/2026 10:40;JOAO.CONTRI;5 - OPERADOR;166744;NOTA FISCAL ID: 9929098 VINCULADA A CARGA ID: 166744;875;120011780
26/05/2026 10:40;JOAO.CONTRI;5 - OPERADOR;166744;NOTA FISCAL ID: 9931181 VINCULADA A CARGA ID: 166744;875;120011797
26/05/2026 10:40;LUCAS.RAMOS;4 - SUPERVISOR;166742;NOTA FISCAL ID: 9930587 VINCULADA A CARGA ID: 166742;728;120012007
26/05/2026 10:40;LUCAS.RAMOS;4 - SUPERVISOR;166742;NOTA FISCAL ID: 9929266 VINCULADA A CARGA ID: 166742;728;120012020
26/05/2026 10:40;LUCAS.RAMOS;4 - SUPERVISOR;166742;NOTA FISCAL ID: 9929772 VINCULADA A CARGA ID: 166742;728;120012041
26/05/2026 10:40;LUCAS.RAMOS;4 - SUPERVISOR;166742;NOTA FISCAL ID: 9928823 VINCULADA A CARGA ID: 166742;728;120012055
26/05/2026 10:40;LUCAS.RAMOS;4 - SUPERVISOR;166742;NOTA FISCAL ID: 9930188 VINCULADA A CARGA ID: 166742;728;120012107
26/05/2026 10:40;LUCAS.RAMOS;4 - SUPERVISOR;166742;NOTA FISCAL ID: 9930479 VINCULADA A CARGA ID: 166742;728;120012115
26/05/2026 10:40;LUCAS.RAMOS;4 - SUPERVISOR;166742;NOTA FISCAL ID: 9930708 VINCULADA A CARGA ID: 166742;728;120012142
26/05/2026 10:40;LUCAS.RAMOS;4 - SUPERVISOR;166742;NOTA FISCAL ID: 9929559 VINCULADA A CARGA ID: 166742;728;120012154
26/05/2026 10:40;LUCAS.RAMOS;4 - SUPERVISOR;166742;NOTA FISCAL ID: 9930733 VINCULADA A CARGA ID: 166742;728;120012166
26/05/2026 10:41;LUCAS.RAMOS;4 - SUPERVISOR;166742;NOTA FISCAL ID: 9929366 VINCULADA A CARGA ID: 166742;728;120012172
26/05/2026 10:41;PHSILVA;5 - OPERADOR;166740;NOTA FISCAL ID: 9929735 VINCULADA A CARGA ID: 166740;438;120012252
26/05/2026 10:41;PHSILVA;5 - OPERADOR;166740;NOTA FISCAL ID: 9928444 VINCULADA A CARGA ID: 166740;438;120012255
26/05/2026 10:41;PHSILVA;5 - OPERADOR;166740;NOTA FISCAL ID: 9929147 VINCULADA A CARGA ID: 166740;438;120012281
26/05/2026 10:41;PHSILVA;5 - OPERADOR;166740;NOTA FISCAL ID: 9929614 VINCULADA A CARGA ID: 166740;438;120012285
26/05/2026 10:41;PHSILVA;5 - OPERADOR;166740;NOTA FISCAL ID: 9929611 VINCULADA A CARGA ID: 166740;438;120012287
26/05/2026 10:41;PHSILVA;5 - OPERADOR;166740;NOTA FISCAL ID: 9928354 VINCULADA A CARGA ID: 166740;438;120012295
26/05/2026 10:41;PHSILVA;5 - OPERADOR;166740;NOTA FISCAL ID: 9929598 VINCULADA A CARGA ID: 166740;438;120012308
26/05/2026 10:41;PHSILVA;5 - OPERADOR;166740;NOTA FISCAL ID: 9929937 VINCULADA A CARGA ID: 166740;438;120012314
26/05/2026 10:41;PHSILVA;5 - OPERADOR;166740;NOTA FISCAL ID: 9930235 VINCULADA A CARGA ID: 166740;438;120012317
26/05/2026 10:41;PHSILVA;5 - OPERADOR;166740;NOTA FISCAL ID: 9930684 VINCULADA A CARGA ID: 166740;438;120012340
26/05/2026 10:41;CARLOS.DAGUANA;5 - OPERADOR;166737;NOTA FISCAL ID: 9930910 VINCULADA A CARGA ID: 166737;874;120012367
26/05/2026 10:41;CARLOS.DAGUANA;5 - OPERADOR;166737;NOTA FISCAL ID: 9931019 VINCULADA A CARGA ID: 166737;874;120012369
26/05/2026 10:41;CARLOS.DAGUANA;5 - OPERADOR;166737;NOTA FISCAL ID: 9931075 VINCULADA A CARGA ID: 166737;874;120012376
26/05/2026 10:41;CARLOS.DAGUANA;5 - OPERADOR;166737;NOTA FISCAL ID: 9931648 VINCULADA A CARGA ID: 166737;874;120012390
26/05/2026 10:41;CARLOS.DAGUANA;5 - OPERADOR;166737;NOTA FISCAL ID: 9931582 VINCULADA A CARGA ID: 166737;874;120012392
26/05/2026 10:41;CARLOS.DAGUANA;5 - OPERADOR;166737;NOTA FISCAL ID: 9927579 VINCULADA A CARGA ID: 166737;874;120012442
26/05/2026 10:42;CARLOS.DAGUANA;5 - OPERADOR;166737;NOTA FISCAL ID: 9931644 VINCULADA A CARGA ID: 166737;874;120012465
26/05/2026 10:42;CARLOS.DAGUANA;5 - OPERADOR;166737;NOTA FISCAL ID: 9931614 VINCULADA A CARGA ID: 166737;874;120012489
26/05/2026 10:42;CARLOS.DAGUANA;5 - OPERADOR;166737;NOTA FISCAL ID: 9931577 VINCULADA A CARGA ID: 166737;874;120012499
26/05/2026 10:42;CARLOS.DAGUANA;5 - OPERADOR;166737;NOTA FISCAL ID: 9931068 VINCULADA A CARGA ID: 166737;874;120012503
26/05/2026 10:42;CARLOS.DAGUANA;5 - OPERADOR;166737;NOTA FISCAL ID: 9930884 VINCULADA A CARGA ID: 166737;874;120012516
26/05/2026 10:42;CARLOS.DAGUANA;5 - OPERADOR;166737;NOTA FISCAL ID: 9931384 VINCULADA A CARGA ID: 166737;874;120012519
26/05/2026 10:42;CARLOS.DAGUANA;5 - OPERADOR;166737;NOTA FISCAL ID: 9931464 VINCULADA A CARGA ID: 166737;874;120012537
26/05/2026 10:42;CARLOS.DAGUANA;5 - OPERADOR;166737;NOTA FISCAL ID: 9931305 VINCULADA A CARGA ID: 166737;874;120012548
26/05/2026 10:42;CARLOS.DAGUANA;5 - OPERADOR;166737;NOTA FISCAL ID: 9931003 VINCULADA A CARGA ID: 166737;874;120012563
26/05/2026 10:42;CARLOS.DAGUANA;5 - OPERADOR;166737;NOTA FISCAL ID: 9931487 VINCULADA A CARGA ID: 166737;874;120012572
26/05/2026 10:42;CARLOS.DAGUANA;5 - OPERADOR;166737;NOTA FISCAL ID: 9931321 VINCULADA A CARGA ID: 166737;874;120012579
26/05/2026 10:42;CARLOS.DAGUANA;5 - OPERADOR;166737;NOTA FISCAL ID: 9931806 VINCULADA A CARGA ID: 166737;874;120012600
26/05/2026 10:42;CARLOS.DAGUANA;5 - OPERADOR;166737;NOTA FISCAL ID: 9931804 VINCULADA A CARGA ID: 166737;874;120012619
26/05/2026 10:42;CARLOS.DAGUANA;5 - OPERADOR;166737;NOTA FISCAL ID: 9931395 VINCULADA A CARGA ID: 166737;874;120012627
26/05/2026 10:43;KAIK.DIAS;5 - OPERADOR;166743;NOTA FISCAL ID: 9930105 VINCULADA A CARGA ID: 166743;884;120012863
26/05/2026 10:43;KAIK.DIAS;5 - OPERADOR;166743;NOTA FISCAL ID: 9930306 VINCULADA A CARGA ID: 166743;884;120012867
26/05/2026 10:44;JOSE.JUNIOR;5 - OPERADOR;166745;NOTA FISCAL ID: 9929358 VINCULADA A CARGA ID: 166745;827;120012947
26/05/2026 10:44;JOSE.JUNIOR;5 - OPERADOR;166745;NOTA FISCAL ID: 9929481 VINCULADA A CARGA ID: 166745;827;120012990
26/05/2026 10:44;JOSE.JUNIOR;5 - OPERADOR;166745;NOTA FISCAL ID: 9930462 VINCULADA A CARGA ID: 166745;827;120012992
26/05/2026 10:44;JOSE.JUNIOR;5 - OPERADOR;166745;NOTA FISCAL ID: 9929178 VINCULADA A CARGA ID: 166745;827;120013004
26/05/2026 10:44;JOSE.JUNIOR;5 - OPERADOR;166745;NOTA FISCAL ID: 9929608 VINCULADA A CARGA ID: 166745;827;120013046
26/05/2026 10:44;JOSE.JUNIOR;5 - OPERADOR;166745;NOTA FISCAL ID: 9928988 VINCULADA A CARGA ID: 166745;827;120013072
26/05/2026 10:44;JOSE.JUNIOR;5 - OPERADOR;166745;NOTA FISCAL ID: 9930412 VINCULADA A CARGA ID: 166745;827;120013117
26/05/2026 10:44;JOSE.JUNIOR;5 - OPERADOR;166745;NOTA FISCAL ID: 9931673 VINCULADA A CARGA ID: 166745;827;120013125
26/05/2026 10:44;JOSE.JUNIOR;5 - OPERADOR;166745;NOTA FISCAL ID: 9930268 VINCULADA A CARGA ID: 166745;827;120013138
26/05/2026 10:44;JOSE.JUNIOR;5 - OPERADOR;166745;NOTA FISCAL ID: 9929642 VINCULADA A CARGA ID: 166745;827;120013140
26/05/2026 10:45;JOAO.CONTRI;5 - OPERADOR;166744;NOTA FISCAL ID: 9928721 VINCULADA A CARGA ID: 166744;875;120013302
26/05/2026 10:45;JOAO.CONTRI;5 - OPERADOR;166744;NOTA FISCAL ID: 9928672 VINCULADA A CARGA ID: 166744;875;120013308
26/05/2026 10:45;JOAO.CONTRI;5 - OPERADOR;166744;NOTA FISCAL ID: 9929336 VINCULADA A CARGA ID: 166744;875;120013327
26/05/2026 10:45;JOAO.CONTRI;5 - OPERADOR;166744;NOTA FISCAL ID: 9930203 VINCULADA A CARGA ID: 166744;875;120013329
26/05/2026 10:45;JOAO.CONTRI;5 - OPERADOR;166744;NOTA FISCAL ID: 9929811 VINCULADA A CARGA ID: 166744;875;120013332
26/05/2026 10:45;JOAO.CONTRI;5 - OPERADOR;166744;NOTA FISCAL ID: 9929813 VINCULADA A CARGA ID: 166744;875;120013423
26/05/2026 10:45;JOAO.CONTRI;5 - OPERADOR;166744;NOTA FISCAL ID: 9929668 VINCULADA A CARGA ID: 166744;875;120013426
26/05/2026 10:46;JOAO.CONTRI;5 - OPERADOR;166744;NOTA FISCAL ID: 9930316 VINCULADA A CARGA ID: 166744;875;120013880
26/05/2026 10:46;JOAO.CONTRI;5 - OPERADOR;166744;NOTA FISCAL ID: 9929867 VINCULADA A CARGA ID: 166744;875;120013897
26/05/2026 10:46;JOAO.CONTRI;5 - OPERADOR;166744;NOTA FISCAL ID: 9931654 VINCULADA A CARGA ID: 166744;875;120013901
26/05/2026 10:46;PAULO.TELES;5 - OPERADOR;166746;NOTA FISCAL ID: 9931255 VINCULADA A CARGA ID: 166746;893;120013943
26/05/2026 10:46;PAULO.TELES;5 - OPERADOR;166746;NOTA FISCAL ID: 9930421 VINCULADA A CARGA ID: 166746;893;120013956
26/05/2026 10:46;PAULO.TELES;5 - OPERADOR;166746;NOTA FISCAL ID: 9930776 VINCULADA A CARGA ID: 166746;893;120013979
26/05/2026 10:46;PAULO.TELES;5 - OPERADOR;166746;NOTA FISCAL ID: 9929390 VINCULADA A CARGA ID: 166746;893;120014076
26/05/2026 10:46;JOAO.CONTRI;5 - OPERADOR;166744;NOTA FISCAL ID: 9931073 VINCULADA A CARGA ID: 166744;875;120014094
26/05/2026 10:46;PAULO.TELES;5 - OPERADOR;166746;NOTA FISCAL ID: 9930918 VINCULADA A CARGA ID: 166746;893;120014119
26/05/2026 10:47;CARLOS.DAGUANA;5 - OPERADOR;166737;NOTA FISCAL ID: 9930888 VINCULADA A CARGA ID: 166737;874;120014142
26/05/2026 10:47;CARLOS.DAGUANA;5 - OPERADOR;166737;NOTA FISCAL ID: 9930942 VINCULADA A CARGA ID: 166737;874;120014180
26/05/2026 10:47;CARLOS.DAGUANA;5 - OPERADOR;166737;NOTA FISCAL ID: 9931007 VINCULADA A CARGA ID: 166737;874;120014197
26/05/2026 10:47;CARLOS.DAGUANA;5 - OPERADOR;166737;NOTA FISCAL ID: 9928367 VINCULADA A CARGA ID: 166737;874;120014201
26/05/2026 10:47;CARLOS.DAGUANA;5 - OPERADOR;166737;NOTA FISCAL ID: 9929597 VINCULADA A CARGA ID: 166737;874;120014209
26/05/2026 10:47;JOAO.CONTRI;5 - OPERADOR;166744;NOTA FISCAL ID: 9931129 VINCULADA A CARGA ID: 166744;875;120014221
26/05/2026 10:47;CARLOS.DAGUANA;5 - OPERADOR;166737;NOTA FISCAL ID: 9928694 VINCULADA A CARGA ID: 166737;874;120014223
26/05/2026 10:47;CARLOS.DAGUANA;5 - OPERADOR;166737;NOTA FISCAL ID: 9932398 VINCULADA A CARGA ID: 166737;874;120014225
26/05/2026 10:47;PAULO.TELES;5 - OPERADOR;166746;NOTA FISCAL ID: 9931137 VINCULADA A CARGA ID: 166746;893;120014227
26/05/2026 10:47;CARLOS.DAGUANA;5 - OPERADOR;166737;NOTA FISCAL ID: 9931811 VINCULADA A CARGA ID: 166737;874;120014236
26/05/2026 10:47;JOAO.CONTRI;5 - OPERADOR;166744;NOTA FISCAL ID: 9918547 VINCULADA A CARGA ID: 166744;875;120014248
26/05/2026 10:47;CARLOS.DAGUANA;5 - OPERADOR;166737;NOTA FISCAL ID: 9929183 VINCULADA A CARGA ID: 166737;874;120014253
26/05/2026 10:47;PAULO.TELES;5 - OPERADOR;166746;NOTA FISCAL ID: 9929457 VINCULADA A CARGA ID: 166746;893;120014255
26/05/2026 10:47;JOAO.CONTRI;5 - OPERADOR;166744;NOTA FISCAL ID: 9910730 VINCULADA A CARGA ID: 166744;875;120014257
26/05/2026 10:47;JOAO.CONTRI;5 - OPERADOR;166744;NOTA FISCAL ID: 9914212 VINCULADA A CARGA ID: 166744;875;120014275
26/05/2026 10:47;LUCAS.RAMOS;4 - SUPERVISOR;166747;NOTA FISCAL ID: 9928611 VINCULADA A CARGA ID: 166747;728;120014273
26/05/2026 10:47;CARLOS.DAGUANA;5 - OPERADOR;166737;NOTA FISCAL ID: 9929740 VINCULADA A CARGA ID: 166737;874;120014271
26/05/2026 10:47;LUCAS.RAMOS;4 - SUPERVISOR;166747;NOTA FISCAL ID: 9929016 VINCULADA A CARGA ID: 166747;728;120014277
26/05/2026 10:47;CARLOS.DAGUANA;5 - OPERADOR;166737;NOTA FISCAL ID: 9928522 VINCULADA A CARGA ID: 166737;874;120014286
26/05/2026 10:47;PAULO.TELES;5 - OPERADOR;166746;NOTA FISCAL ID: 9928999 VINCULADA A CARGA ID: 166746;893;120014284
26/05/2026 10:47;CARLOS.DAGUANA;5 - OPERADOR;166737;NOTA FISCAL ID: 9931404 VINCULADA A CARGA ID: 166737;874;120014288
26/05/2026 10:47;PAULO.TELES;5 - OPERADOR;166746;NOTA FISCAL ID: 9928535 VINCULADA A CARGA ID: 166746;893;120014290
26/05/2026 10:47;LUCAS.RAMOS;4 - SUPERVISOR;166747;NOTA FISCAL ID: 9928560 VINCULADA A CARGA ID: 166747;728;120014292
26/05/2026 10:47;CARLOS.DAGUANA;5 - OPERADOR;166737;NOTA FISCAL ID: 9928285 VINCULADA A CARGA ID: 166737;874;120014294
26/05/2026 10:47;LUCAS.RAMOS;4 - SUPERVISOR;166747;NOTA FISCAL ID: 9929729 VINCULADA A CARGA ID: 166747;728;120014296
26/05/2026 10:47;PAULO.TELES;5 - OPERADOR;166746;NOTA FISCAL ID: 9930853 VINCULADA A CARGA ID: 166746;893;120014300
26/05/2026 10:47;CARLOS.DAGUANA;5 - OPERADOR;166737;NOTA FISCAL ID: 9931069 VINCULADA A CARGA ID: 166737;874;120014298
26/05/2026 10:47;LUCAS.RAMOS;4 - SUPERVISOR;166747;NOTA FISCAL ID: 9928382 VINCULADA A CARGA ID: 166747;728;120014317
26/05/2026 10:47;CARLOS.DAGUANA;5 - OPERADOR;166737;NOTA FISCAL ID: 9928680 VINCULADA A CARGA ID: 166737;874;120014319
26/05/2026 10:47;CARLOS.DAGUANA;5 - OPERADOR;166737;NOTA FISCAL ID: 9921656 VINCULADA A CARGA ID: 166737;874;120014323
26/05/2026 10:47;PAULO.TELES;5 - OPERADOR;166746;NOTA FISCAL ID: 9930260 VINCULADA A CARGA ID: 166746;893;120014321
26/05/2026 10:47;LUCAS.RAMOS;4 - SUPERVISOR;166747;NOTA FISCAL ID: 9931380 VINCULADA A CARGA ID: 166747;728;120014335
26/05/2026 10:47;LUCAS.RAMOS;4 - SUPERVISOR;166747;NOTA FISCAL ID: 9931608 VINCULADA A CARGA ID: 166747;728;120014340
26/05/2026 10:47;LUCAS.RAMOS;4 - SUPERVISOR;166747;NOTA FISCAL ID: 9929376 VINCULADA A CARGA ID: 166747;728;120014347
26/05/2026 10:47;PAULO.TELES;5 - OPERADOR;166746;NOTA FISCAL ID: 9930381 VINCULADA A CARGA ID: 166746;893;120014349
26/05/2026 10:47;LUCAS.RAMOS;4 - SUPERVISOR;166747;NOTA FISCAL ID: 9929787 VINCULADA A CARGA ID: 166747;728;120014351
26/05/2026 10:47;LUCAS.RAMOS;4 - SUPERVISOR;166747;NOTA FISCAL ID: 9928542 VINCULADA A CARGA ID: 166747;728;120014359
26/05/2026 10:47;PAULO.TELES;5 - OPERADOR;166746;NOTA FISCAL ID: 9931674 VINCULADA A CARGA ID: 166746;893;120014372
26/05/2026 10:47;CARLOS.DAGUANA;5 - OPERADOR;166737;NOTA FISCAL ID: 9929308 VINCULADA A CARGA ID: 166737;874;120014395
26/05/2026 10:47;LUCAS.RAMOS;4 - SUPERVISOR;166747;NOTA FISCAL ID: 9928399 VINCULADA A CARGA ID: 166747;728;120014397
26/05/2026 10:47;PAULO.TELES;5 - OPERADOR;166746;NOTA FISCAL ID: 9931405 VINCULADA A CARGA ID: 166746;893;120014399
26/05/2026 10:47;CARLOS.DAGUANA;5 - OPERADOR;166737;NOTA FISCAL ID: 9930153 VINCULADA A CARGA ID: 166737;874;120014401
26/05/2026 10:47;CARLOS.DAGUANA;5 - OPERADOR;166737;NOTA FISCAL ID: 9927346 VINCULADA A CARGA ID: 166737;874;120014409
26/05/2026 10:47;LUCAS.RAMOS;4 - SUPERVISOR;166747;NOTA FISCAL ID: 9931013 VINCULADA A CARGA ID: 166747;728;120014416
26/05/2026 10:47;CARLOS.DAGUANA;5 - OPERADOR;166737;NOTA FISCAL ID: 9928181 VINCULADA A CARGA ID: 166737;874;120014418
26/05/2026 10:47;PAULO.TELES;5 - OPERADOR;166746;NOTA FISCAL ID: 9931509 VINCULADA A CARGA ID: 166746;893;120014420
26/05/2026 10:47;CARLOS.DAGUANA;5 - OPERADOR;166737;NOTA FISCAL ID: 9928938 VINCULADA A CARGA ID: 166737;874;120014424
26/05/2026 10:47;CARLOS.DAGUANA;5 - OPERADOR;166737;NOTA FISCAL ID: 9928032 VINCULADA A CARGA ID: 166737;874;120014432
26/05/2026 10:48;LUCAS.RAMOS;4 - SUPERVISOR;166747;NOTA FISCAL ID: 9928969 VINCULADA A CARGA ID: 166747;728;120014440
26/05/2026 10:48;CARLOS.DAGUANA;5 - OPERADOR;166737;NOTA FISCAL ID: 9930521 VINCULADA A CARGA ID: 166737;874;120014458
26/05/2026 10:48;LUCAS.RAMOS;4 - SUPERVISOR;166747;NOTA FISCAL ID: 9931153 VINCULADA A CARGA ID: 166747;728;120014460
26/05/2026 10:48;CARLOS.DAGUANA;5 - OPERADOR;166737;NOTA FISCAL ID: 9927106 VINCULADA A CARGA ID: 166737;874;120014462
26/05/2026 10:48;LUCAS.RAMOS;4 - SUPERVISOR;166747;NOTA FISCAL ID: 9930984 VINCULADA A CARGA ID: 166747;728;120014464
26/05/2026 10:48;CARLOS.DAGUANA;5 - OPERADOR;166737;NOTA FISCAL ID: 9926857 VINCULADA A CARGA ID: 166737;874;120014466
26/05/2026 10:48;CARLOS.DAGUANA;5 - OPERADOR;166737;NOTA FISCAL ID: 9926793 VINCULADA A CARGA ID: 166737;874;120014502
26/05/2026 10:48;LUCAS.RAMOS;4 - SUPERVISOR;166747;NOTA FISCAL ID: 9928863 VINCULADA A CARGA ID: 166747;728;120014510
26/05/2026 10:48;CARLOS.DAGUANA;5 - OPERADOR;166737;NOTA FISCAL ID: 9928814 VINCULADA A CARGA ID: 166737;874;120014512
26/05/2026 10:48;PAULO.TELES;5 - OPERADOR;166746;NOTA FISCAL ID: 9929500 VINCULADA A CARGA ID: 166746;893;120014531
26/05/2026 10:48;PAULO.TELES;5 - OPERADOR;166746;NOTA FISCAL ID: 9929031 VINCULADA A CARGA ID: 166746;893;120014535
26/05/2026 10:48;CARLOS.DAGUANA;5 - OPERADOR;166737;NOTA FISCAL ID: 9928374 VINCULADA A CARGA ID: 166737;874;120014537
26/05/2026 10:48;PAULO.TELES;5 - OPERADOR;166746;NOTA FISCAL ID: 9931770 VINCULADA A CARGA ID: 166746;893;120014539
26/05/2026 10:48;CARLOS.DAGUANA;5 - OPERADOR;166737;NOTA FISCAL ID: 9927634 VINCULADA A CARGA ID: 166737;874;120014548
26/05/2026 10:48;PAULO.TELES;5 - OPERADOR;166746;NOTA FISCAL ID: 9931432 VINCULADA A CARGA ID: 166746;893;120014561
26/05/2026 10:48;PAULO.TELES;5 - OPERADOR;166746;NOTA FISCAL ID: 9931888 VINCULADA A CARGA ID: 166746;893;120014569
26/05/2026 10:48;CARLOS.DAGUANA;5 - OPERADOR;166737;NOTA FISCAL ID: 9928618 VINCULADA A CARGA ID: 166737;874;120014594
26/05/2026 10:48;JOSE.JUNIOR;5 - OPERADOR;166745;NOTA FISCAL ID: 9928485 VINCULADA A CARGA ID: 166745;827;120014607
26/05/2026 10:48;JOSE.JUNIOR;5 - OPERADOR;166745;NOTA FISCAL ID: 9931634 VINCULADA A CARGA ID: 166745;827;120014609
26/05/2026 10:48;JOSE.JUNIOR;5 - OPERADOR;166745;NOTA FISCAL ID: 9930361 VINCULADA A CARGA ID: 166745;827;120014613
26/05/2026 10:48;JOSE.JUNIOR;5 - OPERADOR;166745;NOTA FISCAL ID: 9928727 VINCULADA A CARGA ID: 166745;827;120014625
26/05/2026 10:48;JOSE.JUNIOR;5 - OPERADOR;166745;NOTA FISCAL ID: 9928523 VINCULADA A CARGA ID: 166745;827;120014653
26/05/2026 10:48;JOSE.JUNIOR;5 - OPERADOR;166745;NOTA FISCAL ID: 9930549 VINCULADA A CARGA ID: 166745;827;120014666
26/05/2026 10:48;JOSE.JUNIOR;5 - OPERADOR;166745;NOTA FISCAL ID: 9930104 VINCULADA A CARGA ID: 166745;827;120014669
26/05/2026 10:48;JOSE.JUNIOR;5 - OPERADOR;166745;NOTA FISCAL ID: 9931544 VINCULADA A CARGA ID: 166745;827;120014692
26/05/2026 10:48;JOSE.JUNIOR;5 - OPERADOR;166745;NOTA FISCAL ID: 9931249 VINCULADA A CARGA ID: 166745;827;120014709
26/05/2026 10:48;JOSE.JUNIOR;5 - OPERADOR;166745;NOTA FISCAL ID: 9929291 VINCULADA A CARGA ID: 166745;827;120014711
26/05/2026 10:49;KAIK.DIAS;5 - OPERADOR;166748;NOTA FISCAL ID: 9930485 VINCULADA A CARGA ID: 166748;884;120014795
26/05/2026 10:49;KAIK.DIAS;5 - OPERADOR;166748;NOTA FISCAL ID: 9931710 VINCULADA A CARGA ID: 166748;884;120014798
26/05/2026 10:49;KAIK.DIAS;5 - OPERADOR;166748;NOTA FISCAL ID: 9931387 VINCULADA A CARGA ID: 166748;884;120014801
26/05/2026 10:49;KAIK.DIAS;5 - OPERADOR;166748;NOTA FISCAL ID: 9931760 VINCULADA A CARGA ID: 166748;884;120014813
26/05/2026 10:49;KAIK.DIAS;5 - OPERADOR;166748;NOTA FISCAL ID: 9930219 VINCULADA A CARGA ID: 166748;884;120014815
26/05/2026 10:49;KAIK.DIAS;5 - OPERADOR;166748;NOTA FISCAL ID: 9931276 VINCULADA A CARGA ID: 166748;884;120014854
26/05/2026 10:49;KAIK.DIAS;5 - OPERADOR;166748;NOTA FISCAL ID: 9930797 VINCULADA A CARGA ID: 166748;884;120014862
26/05/2026 10:49;KAIK.DIAS;5 - OPERADOR;166748;NOTA FISCAL ID: 9928521 VINCULADA A CARGA ID: 166748;884;120014866
26/05/2026 10:49;KAIK.DIAS;5 - OPERADOR;166748;NOTA FISCAL ID: 9929929 VINCULADA A CARGA ID: 166748;884;120014869
26/05/2026 10:49;KAIK.DIAS;5 - OPERADOR;166748;NOTA FISCAL ID: 9930430 VINCULADA A CARGA ID: 166748;884;120014871
26/05/2026 10:49;KAIK.DIAS;5 - OPERADOR;166748;NOTA FISCAL ID: 9929450 VINCULADA A CARGA ID: 166748;884;120014894
26/05/2026 10:49;KAIK.DIAS;5 - OPERADOR;166748;NOTA FISCAL ID: 9931959 VINCULADA A CARGA ID: 166748;884;120014907
26/05/2026 10:49;KAIK.DIAS;5 - OPERADOR;166748;NOTA FISCAL ID: 9931162 VINCULADA A CARGA ID: 166748;884;120014909
26/05/2026 10:49;KAIK.DIAS;5 - OPERADOR;166748;NOTA FISCAL ID: 9931621 VINCULADA A CARGA ID: 166748;884;120014918
26/05/2026 10:49;KAIK.DIAS;5 - OPERADOR;166748;NOTA FISCAL ID: 9929566 VINCULADA A CARGA ID: 166748;884;120014926
26/05/2026 10:50;KAIK.DIAS;5 - OPERADOR;166748;NOTA FISCAL ID: 9931850 VINCULADA A CARGA ID: 166748;884;120014961
26/05/2026 10:50;KAIK.DIAS;5 - OPERADOR;166748;NOTA FISCAL ID: 9929693 VINCULADA A CARGA ID: 166748;884;120014963
26/05/2026 10:50;KAIK.DIAS;5 - OPERADOR;166748;NOTA FISCAL ID: 9928043 VINCULADA A CARGA ID: 166748;884;120014966
26/05/2026 10:50;KAIK.DIAS;5 - OPERADOR;166748;NOTA FISCAL ID: 9929352 VINCULADA A CARGA ID: 166748;884;120014983
26/05/2026 10:50;KAIK.DIAS;5 - OPERADOR;166748;NOTA FISCAL ID: 9930975 VINCULADA A CARGA ID: 166748;884;120014985
26/05/2026 10:50;PHSILVA;5 - OPERADOR;166749;NOTA FISCAL ID: 9930170 VINCULADA A CARGA ID: 166749;438;120015012
26/05/2026 10:50;PHSILVA;5 - OPERADOR;166749;NOTA FISCAL ID: 9929486 VINCULADA A CARGA ID: 166749;438;120015014
26/05/2026 10:50;PHSILVA;5 - OPERADOR;166749;NOTA FISCAL ID: 9931115 VINCULADA A CARGA ID: 166749;438;120015016
26/05/2026 10:50;PHSILVA;5 - OPERADOR;166749;NOTA FISCAL ID: 9930324 VINCULADA A CARGA ID: 166749;438;120015018
26/05/2026 10:50;PHSILVA;5 - OPERADOR;166749;NOTA FISCAL ID: 9926200 VINCULADA A CARGA ID: 166749;438;120015020
26/05/2026 10:50;PHSILVA;5 - OPERADOR;166749;NOTA FISCAL ID: 9930389 VINCULADA A CARGA ID: 166749;438;120015047
26/05/2026 10:50;PHSILVA;5 - OPERADOR;166749;NOTA FISCAL ID: 9931292 VINCULADA A CARGA ID: 166749;438;120015069
26/05/2026 10:50;PHSILVA;5 - OPERADOR;166749;NOTA FISCAL ID: 9930738 VINCULADA A CARGA ID: 166749;438;120015082
26/05/2026 10:50;JOSE.JUNIOR;5 - OPERADOR;166745;NOTA FISCAL ID: 9930145 VINCULADA A CARGA ID: 166745;827;120015089
26/05/2026 10:50;PHSILVA;5 - OPERADOR;166749;NOTA FISCAL ID: 9929895 VINCULADA A CARGA ID: 166749;438;120015092
26/05/2026 10:50;JOSE.JUNIOR;5 - OPERADOR;166745;NOTA FISCAL ID: 9930383 VINCULADA A CARGA ID: 166745;827;120015100
26/05/2026 10:50;JOSE.JUNIOR;5 - OPERADOR;166745;NOTA FISCAL ID: 9930471 VINCULADA A CARGA ID: 166745;827;120015112
26/05/2026 10:50;PHSILVA;5 - OPERADOR;166749;NOTA FISCAL ID: 9929451 VINCULADA A CARGA ID: 166749;438;120015117
26/05/2026 10:50;JOSE.JUNIOR;5 - OPERADOR;166745;NOTA FISCAL ID: 9930766 VINCULADA A CARGA ID: 166745;827;120015115
26/05/2026 10:50;JOSE.JUNIOR;5 - OPERADOR;166745;NOTA FISCAL ID: 9930392 VINCULADA A CARGA ID: 166745;827;120015129
26/05/2026 10:50;JOSE.JUNIOR;5 - OPERADOR;166745;NOTA FISCAL ID: 9930395 VINCULADA A CARGA ID: 166745;827;120015131
26/05/2026 10:50;JOSE.JUNIOR;5 - OPERADOR;166745;NOTA FISCAL ID: 9930450 VINCULADA A CARGA ID: 166745;827;120015143
26/05/2026 10:50;JOSE.JUNIOR;5 - OPERADOR;166745;NOTA FISCAL ID: 9929777 VINCULADA A CARGA ID: 166745;827;120015155
26/05/2026 10:50;JOSE.JUNIOR;5 - OPERADOR;166745;NOTA FISCAL ID: 9930278 VINCULADA A CARGA ID: 166745;827;120015187
26/05/2026 10:50;JOSE.JUNIOR;5 - OPERADOR;166745;NOTA FISCAL ID: 9930637 VINCULADA A CARGA ID: 166745;827;120015191
26/05/2026 10:51;PHSILVA;5 - OPERADOR;166749;NOTA FISCAL ID: 9914348 VINCULADA A CARGA ID: 166749;438;120015408
26/05/2026 10:51;PHSILVA;5 - OPERADOR;166749;NOTA FISCAL ID: 9918224 VINCULADA A CARGA ID: 166749;438;120015410
26/05/2026 10:51;PAULO.TELES;5 - OPERADOR;166746;NOTA FISCAL ID: 9930458 VINCULADA A CARGA ID: 166746;893;120015418
26/05/2026 10:51;PHSILVA;5 - OPERADOR;166749;NOTA FISCAL ID: 9913940 VINCULADA A CARGA ID: 166749;438;120015430
26/05/2026 10:51;PAULO.TELES;5 - OPERADOR;166746;NOTA FISCAL ID: 9930424 VINCULADA A CARGA ID: 166746;893;120015432
26/05/2026 10:51;PAULO.TELES;5 - OPERADOR;166746;NOTA FISCAL ID: 9929379 VINCULADA A CARGA ID: 166746;893;120015444
26/05/2026 10:51;PHSILVA;5 - OPERADOR;166749;NOTA FISCAL ID: 9930006 VINCULADA A CARGA ID: 166749;438;120015446
26/05/2026 10:51;PAULO.TELES;5 - OPERADOR;166746;NOTA FISCAL ID: 9930859 VINCULADA A CARGA ID: 166746;893;120015458
26/05/2026 10:52;PAULO.TELES;5 - OPERADOR;166746;NOTA FISCAL ID: 9929706 VINCULADA A CARGA ID: 166746;893;120015470
26/05/2026 10:52;PHSILVA;5 - OPERADOR;166749;NOTA FISCAL ID: 9930130 VINCULADA A CARGA ID: 166749;438;120015472
26/05/2026 10:52;PAULO.TELES;5 - OPERADOR;166746;NOTA FISCAL ID: 9930544 VINCULADA A CARGA ID: 166746;893;120015475
26/05/2026 10:52;PHSILVA;5 - OPERADOR;166749;NOTA FISCAL ID: 9928527 VINCULADA A CARGA ID: 166749;438;120015487
26/05/2026 10:52;PHSILVA;5 - OPERADOR;166749;NOTA FISCAL ID: 9928772 VINCULADA A CARGA ID: 166749;438;120015494
26/05/2026 10:52;PHSILVA;5 - OPERADOR;166749;NOTA FISCAL ID: 9929432 VINCULADA A CARGA ID: 166749;438;120015501
26/05/2026 10:52;PAULO.TELES;5 - OPERADOR;166746;NOTA FISCAL ID: 9930495 VINCULADA A CARGA ID: 166746;893;120015508
26/05/2026 10:52;PAULO.TELES;5 - OPERADOR;166746;NOTA FISCAL ID: 9931156 VINCULADA A CARGA ID: 166746;893;120015514
26/05/2026 10:52;PAULO.TELES;5 - OPERADOR;166746;NOTA FISCAL ID: 9930782 VINCULADA A CARGA ID: 166746;893;120015521
26/05/2026 10:52;PHSILVA;5 - OPERADOR;166749;NOTA FISCAL ID: 9928724 VINCULADA A CARGA ID: 166749;438;120015535
26/05/2026 10:52;PAULO.TELES;5 - OPERADOR;166746;NOTA FISCAL ID: 9930907 VINCULADA A CARGA ID: 166746;893;120015550
26/05/2026 10:52;PHSILVA;5 - OPERADOR;166749;NOTA FISCAL ID: 9931698 VINCULADA A CARGA ID: 166749;438;120015554
26/05/2026 10:53;CARLOS.DAGUANA;5 - OPERADOR;166737;NOTA FISCAL ID: 9930980 VINCULADA A CARGA ID: 166737;874;120015666
26/05/2026 10:53;CARLOS.DAGUANA;5 - OPERADOR;166737;NOTA FISCAL ID: 9930947 VINCULADA A CARGA ID: 166737;874;120015677
26/05/2026 10:53;CARLOS.DAGUANA;5 - OPERADOR;166737;NOTA FISCAL ID: 9931900 VINCULADA A CARGA ID: 166737;874;120015687
26/05/2026 10:53;CARLOS.DAGUANA;5 - OPERADOR;166737;NOTA FISCAL ID: 9931346 VINCULADA A CARGA ID: 166737;874;120015702
26/05/2026 10:53;CARLOS.DAGUANA;5 - OPERADOR;166737;NOTA FISCAL ID: 9931492 VINCULADA A CARGA ID: 166737;874;120015714
26/05/2026 10:53;CARLOS.DAGUANA;5 - OPERADOR;166737;NOTA FISCAL ID: 9931646 VINCULADA A CARGA ID: 166737;874;120015729
26/05/2026 10:53;CARLOS.DAGUANA;5 - OPERADOR;166737;NOTA FISCAL ID: 9931043 VINCULADA A CARGA ID: 166737;874;120015732
26/05/2026 10:53;CARLOS.DAGUANA;5 - OPERADOR;166737;NOTA FISCAL ID: 9931000 VINCULADA A CARGA ID: 166737;874;120015750
26/05/2026 10:53;CARLOS.DAGUANA;5 - OPERADOR;166737;NOTA FISCAL ID: 9931616 VINCULADA A CARGA ID: 166737;874;120015763
26/05/2026 10:53;CARLOS.DAGUANA;5 - OPERADOR;166737;NOTA FISCAL ID: 9931727 VINCULADA A CARGA ID: 166737;874;120015765
26/05/2026 10:53;CARLOS.DAGUANA;5 - OPERADOR;166737;NOTA FISCAL ID: 9931583 VINCULADA A CARGA ID: 166737;874;120015767
26/05/2026 10:53;CARLOS.DAGUANA;5 - OPERADOR;166737;NOTA FISCAL ID: 9931081 VINCULADA A CARGA ID: 166737;874;120015770
26/05/2026 10:53;CARLOS.DAGUANA;5 - OPERADOR;166737;NOTA FISCAL ID: 9931785 VINCULADA A CARGA ID: 166737;874;120015773
26/05/2026 10:53;CARLOS.DAGUANA;5 - OPERADOR;166737;NOTA FISCAL ID: 9931471 VINCULADA A CARGA ID: 166737;874;120015776
26/05/2026 10:53;CARLOS.DAGUANA;5 - OPERADOR;166737;NOTA FISCAL ID: 9931809 VINCULADA A CARGA ID: 166737;874;120015778
26/05/2026 10:53;CARLOS.DAGUANA;5 - OPERADOR;166737;NOTA FISCAL ID: 9931328 VINCULADA A CARGA ID: 166737;874;120015780
26/05/2026 10:53;CARLOS.DAGUANA;5 - OPERADOR;166737;NOTA FISCAL ID: 9931329 VINCULADA A CARGA ID: 166737;874;120015782
26/05/2026 10:53;CARLOS.DAGUANA;5 - OPERADOR;166737;NOTA FISCAL ID: 9931676 VINCULADA A CARGA ID: 166737;874;120015784
26/05/2026 10:53;CARLOS.DAGUANA;5 - OPERADOR;166737;NOTA FISCAL ID: 9931615 VINCULADA A CARGA ID: 166737;874;120015791
26/05/2026 10:53;CARLOS.DAGUANA;5 - OPERADOR;166737;NOTA FISCAL ID: 9931320 VINCULADA A CARGA ID: 166737;874;120015805
26/05/2026 10:53;CARLOS.DAGUANA;5 - OPERADOR;166737;NOTA FISCAL ID: 9931789 VINCULADA A CARGA ID: 166737;874;120015813
26/05/2026 10:53;CARLOS.DAGUANA;5 - OPERADOR;166737;NOTA FISCAL ID: 9931037 VINCULADA A CARGA ID: 166737;874;120015815
26/05/2026 10:53;CARLOS.DAGUANA;5 - OPERADOR;166737;NOTA FISCAL ID: 9931396 VINCULADA A CARGA ID: 166737;874;120015828
26/05/2026 10:53;CARLOS.DAGUANA;5 - OPERADOR;166737;NOTA FISCAL ID: 9931326 VINCULADA A CARGA ID: 166737;874;120015835
26/05/2026 10:53;CARLOS.DAGUANA;5 - OPERADOR;166737;NOTA FISCAL ID: 9931803 VINCULADA A CARGA ID: 166737;874;120015837
26/05/2026 10:53;JOSE.JUNIOR;5 - OPERADOR;166745;NOTA FISCAL ID: 9929200 VINCULADA A CARGA ID: 166745;827;120015839
26/05/2026 10:53;CARLOS.DAGUANA;5 - OPERADOR;166737;NOTA FISCAL ID: 9931096 VINCULADA A CARGA ID: 166737;874;120015841
26/05/2026 10:53;JOSE.JUNIOR;5 - OPERADOR;166745;NOTA FISCAL ID: 9928933 VINCULADA A CARGA ID: 166745;827;120015844
26/05/2026 10:53;CARLOS.DAGUANA;5 - OPERADOR;166737;NOTA FISCAL ID: 9931420 VINCULADA A CARGA ID: 166737;874;120015846
26/05/2026 10:53;CARLOS.DAGUANA;5 - OPERADOR;166737;NOTA FISCAL ID: 9931048 VINCULADA A CARGA ID: 166737;874;120015848
26/05/2026 10:53;CARLOS.DAGUANA;5 - OPERADOR;166737;NOTA FISCAL ID: 9931709 VINCULADA A CARGA ID: 166737;874;120015860
26/05/2026 10:53;JOSE.JUNIOR;5 - OPERADOR;166745;NOTA FISCAL ID: 9929588 VINCULADA A CARGA ID: 166745;827;120015858
26/05/2026 10:53;KAIK.DIAS;5 - OPERADOR;166748;NOTA FISCAL ID: 9915543 VINCULADA A CARGA ID: 166748;884;120015862
26/05/2026 10:53;JOSE.JUNIOR;5 - OPERADOR;166745;NOTA FISCAL ID: 9929909 VINCULADA A CARGA ID: 166745;827;120015866
26/05/2026 10:53;CARLOS.DAGUANA;5 - OPERADOR;166737;NOTA FISCAL ID: 9931798 VINCULADA A CARGA ID: 166737;874;120015864
26/05/2026 10:53;KAIK.DIAS;5 - OPERADOR;166748;NOTA FISCAL ID: 9929882 VINCULADA A CARGA ID: 166748;884;120015874
26/05/2026 10:53;JOSE.JUNIOR;5 - OPERADOR;166745;NOTA FISCAL ID: 9929624 VINCULADA A CARGA ID: 166745;827;120015876
26/05/2026 10:53;KAIK.DIAS;5 - OPERADOR;166748;NOTA FISCAL ID: 9930167 VINCULADA A CARGA ID: 166748;884;120015888
26/05/2026 10:53;JOSE.JUNIOR;5 - OPERADOR;166745;NOTA FISCAL ID: 9928666 VINCULADA A CARGA ID: 166745;827;120015890
26/05/2026 10:53;KAIK.DIAS;5 - OPERADOR;166748;NOTA FISCAL ID: 9930676 VINCULADA A CARGA ID: 166748;884;120015892
26/05/2026 10:54;KAIK.DIAS;5 - OPERADOR;166748;NOTA FISCAL ID: 9930125 VINCULADA A CARGA ID: 166748;884;120015904
26/05/2026 10:54;JOSE.JUNIOR;5 - OPERADOR;166745;NOTA FISCAL ID: 9929876 VINCULADA A CARGA ID: 166745;827;120015906
26/05/2026 10:54;KAIK.DIAS;5 - OPERADOR;166748;NOTA FISCAL ID: 9929951 VINCULADA A CARGA ID: 166748;884;120015918
26/05/2026 10:54;JOSE.JUNIOR;5 - OPERADOR;166745;NOTA FISCAL ID: 9930855 VINCULADA A CARGA ID: 166745;827;120015920
26/05/2026 10:54;KAIK.DIAS;5 - OPERADOR;166748;NOTA FISCAL ID: 9929375 VINCULADA A CARGA ID: 166748;884;120015922
26/05/2026 10:54;JOSE.JUNIOR;5 - OPERADOR;166745;NOTA FISCAL ID: 9929508 VINCULADA A CARGA ID: 166745;827;120015934
26/05/2026 10:54;KAIK.DIAS;5 - OPERADOR;166748;NOTA FISCAL ID: 9929039 VINCULADA A CARGA ID: 166748;884;120015941
26/05/2026 10:54;KAIK.DIAS;5 - OPERADOR;166748;NOTA FISCAL ID: 9930367 VINCULADA A CARGA ID: 166748;884;120015965
26/05/2026 10:54;JOSE.JUNIOR;5 - OPERADOR;166745;NOTA FISCAL ID: 9929581 VINCULADA A CARGA ID: 166745;827;120015963
26/05/2026 10:54;JOSE.JUNIOR;5 - OPERADOR;166745;NOTA FISCAL ID: 9929287 VINCULADA A CARGA ID: 166745;827;120015979
26/05/2026 10:54;KAIK.DIAS;5 - OPERADOR;166748;NOTA FISCAL ID: 9931620 VINCULADA A CARGA ID: 166748;884;120015977
26/05/2026 10:54;KAIK.DIAS;5 - OPERADOR;166748;NOTA FISCAL ID: 9918735 VINCULADA A CARGA ID: 166748;884;120015986
26/05/2026 10:54;JOSE.JUNIOR;5 - OPERADOR;166745;NOTA FISCAL ID: 9929017 VINCULADA A CARGA ID: 166745;827;120015988
26/05/2026 10:54;KAIK.DIAS;5 - OPERADOR;166748;NOTA FISCAL ID: 9929872 VINCULADA A CARGA ID: 166748;884;120016001
26/05/2026 10:54;KAIK.DIAS;5 - OPERADOR;166748;NOTA FISCAL ID: 9921720 VINCULADA A CARGA ID: 166748;884;120016003
26/05/2026 10:54;KAIK.DIAS;5 - OPERADOR;166748;NOTA FISCAL ID: 9915921 VINCULADA A CARGA ID: 166748;884;120016011
26/05/2026 10:54;JOSE.JUNIOR;5 - OPERADOR;166745;NOTA FISCAL ID: 9930206 VINCULADA A CARGA ID: 166745;827;120016014
26/05/2026 10:54;KAIK.DIAS;5 - OPERADOR;166748;NOTA FISCAL ID: 9931733 VINCULADA A CARGA ID: 166748;884;120016016
26/05/2026 10:54;KAIK.DIAS;5 - OPERADOR;166748;NOTA FISCAL ID: 9930729 VINCULADA A CARGA ID: 166748;884;120016018
26/05/2026 10:54;KAIK.DIAS;5 - OPERADOR;166748;NOTA FISCAL ID: 9928866 VINCULADA A CARGA ID: 166748;884;120016032
26/05/2026 10:54;JOSE.JUNIOR;5 - OPERADOR;166745;NOTA FISCAL ID: 9930038 VINCULADA A CARGA ID: 166745;827;120016030
26/05/2026 10:54;KAIK.DIAS;5 - OPERADOR;166748;NOTA FISCAL ID: 9931174 VINCULADA A CARGA ID: 166748;884;120016044
26/05/2026 10:54;JOSE.JUNIOR;5 - OPERADOR;166745;NOTA FISCAL ID: 9929903 VINCULADA A CARGA ID: 166745;827;120016046
26/05/2026 10:54;JOAO.CONTRI;5 - OPERADOR;166750;NOTA FISCAL ID: 9931312 VINCULADA A CARGA ID: 166750;875;120016064
26/05/2026 10:54;JOAO.CONTRI;5 - OPERADOR;166750;NOTA FISCAL ID: 9931703 VINCULADA A CARGA ID: 166750;875;120016066
26/05/2026 10:54;JOAO.CONTRI;5 - OPERADOR;166750;NOTA FISCAL ID: 9931830 VINCULADA A CARGA ID: 166750;875;120016068
26/05/2026 10:54;JOAO.CONTRI;5 - OPERADOR;166750;NOTA FISCAL ID: 9931272 VINCULADA A CARGA ID: 166750;875;120016070
26/05/2026 10:54;JOAO.CONTRI;5 - OPERADOR;166750;NOTA FISCAL ID: 9931497 VINCULADA A CARGA ID: 166750;875;120016088
26/05/2026 10:54;JOSE.JUNIOR;5 - OPERADOR;166745;NOTA FISCAL ID: 9930048 VINCULADA A CARGA ID: 166745;827;120016090
26/05/2026 10:54;JOSE.JUNIOR;5 - OPERADOR;166745;NOTA FISCAL ID: 9930663 VINCULADA A CARGA ID: 166745;827;120016094
26/05/2026 10:54;JOSE.JUNIOR;5 - OPERADOR;166745;NOTA FISCAL ID: 9929961 VINCULADA A CARGA ID: 166745;827;120016113
26/05/2026 10:54;JOAO.CONTRI;5 - OPERADOR;166750;NOTA FISCAL ID: 9931258 VINCULADA A CARGA ID: 166750;875;120016130
26/05/2026 10:54;JOSE.JUNIOR;5 - OPERADOR;166745;NOTA FISCAL ID: 9928816 VINCULADA A CARGA ID: 166745;827;120016161
26/05/2026 10:54;JOAO.CONTRI;5 - OPERADOR;166750;NOTA FISCAL ID: 9930749 VINCULADA A CARGA ID: 166750;875;120016139
26/05/2026 10:54;JOAO.CONTRI;5 - OPERADOR;166750;NOTA FISCAL ID: 9930008 VINCULADA A CARGA ID: 166750;875;120016170
26/05/2026 10:54;JOSE.JUNIOR;5 - OPERADOR;166745;NOTA FISCAL ID: 9929840 VINCULADA A CARGA ID: 166745;827;120016172
26/05/2026 10:54;JOAO.CONTRI;5 - OPERADOR;166750;NOTA FISCAL ID: 9931204 VINCULADA A CARGA ID: 166750;875;120016176
26/05/2026 10:54;JOAO.CONTRI;5 - OPERADOR;166750;NOTA FISCAL ID: 9931976 VINCULADA A CARGA ID: 166750;875;120016180
26/05/2026 10:55;JOAO.CONTRI;5 - OPERADOR;166750;NOTA FISCAL ID: 9931187 VINCULADA A CARGA ID: 166750;875;120016217
26/05/2026 10:55;JOAO.CONTRI;5 - OPERADOR;166750;NOTA FISCAL ID: 9931158 VINCULADA A CARGA ID: 166750;875;120016219
26/05/2026 10:55;JOAO.CONTRI;5 - OPERADOR;166750;NOTA FISCAL ID: 9931164 VINCULADA A CARGA ID: 166750;875;120016222
26/05/2026 10:55;JOAO.CONTRI;5 - OPERADOR;166750;NOTA FISCAL ID: 9931645 VINCULADA A CARGA ID: 166750;875;120016240
26/05/2026 10:55;JOAO.CONTRI;5 - OPERADOR;166750;NOTA FISCAL ID: 9929081 VINCULADA A CARGA ID: 166750;875;120016252
26/05/2026 10:55;JOAO.CONTRI;5 - OPERADOR;166750;NOTA FISCAL ID: 9930683 VINCULADA A CARGA ID: 166750;875;120016291
26/05/2026 10:55;JOAO.CONTRI;5 - OPERADOR;166750;NOTA FISCAL ID: 9929325 VINCULADA A CARGA ID: 166750;875;120016293
26/05/2026 10:55;JOAO.CONTRI;5 - OPERADOR;166750;NOTA FISCAL ID: 9928394 VINCULADA A CARGA ID: 166750;875;120016309
26/05/2026 10:55;JOAO.CONTRI;5 - OPERADOR;166750;NOTA FISCAL ID: 9928576 VINCULADA A CARGA ID: 166750;875;120016322
26/05/2026 10:55;JOAO.CONTRI;5 - OPERADOR;166750;NOTA FISCAL ID: 9929296 VINCULADA A CARGA ID: 166750;875;120016335
26/05/2026 10:55;LUCAS.RAMOS;4 - SUPERVISOR;166747;NOTA FISCAL ID: 9931077 VINCULADA A CARGA ID: 166747;728;120016372
26/05/2026 10:55;LUCAS.RAMOS;4 - SUPERVISOR;166747;NOTA FISCAL ID: 9931141 VINCULADA A CARGA ID: 166747;728;120016386
26/05/2026 10:55;LUCAS.RAMOS;4 - SUPERVISOR;166747;NOTA FISCAL ID: 9930322 VINCULADA A CARGA ID: 166747;728;120016388
26/05/2026 10:55;CARLOS.DAGUANA;5 - OPERADOR;166737;NOTA FISCAL ID: 9931337 VINCULADA A CARGA ID: 166737;874;120016421
26/05/2026 10:55;LUCAS.RAMOS;4 - SUPERVISOR;166747;NOTA FISCAL ID: 9929495 VINCULADA A CARGA ID: 166747;728;120016423
26/05/2026 10:56;CARLOS.DAGUANA;5 - OPERADOR;166737;NOTA FISCAL ID: 9931737 VINCULADA A CARGA ID: 166737;874;120016430
26/05/2026 10:56;CARLOS.DAGUANA;5 - OPERADOR;166737;NOTA FISCAL ID: 9930891 VINCULADA A CARGA ID: 166737;874;120016432
26/05/2026 10:56;CARLOS.DAGUANA;5 - OPERADOR;166737;NOTA FISCAL ID: 9932315 VINCULADA A CARGA ID: 166737;874;120016440
26/05/2026 10:56;CARLOS.DAGUANA;5 - OPERADOR;166737;NOTA FISCAL ID: 9931799 VINCULADA A CARGA ID: 166737;874;120016453
26/05/2026 10:56;CARLOS.DAGUANA;5 - OPERADOR;166737;NOTA FISCAL ID: 9931501 VINCULADA A CARGA ID: 166737;874;120016455
26/05/2026 10:56;CARLOS.DAGUANA;5 - OPERADOR;166737;NOTA FISCAL ID: 9931348 VINCULADA A CARGA ID: 166737;874;120016457
26/05/2026 10:56;JOSE.JUNIOR;5 - OPERADOR;166745;NOTA FISCAL ID: 9929590 VINCULADA A CARGA ID: 166745;827;120016475
26/05/2026 10:56;CARLOS.DAGUANA;5 - OPERADOR;166737;NOTA FISCAL ID: 9931598 VINCULADA A CARGA ID: 166737;874;120016488
26/05/2026 10:56;JOSE.JUNIOR;5 - OPERADOR;166745;NOTA FISCAL ID: 9929741 VINCULADA A CARGA ID: 166745;827;120016492
26/05/2026 10:56;CARLOS.DAGUANA;5 - OPERADOR;166737;NOTA FISCAL ID: 9931169 VINCULADA A CARGA ID: 166737;874;120016494
26/05/2026 10:56;JOSE.JUNIOR;5 - OPERADOR;166745;NOTA FISCAL ID: 9922655 VINCULADA A CARGA ID: 166745;827;120016502
26/05/2026 10:56;CARLOS.DAGUANA;5 - OPERADOR;166737;NOTA FISCAL ID: 9931867 VINCULADA A CARGA ID: 166737;874;120016504
26/05/2026 10:56;CARLOS.DAGUANA;5 - OPERADOR;166737;NOTA FISCAL ID: 9930927 VINCULADA A CARGA ID: 166737;874;120016516
26/05/2026 10:56;JOSE.JUNIOR;5 - OPERADOR;166745;NOTA FISCAL ID: 9922931 VINCULADA A CARGA ID: 166745;827;120016518
26/05/2026 10:56;KAIK.DIAS;5 - OPERADOR;166748;NOTA FISCAL ID: 9930465 VINCULADA A CARGA ID: 166748;884;120016536
26/05/2026 10:56;JOSE.JUNIOR;5 - OPERADOR;166745;NOTA FISCAL ID: 9908451 VINCULADA A CARGA ID: 166745;827;120016538
26/05/2026 10:56;CARLOS.DAGUANA;5 - OPERADOR;166737;NOTA FISCAL ID: 9931330 VINCULADA A CARGA ID: 166737;874;120016541
26/05/2026 10:56;JOSE.JUNIOR;5 - OPERADOR;166745;NOTA FISCAL ID: 9921727 VINCULADA A CARGA ID: 166745;827;120016554
26/05/2026 10:56;CARLOS.DAGUANA;5 - OPERADOR;166737;NOTA FISCAL ID: 9931427 VINCULADA A CARGA ID: 166737;874;120016556
26/05/2026 10:56;CARLOS.DAGUANA;5 - OPERADOR;166737;NOTA FISCAL ID: 9930898 VINCULADA A CARGA ID: 166737;874;120016573
26/05/2026 10:56;JOSE.JUNIOR;5 - OPERADOR;166745;NOTA FISCAL ID: 9914668 VINCULADA A CARGA ID: 166745;827;120016571
26/05/2026 10:56;JOSE.JUNIOR;5 - OPERADOR;166745;NOTA FISCAL ID: 9919502 VINCULADA A CARGA ID: 166745;827;120016575
26/05/2026 10:56;KAIK.DIAS;5 - OPERADOR;166748;NOTA FISCAL ID: 9929219 VINCULADA A CARGA ID: 166748;884;120016583
26/05/2026 10:56;CARLOS.DAGUANA;5 - OPERADOR;166737;NOTA FISCAL ID: 9931816 VINCULADA A CARGA ID: 166737;874;120016587
26/05/2026 10:56;JOSE.JUNIOR;5 - OPERADOR;166745;NOTA FISCAL ID: 9914111 VINCULADA A CARGA ID: 166745;827;120016585
26/05/2026 10:56;JOSE.JUNIOR;5 - OPERADOR;166745;NOTA FISCAL ID: 9924163 VINCULADA A CARGA ID: 166745;827;120016589
26/05/2026 10:56;CARLOS.DAGUANA;5 - OPERADOR;166737;NOTA FISCAL ID: 9932086 VINCULADA A CARGA ID: 166737;874;120016613
26/05/2026 10:56;CARLOS.DAGUANA;5 - OPERADOR;166737;NOTA FISCAL ID: 9932430 VINCULADA A CARGA ID: 166737;874;120016615
26/05/2026 10:56;CARLOS.DAGUANA;5 - OPERADOR;166737;NOTA FISCAL ID: 9932425 VINCULADA A CARGA ID: 166737;874;120016623
26/05/2026 10:56;CARLOS.DAGUANA;5 - OPERADOR;166737;NOTA FISCAL ID: 9931940 VINCULADA A CARGA ID: 166737;874;120016638
26/05/2026 10:57;CARLOS.DAGUANA;5 - OPERADOR;166737;NOTA FISCAL ID: 9932612 VINCULADA A CARGA ID: 166737;874;120016679
26/05/2026 10:57;LUCAS.RAMOS;4 - SUPERVISOR;166747;NOTA FISCAL ID: 9929190 VINCULADA A CARGA ID: 166747;728;120016703
26/05/2026 10:57;LUCAS.RAMOS;4 - SUPERVISOR;166747;NOTA FISCAL ID: 9928581 VINCULADA A CARGA ID: 166747;728;120016705
26/05/2026 10:57;LUCAS.RAMOS;4 - SUPERVISOR;166747;NOTA FISCAL ID: 9929686 VINCULADA A CARGA ID: 166747;728;120016712
26/05/2026 10:57;LUCAS.RAMOS;4 - SUPERVISOR;166747;NOTA FISCAL ID: 9908142 VINCULADA A CARGA ID: 166747;728;120016720
26/05/2026 10:57;LUCAS.RAMOS;4 - SUPERVISOR;166747;NOTA FISCAL ID: 9929065 VINCULADA A CARGA ID: 166747;728;120016727
26/05/2026 10:57;LUCAS.RAMOS;4 - SUPERVISOR;166747;NOTA FISCAL ID: 9929204 VINCULADA A CARGA ID: 166747;728;120016739
26/05/2026 10:57;LUCAS.RAMOS;4 - SUPERVISOR;166747;NOTA FISCAL ID: 9929137 VINCULADA A CARGA ID: 166747;728;120016751
26/05/2026 10:57;LUCAS.RAMOS;4 - SUPERVISOR;166747;NOTA FISCAL ID: 9912828 VINCULADA A CARGA ID: 166747;728;120016771
26/05/2026 10:57;LUCAS.RAMOS;4 - SUPERVISOR;166747;NOTA FISCAL ID: 9929901 VINCULADA A CARGA ID: 166747;728;120016778
26/05/2026 10:57;PHSILVA;5 - OPERADOR;166749;NOTA FISCAL ID: 9928591 VINCULADA A CARGA ID: 166749;438;120016810
26/05/2026 10:57;PHSILVA;5 - OPERADOR;166749;NOTA FISCAL ID: 9930723 VINCULADA A CARGA ID: 166749;438;120016829
26/05/2026 10:57;LUCAS.RAMOS;4 - SUPERVISOR;166747;NOTA FISCAL ID: 9930532 VINCULADA A CARGA ID: 166747;728;120016838
26/05/2026 10:57;PHSILVA;5 - OPERADOR;166749;NOTA FISCAL ID: 9930311 VINCULADA A CARGA ID: 166749;438;120016851
26/05/2026 10:57;PHSILVA;5 - OPERADOR;166749;NOTA FISCAL ID: 9928657 VINCULADA A CARGA ID: 166749;438;120016862
26/05/2026 10:57;LUCAS.RAMOS;4 - SUPERVISOR;166747;NOTA FISCAL ID: 9914128 VINCULADA A CARGA ID: 166747;728;120016864
26/05/2026 10:57;PHSILVA;5 - OPERADOR;166749;NOTA FISCAL ID: 9928483 VINCULADA A CARGA ID: 166749;438;120016866
26/05/2026 10:57;JOAO.CONTRI;5 - OPERADOR;166750;NOTA FISCAL ID: 9930245 VINCULADA A CARGA ID: 166750;875;120016868
26/05/2026 10:58;PHSILVA;5 - OPERADOR;166749;NOTA FISCAL ID: 9914897 VINCULADA A CARGA ID: 166749;438;120016882
26/05/2026 10:58;JOAO.CONTRI;5 - OPERADOR;166750;NOTA FISCAL ID: 9929649 VINCULADA A CARGA ID: 166750;875;120016886
26/05/2026 10:58;LUCAS.RAMOS;4 - SUPERVISOR;166747;NOTA FISCAL ID: 9930437 VINCULADA A CARGA ID: 166747;728;120016884
26/05/2026 10:58;JOAO.CONTRI;5 - OPERADOR;166750;NOTA FISCAL ID: 9930435 VINCULADA A CARGA ID: 166750;875;120016888
26/05/2026 10:58;PHSILVA;5 - OPERADOR;166749;NOTA FISCAL ID: 9929300 VINCULADA A CARGA ID: 166749;438;120016890
26/05/2026 10:58;JOAO.CONTRI;5 - OPERADOR;166750;NOTA FISCAL ID: 9928465 VINCULADA A CARGA ID: 166750;875;120016892
26/05/2026 10:58;PHSILVA;5 - OPERADOR;166749;NOTA FISCAL ID: 9930272 VINCULADA A CARGA ID: 166749;438;120016894
26/05/2026 10:58;LUCAS.RAMOS;4 - SUPERVISOR;166747;NOTA FISCAL ID: 9928417 VINCULADA A CARGA ID: 166747;728;120016906
26/05/2026 10:58;PHSILVA;5 - OPERADOR;166749;NOTA FISCAL ID: 9930716 VINCULADA A CARGA ID: 166749;438;120016908
26/05/2026 10:58;JOAO.CONTRI;5 - OPERADOR;166750;NOTA FISCAL ID: 9929605 VINCULADA A CARGA ID: 166750;875;120016910
26/05/2026 10:58;PHSILVA;5 - OPERADOR;166749;NOTA FISCAL ID: 9930721 VINCULADA A CARGA ID: 166749;438;120016912
26/05/2026 10:58;LUCAS.RAMOS;4 - SUPERVISOR;166747;NOTA FISCAL ID: 9908490 VINCULADA A CARGA ID: 166747;728;120016924
26/05/2026 10:58;PHSILVA;5 - OPERADOR;166749;NOTA FISCAL ID: 9930147 VINCULADA A CARGA ID: 166749;438;120016926
26/05/2026 10:58;PHSILVA;5 - OPERADOR;166749;NOTA FISCAL ID: 9929360 VINCULADA A CARGA ID: 166749;438;120016928
26/05/2026 10:58;JOAO.CONTRI;5 - OPERADOR;166750;NOTA FISCAL ID: 9930720 VINCULADA A CARGA ID: 166750;875;120016937
26/05/2026 10:58;LUCAS.RAMOS;4 - SUPERVISOR;166747;NOTA FISCAL ID: 9929807 VINCULADA A CARGA ID: 166747;728;120016935
26/05/2026 10:58;PHSILVA;5 - OPERADOR;166749;NOTA FISCAL ID: 9930751 VINCULADA A CARGA ID: 166749;438;120016939
26/05/2026 10:58;JOAO.CONTRI;5 - OPERADOR;166750;NOTA FISCAL ID: 9930448 VINCULADA A CARGA ID: 166750;875;120016941
26/05/2026 10:58;LUCAS.RAMOS;4 - SUPERVISOR;166747;NOTA FISCAL ID: 9916364 VINCULADA A CARGA ID: 166747;728;120016945
26/05/2026 10:58;PHSILVA;5 - OPERADOR;166749;NOTA FISCAL ID: 9929104 VINCULADA A CARGA ID: 166749;438;120016943
26/05/2026 10:58;LUCAS.RAMOS;4 - SUPERVISOR;166747;NOTA FISCAL ID: 9921196 VINCULADA A CARGA ID: 166747;728;120016961
26/05/2026 10:58;PHSILVA;5 - OPERADOR;166749;NOTA FISCAL ID: 9930796 VINCULADA A CARGA ID: 166749;438;120016957
26/05/2026 10:58;JOAO.CONTRI;5 - OPERADOR;166750;NOTA FISCAL ID: 9930519 VINCULADA A CARGA ID: 166750;875;120016959
26/05/2026 10:58;PHSILVA;5 - OPERADOR;166749;NOTA FISCAL ID: 9919867 VINCULADA A CARGA ID: 166749;438;120016963
26/05/2026 10:58;JOAO.CONTRI;5 - OPERADOR;166750;NOTA FISCAL ID: 9929572 VINCULADA A CARGA ID: 166750;875;120016970
26/05/2026 10:58;LUCAS.RAMOS;4 - SUPERVISOR;166747;NOTA FISCAL ID: 9914711 VINCULADA A CARGA ID: 166747;728;120016972
26/05/2026 10:58;PHSILVA;5 - OPERADOR;166749;NOTA FISCAL ID: 9920061 VINCULADA A CARGA ID: 166749;438;120016977
26/05/2026 10:58;JOAO.CONTRI;5 - OPERADOR;166750;NOTA FISCAL ID: 9929856 VINCULADA A CARGA ID: 166750;875;120016979
26/05/2026 10:58;LUCAS.RAMOS;4 - SUPERVISOR;166747;NOTA FISCAL ID: 9931949 VINCULADA A CARGA ID: 166747;728;120016981
26/05/2026 10:58;PHSILVA;5 - OPERADOR;166749;NOTA FISCAL ID: 9919979 VINCULADA A CARGA ID: 166749;438;120016995
26/05/2026 10:58;LUCAS.RAMOS;4 - SUPERVISOR;166747;NOTA FISCAL ID: 9912329 VINCULADA A CARGA ID: 166747;728;120016998
26/05/2026 10:58;PHSILVA;5 - OPERADOR;166749;NOTA FISCAL ID: 9930103 VINCULADA A CARGA ID: 166749;438;120017002
26/05/2026 10:58;JOAO.CONTRI;5 - OPERADOR;166750;NOTA FISCAL ID: 9929911 VINCULADA A CARGA ID: 166750;875;120017000
26/05/2026 10:58;JOAO.CONTRI;5 - OPERADOR;166750;NOTA FISCAL ID: 9914206 VINCULADA A CARGA ID: 166750;875;120017004
26/05/2026 10:58;JOAO.CONTRI;5 - OPERADOR;166750;NOTA FISCAL ID: 9929947 VINCULADA A CARGA ID: 166750;875;120017008
26/05/2026 10:58;PHSILVA;5 - OPERADOR;166749;NOTA FISCAL ID: 9928406 VINCULADA A CARGA ID: 166749;438;120017006
26/05/2026 10:58;LUCAS.RAMOS;4 - SUPERVISOR;166747;NOTA FISCAL ID: 9930159 VINCULADA A CARGA ID: 166747;728;120017010
26/05/2026 10:58;JOAO.CONTRI;5 - OPERADOR;166750;NOTA FISCAL ID: 9928641 VINCULADA A CARGA ID: 166750;875;120017012
26/05/2026 10:58;PHSILVA;5 - OPERADOR;166749;NOTA FISCAL ID: 9929690 VINCULADA A CARGA ID: 166749;438;120017015
26/05/2026 10:58;JOAO.CONTRI;5 - OPERADOR;166750;NOTA FISCAL ID: 9928811 VINCULADA A CARGA ID: 166750;875;120017024
26/05/2026 10:58;PHSILVA;5 - OPERADOR;166749;NOTA FISCAL ID: 9929417 VINCULADA A CARGA ID: 166749;438;120017022
26/05/2026 10:58;LUCAS.RAMOS;4 - SUPERVISOR;166747;NOTA FISCAL ID: 9931106 VINCULADA A CARGA ID: 166747;728;120017026
26/05/2026 10:58;PHSILVA;5 - OPERADOR;166749;NOTA FISCAL ID: 9929622 VINCULADA A CARGA ID: 166749;438;120017028
26/05/2026 10:58;PHSILVA;5 - OPERADOR;166749;NOTA FISCAL ID: 9930277 VINCULADA A CARGA ID: 166749;438;120017030
26/05/2026 10:58;LUCAS.RAMOS;4 - SUPERVISOR;166747;NOTA FISCAL ID: 9931516 VINCULADA A CARGA ID: 166747;728;120017032
26/05/2026 10:58;PHSILVA;5 - OPERADOR;166749;NOTA FISCAL ID: 9929382 VINCULADA A CARGA ID: 166749;438;120017039
26/05/2026 10:58;JOAO.CONTRI;5 - OPERADOR;166750;NOTA FISCAL ID: 9929850 VINCULADA A CARGA ID: 166750;875;120017041
26/05/2026 10:58;PHSILVA;5 - OPERADOR;166749;NOTA FISCAL ID: 9929617 VINCULADA A CARGA ID: 166749;438;120017043
26/05/2026 10:58;PHSILVA;5 - OPERADOR;166749;NOTA FISCAL ID: 9930399 VINCULADA A CARGA ID: 166749;438;120017047
26/05/2026 10:58;JOAO.CONTRI;5 - OPERADOR;166750;NOTA FISCAL ID: 9930687 VINCULADA A CARGA ID: 166750;875;120017045
26/05/2026 10:58;JOAO.CONTRI;5 - OPERADOR;166750;NOTA FISCAL ID: 9931519 VINCULADA A CARGA ID: 166750;875;120017055
26/05/2026 10:58;PHSILVA;5 - OPERADOR;166749;NOTA FISCAL ID: 9929207 VINCULADA A CARGA ID: 166749;438;120017057
26/05/2026 10:58;JOAO.CONTRI;5 - OPERADOR;166750;NOTA FISCAL ID: 9931684 VINCULADA A CARGA ID: 166750;875;120017059
26/05/2026 10:58;PHSILVA;5 - OPERADOR;166749;NOTA FISCAL ID: 9931599 VINCULADA A CARGA ID: 166749;438;120017061
26/05/2026 10:58;JOAO.CONTRI;5 - OPERADOR;166750;NOTA FISCAL ID: 9931209 VINCULADA A CARGA ID: 166750;875;120017063
26/05/2026 10:58;PHSILVA;5 - OPERADOR;166749;NOTA FISCAL ID: 9929172 VINCULADA A CARGA ID: 166749;438;120017065
26/05/2026 10:59;LUCAS.RAMOS;4 - SUPERVISOR;166747;NOTA FISCAL ID: 9930417 VINCULADA A CARGA ID: 166747;728;120017224
26/05/2026 10:59;PAULO.TELES;5 - OPERADOR;166751;NOTA FISCAL ID: 9931099 VINCULADA A CARGA ID: 166751;893;120017222
26/05/2026 11:00;PAULO.TELES;5 - OPERADOR;166751;NOTA FISCAL ID: 9931539 VINCULADA A CARGA ID: 166751;893;120017233
26/05/2026 11:00;PAULO.TELES;5 - OPERADOR;166751;NOTA FISCAL ID: 9931716 VINCULADA A CARGA ID: 166751;893;120017246
26/05/2026 11:00;LUCAS.RAMOS;4 - SUPERVISOR;166747;NOTA FISCAL ID: 9928678 VINCULADA A CARGA ID: 166747;728;120017248
26/05/2026 11:00;PAULO.TELES;5 - OPERADOR;166751;NOTA FISCAL ID: 9931763 VINCULADA A CARGA ID: 166751;893;120017252
26/05/2026 11:00;LUCAS.RAMOS;4 - SUPERVISOR;166747;NOTA FISCAL ID: 9930474 VINCULADA A CARGA ID: 166747;728;120017270
26/05/2026 11:00;PAULO.TELES;5 - OPERADOR;166751;NOTA FISCAL ID: 9931591 VINCULADA A CARGA ID: 166751;893;120017272
26/05/2026 11:00;LUCAS.RAMOS;4 - SUPERVISOR;166747;NOTA FISCAL ID: 9928855 VINCULADA A CARGA ID: 166747;728;120017279
26/05/2026 11:00;LUCAS.RAMOS;4 - SUPERVISOR;166747;NOTA FISCAL ID: 9930470 VINCULADA A CARGA ID: 166747;728;120017294
26/05/2026 11:00;PAULO.TELES;5 - OPERADOR;166751;NOTA FISCAL ID: 9931136 VINCULADA A CARGA ID: 166751;893;120017291
26/05/2026 11:00;PAULO.TELES;5 - OPERADOR;166751;NOTA FISCAL ID: 9929619 VINCULADA A CARGA ID: 166751;893;120017298
26/05/2026 11:00;LUCAS.RAMOS;4 - SUPERVISOR;166747;NOTA FISCAL ID: 9930861 VINCULADA A CARGA ID: 166747;728;120017310
26/05/2026 11:00;PAULO.TELES;5 - OPERADOR;166751;NOTA FISCAL ID: 9928709 VINCULADA A CARGA ID: 166751;893;120017312
26/05/2026 11:00;LUCAS.RAMOS;4 - SUPERVISOR;166747;NOTA FISCAL ID: 9930279 VINCULADA A CARGA ID: 166747;728;120017314
26/05/2026 11:00;PAULO.TELES;5 - OPERADOR;166751;NOTA FISCAL ID: 9930178 VINCULADA A CARGA ID: 166751;893;120017316
26/05/2026 11:00;LUCAS.RAMOS;4 - SUPERVISOR;166747;NOTA FISCAL ID: 9930253 VINCULADA A CARGA ID: 166747;728;120017318
26/05/2026 11:00;PAULO.TELES;5 - OPERADOR;166751;NOTA FISCAL ID: 9930946 VINCULADA A CARGA ID: 166751;893;120017320
26/05/2026 11:00;LUCAS.RAMOS;4 - SUPERVISOR;166747;NOTA FISCAL ID: 9931188 VINCULADA A CARGA ID: 166747;728;120017327
26/05/2026 11:00;LUCAS.RAMOS;4 - SUPERVISOR;166747;NOTA FISCAL ID: 9917214 VINCULADA A CARGA ID: 166747;728;120017338
26/05/2026 11:00;PAULO.TELES;5 - OPERADOR;166751;NOTA FISCAL ID: 9930976 VINCULADA A CARGA ID: 166751;893;120017345
26/05/2026 11:00;LUCAS.RAMOS;4 - SUPERVISOR;166747;NOTA FISCAL ID: 9929654 VINCULADA A CARGA ID: 166747;728;120017350
26/05/2026 11:00;PAULO.TELES;5 - OPERADOR;166751;NOTA FISCAL ID: 9929963 VINCULADA A CARGA ID: 166751;893;120017348
26/05/2026 11:00;LUCAS.RAMOS;4 - SUPERVISOR;166747;NOTA FISCAL ID: 9930351 VINCULADA A CARGA ID: 166747;728;120017354
26/05/2026 11:00;PAULO.TELES;5 - OPERADOR;166751;NOTA FISCAL ID: 9929631 VINCULADA A CARGA ID: 166751;893;120017357
26/05/2026 11:00;PAULO.TELES;5 - OPERADOR;166751;NOTA FISCAL ID: 9928906 VINCULADA A CARGA ID: 166751;893;120017365
26/05/2026 11:00;PAULO.TELES;5 - OPERADOR;166751;NOTA FISCAL ID: 9929076 VINCULADA A CARGA ID: 166751;893;120017371
26/05/2026 11:00;PAULO.TELES;5 - OPERADOR;166751;NOTA FISCAL ID: 9930939 VINCULADA A CARGA ID: 166751;893;120017382
26/05/2026 11:00;PAULO.TELES;5 - OPERADOR;166751;NOTA FISCAL ID: 9931028 VINCULADA A CARGA ID: 166751;893;120017394
26/05/2026 11:00;PAULO.TELES;5 - OPERADOR;166751;NOTA FISCAL ID: 9930949 VINCULADA A CARGA ID: 166751;893;120017396
26/05/2026 11:00;PAULO.TELES;5 - OPERADOR;166751;NOTA FISCAL ID: 9931349 VINCULADA A CARGA ID: 166751;893;120017398
26/05/2026 11:00;PHSILVA;5 - OPERADOR;166749;NOTA FISCAL ID: 9929447 VINCULADA A CARGA ID: 166749;438;120017417
26/05/2026 11:00;PAULO.TELES;5 - OPERADOR;166751;NOTA FISCAL ID: 9929381 VINCULADA A CARGA ID: 166751;893;120017410
26/05/2026 11:01;KAIK.DIAS;5 - OPERADOR;166752;NOTA FISCAL ID: 9929886 VINCULADA A CARGA ID: 166752;884;120017446
26/05/2026 11:01;KAIK.DIAS;5 - OPERADOR;166752;NOTA FISCAL ID: 9930605 VINCULADA A CARGA ID: 166752;884;120017450
26/05/2026 11:01;PHSILVA;5 - OPERADOR;166749;NOTA FISCAL ID: 9928798 VINCULADA A CARGA ID: 166749;438;120017448
26/05/2026 11:01;KAIK.DIAS;5 - OPERADOR;166752;NOTA FISCAL ID: 9929875 VINCULADA A CARGA ID: 166752;884;120017453
26/05/2026 11:01;PHSILVA;5 - OPERADOR;166749;NOTA FISCAL ID: 9926150 VINCULADA A CARGA ID: 166749;438;120017455
26/05/2026 11:01;KAIK.DIAS;5 - OPERADOR;166752;NOTA FISCAL ID: 9930466 VINCULADA A CARGA ID: 166752;884;120017463
26/05/2026 11:01;PHSILVA;5 - OPERADOR;166749;NOTA FISCAL ID: 9916763 VINCULADA A CARGA ID: 166749;438;120017465
26/05/2026 11:01;PHSILVA;5 - OPERADOR;166749;NOTA FISCAL ID: 9919977 VINCULADA A CARGA ID: 166749;438;120017467
26/05/2026 11:01;KAIK.DIAS;5 - OPERADOR;166752;NOTA FISCAL ID: 9931389 VINCULADA A CARGA ID: 166752;884;120017471
26/05/2026 11:01;PHSILVA;5 - OPERADOR;166749;NOTA FISCAL ID: 9914384 VINCULADA A CARGA ID: 166749;438;120017469
26/05/2026 11:01;KAIK.DIAS;5 - OPERADOR;166752;NOTA FISCAL ID: 9931286 VINCULADA A CARGA ID: 166752;884;120017473
26/05/2026 11:01;PHSILVA;5 - OPERADOR;166749;NOTA FISCAL ID: 9929088 VINCULADA A CARGA ID: 166749;438;120017475
26/05/2026 11:01;PHSILVA;5 - OPERADOR;166749;NOTA FISCAL ID: 9930378 VINCULADA A CARGA ID: 166749;438;120017479
26/05/2026 11:01;KAIK.DIAS;5 - OPERADOR;166752;NOTA FISCAL ID: 9931254 VINCULADA A CARGA ID: 166752;884;120017477
26/05/2026 11:01;KAIK.DIAS;5 - OPERADOR;166752;NOTA FISCAL ID: 9930948 VINCULADA A CARGA ID: 166752;884;120017481
26/05/2026 11:01;PHSILVA;5 - OPERADOR;166749;NOTA FISCAL ID: 9909585 VINCULADA A CARGA ID: 166749;438;120017483
26/05/2026 11:01;KAIK.DIAS;5 - OPERADOR;166752;NOTA FISCAL ID: 9931956 VINCULADA A CARGA ID: 166752;884;120017485
26/05/2026 11:01;PHSILVA;5 - OPERADOR;166749;NOTA FISCAL ID: 9928946 VINCULADA A CARGA ID: 166749;438;120017509
26/05/2026 11:01;KAIK.DIAS;5 - OPERADOR;166752;NOTA FISCAL ID: 9928431 VINCULADA A CARGA ID: 166752;884;120017531
26/05/2026 11:01;PHSILVA;5 - OPERADOR;166749;NOTA FISCAL ID: 9924863 VINCULADA A CARGA ID: 166749;438;120017533
26/05/2026 11:01;PHSILVA;5 - OPERADOR;166749;NOTA FISCAL ID: 9924520 VINCULADA A CARGA ID: 166749;438;120017565
26/05/2026 11:01;PHSILVA;5 - OPERADOR;166749;NOTA FISCAL ID: 9914461 VINCULADA A CARGA ID: 166749;438;120017597
26/05/2026 11:01;PHSILVA;5 - OPERADOR;166749;NOTA FISCAL ID: 9929695 VINCULADA A CARGA ID: 166749;438;120017619
26/05/2026 11:01;PHSILVA;5 - OPERADOR;166749;NOTA FISCAL ID: 9928344 VINCULADA A CARGA ID: 166749;438;120017624
26/05/2026 11:01;PHSILVA;5 - OPERADOR;166749;NOTA FISCAL ID: 9929322 VINCULADA A CARGA ID: 166749;438;120017636
26/05/2026 11:01;LUCAS.RAMOS;4 - SUPERVISOR;166747;NOTA FISCAL ID: 9928384 VINCULADA A CARGA ID: 166747;728;120017638
26/05/2026 11:01;PHSILVA;5 - OPERADOR;166749;NOTA FISCAL ID: 9916674 VINCULADA A CARGA ID: 166749;438;120017640
26/05/2026 11:01;LUCAS.RAMOS;4 - SUPERVISOR;166747;NOTA FISCAL ID: 9929671 VINCULADA A CARGA ID: 166747;728;120017642
26/05/2026 11:01;PHSILVA;5 - OPERADOR;166749;NOTA FISCAL ID: 9919909 VINCULADA A CARGA ID: 166749;438;120017644
26/05/2026 11:01;LUCAS.RAMOS;4 - SUPERVISOR;166747;NOTA FISCAL ID: 9930382 VINCULADA A CARGA ID: 166747;728;120017646
26/05/2026 11:01;LUCAS.RAMOS;4 - SUPERVISOR;166747;NOTA FISCAL ID: 9930508 VINCULADA A CARGA ID: 166747;728;120017648
26/05/2026 11:01;PHSILVA;5 - OPERADOR;166749;NOTA FISCAL ID: 9920608 VINCULADA A CARGA ID: 166749;438;120017650
26/05/2026 11:01;PHSILVA;5 - OPERADOR;166749;NOTA FISCAL ID: 9920621 VINCULADA A CARGA ID: 166749;438;120017652
26/05/2026 11:01;LUCAS.RAMOS;4 - SUPERVISOR;166747;NOTA FISCAL ID: 9928627 VINCULADA A CARGA ID: 166747;728;120017663
26/05/2026 11:02;LUCAS.RAMOS;4 - SUPERVISOR;166747;NOTA FISCAL ID: 9929869 VINCULADA A CARGA ID: 166747;728;120017669
26/05/2026 11:02;JOAO.CONTRI;5 - OPERADOR;166750;NOTA FISCAL ID: 9928934 VINCULADA A CARGA ID: 166750;875;120017671
26/05/2026 11:02;CARLOS.DAGUANA;5 - OPERADOR;166753;NOTA FISCAL ID: 9930372 VINCULADA A CARGA ID: 166753;874;120017678
26/05/2026 11:02;LUCAS.RAMOS;4 - SUPERVISOR;166747;NOTA FISCAL ID: 9931597 VINCULADA A CARGA ID: 166747;728;120017690
26/05/2026 11:02;JOAO.CONTRI;5 - OPERADOR;166750;NOTA FISCAL ID: 9928838 VINCULADA A CARGA ID: 166750;875;120017692
26/05/2026 11:02;CARLOS.DAGUANA;5 - OPERADOR;166753;NOTA FISCAL ID: 9929936 VINCULADA A CARGA ID: 166753;874;120017694
26/05/2026 11:02;JOAO.CONTRI;5 - OPERADOR;166750;NOTA FISCAL ID: 9929783 VINCULADA A CARGA ID: 166750;875;120017696
26/05/2026 11:02;LUCAS.RAMOS;4 - SUPERVISOR;166747;NOTA FISCAL ID: 9913922 VINCULADA A CARGA ID: 166747;728;120017698
26/05/2026 11:02;JOAO.CONTRI;5 - OPERADOR;166750;NOTA FISCAL ID: 9930072 VINCULADA A CARGA ID: 166750;875;120017700
26/05/2026 11:02;LUCAS.RAMOS;4 - SUPERVISOR;166747;NOTA FISCAL ID: 9929496 VINCULADA A CARGA ID: 166747;728;120017702
26/05/2026 11:02;JOAO.CONTRI;5 - OPERADOR;166750;NOTA FISCAL ID: 9930019 VINCULADA A CARGA ID: 166750;875;120017704
26/05/2026 11:02;CARLOS.DAGUANA;5 - OPERADOR;166753;NOTA FISCAL ID: 9929040 VINCULADA A CARGA ID: 166753;874;120017711
26/05/2026 11:02;LUCAS.RAMOS;4 - SUPERVISOR;166747;NOTA FISCAL ID: 9931448 VINCULADA A CARGA ID: 166747;728;120017719
26/05/2026 11:02;CARLOS.DAGUANA;5 - OPERADOR;166753;NOTA FISCAL ID: 9928464 VINCULADA A CARGA ID: 166753;874;120017727
26/05/2026 11:02;JOAO.CONTRI;5 - OPERADOR;166750;NOTA FISCAL ID: 9928856 VINCULADA A CARGA ID: 166750;875;120017729
26/05/2026 11:02;LUCAS.RAMOS;4 - SUPERVISOR;166747;NOTA FISCAL ID: 9930727 VINCULADA A CARGA ID: 166747;728;120017731
26/05/2026 11:02;JOAO.CONTRI;5 - OPERADOR;166750;NOTA FISCAL ID: 9929510 VINCULADA A CARGA ID: 166750;875;120017737
26/05/2026 11:02;LUCAS.RAMOS;4 - SUPERVISOR;166747;NOTA FISCAL ID: 9930122 VINCULADA A CARGA ID: 166747;728;120017750
26/05/2026 11:02;JOAO.CONTRI;5 - OPERADOR;166750;NOTA FISCAL ID: 9929526 VINCULADA A CARGA ID: 166750;875;120017756
26/05/2026 11:02;LUCAS.RAMOS;4 - SUPERVISOR;166747;NOTA FISCAL ID: 9929216 VINCULADA A CARGA ID: 166747;728;120017765
26/05/2026 11:02;CARLOS.DAGUANA;5 - OPERADOR;166753;NOTA FISCAL ID: 9930083 VINCULADA A CARGA ID: 166753;874;120017763
26/05/2026 11:02;JOAO.CONTRI;5 - OPERADOR;166750;NOTA FISCAL ID: 9930634 VINCULADA A CARGA ID: 166750;875;120017777
26/05/2026 11:02;JOAO.CONTRI;5 - OPERADOR;166750;NOTA FISCAL ID: 9930815 VINCULADA A CARGA ID: 166750;875;120017786
26/05/2026 11:02;LUCAS.RAMOS;4 - SUPERVISOR;166747;NOTA FISCAL ID: 9930070 VINCULADA A CARGA ID: 166747;728;120017784
26/05/2026 11:02;LUCAS.RAMOS;4 - SUPERVISOR;166747;NOTA FISCAL ID: 9930238 VINCULADA A CARGA ID: 166747;728;120017792
26/05/2026 11:02;JOAO.CONTRI;5 - OPERADOR;166750;NOTA FISCAL ID: 9930899 VINCULADA A CARGA ID: 166750;875;120017805
26/05/2026 11:02;JOAO.CONTRI;5 - OPERADOR;166750;NOTA FISCAL ID: 9931291 VINCULADA A CARGA ID: 166750;875;120017807
26/05/2026 11:02;CARLOS.DAGUANA;5 - OPERADOR;166753;NOTA FISCAL ID: 9929374 VINCULADA A CARGA ID: 166753;874;120017809
26/05/2026 11:02;JOAO.CONTRI;5 - OPERADOR;166750;NOTA FISCAL ID: 9931868 VINCULADA A CARGA ID: 166750;875;120017812
26/05/2026 11:02;CARLOS.DAGUANA;5 - OPERADOR;166753;NOTA FISCAL ID: 9930933 VINCULADA A CARGA ID: 166753;874;120017816
26/05/2026 11:02;JOAO.CONTRI;5 - OPERADOR;166750;NOTA FISCAL ID: 9930115 VINCULADA A CARGA ID: 166750;875;120017814
26/05/2026 11:02;CARLOS.DAGUANA;5 - OPERADOR;166753;NOTA FISCAL ID: 9931452 VINCULADA A CARGA ID: 166753;874;120017835
26/05/2026 11:02;JOAO.CONTRI;5 - OPERADOR;166750;NOTA FISCAL ID: 9931100 VINCULADA A CARGA ID: 166750;875;120017838
26/05/2026 11:02;CARLOS.DAGUANA;5 - OPERADOR;166753;NOTA FISCAL ID: 9930671 VINCULADA A CARGA ID: 166753;874;120017840
26/05/2026 11:02;JOAO.CONTRI;5 - OPERADOR;166750;NOTA FISCAL ID: 9930137 VINCULADA A CARGA ID: 166750;875;120017842
26/05/2026 11:02;CARLOS.DAGUANA;5 - OPERADOR;166753;NOTA FISCAL ID: 9929547 VINCULADA A CARGA ID: 166753;874;120017851
26/05/2026 11:02;JOAO.CONTRI;5 - OPERADOR;166750;NOTA FISCAL ID: 9930090 VINCULADA A CARGA ID: 166750;875;120017858
26/05/2026 11:02;JOAO.CONTRI;5 - OPERADOR;166750;NOTA FISCAL ID: 9929512 VINCULADA A CARGA ID: 166750;875;120017862
26/05/2026 11:02;CARLOS.DAGUANA;5 - OPERADOR;166753;NOTA FISCAL ID: 9929218 VINCULADA A CARGA ID: 166753;874;120017864
26/05/2026 11:03;CARLOS.DAGUANA;5 - OPERADOR;166753;NOTA FISCAL ID: 9928775 VINCULADA A CARGA ID: 166753;874;120017871
26/05/2026 11:03;CARLOS.DAGUANA;5 - OPERADOR;166753;NOTA FISCAL ID: 9929604 VINCULADA A CARGA ID: 166753;874;120017882
26/05/2026 11:03;JOAO.CONTRI;5 - OPERADOR;166750;NOTA FISCAL ID: 9929330 VINCULADA A CARGA ID: 166750;875;120017884
26/05/2026 11:03;CARLOS.DAGUANA;5 - OPERADOR;166753;NOTA FISCAL ID: 9929979 VINCULADA A CARGA ID: 166753;874;120017891
26/05/2026 11:03;PHSILVA;5 - OPERADOR;166749;NOTA FISCAL ID: 9929119 VINCULADA A CARGA ID: 166749;438;120017893
26/05/2026 11:03;JOAO.CONTRI;5 - OPERADOR;166750;NOTA FISCAL ID: 9928596 VINCULADA A CARGA ID: 166750;875;120017896
26/05/2026 11:03;CARLOS.DAGUANA;5 - OPERADOR;166753;NOTA FISCAL ID: 9928646 VINCULADA A CARGA ID: 166753;874;120017900
26/05/2026 11:03;PHSILVA;5 - OPERADOR;166749;NOTA FISCAL ID: 9931656 VINCULADA A CARGA ID: 166749;438;120017898
26/05/2026 11:03;PHSILVA;5 - OPERADOR;166749;NOTA FISCAL ID: 9929359 VINCULADA A CARGA ID: 166749;438;120017902
26/05/2026 11:03;CARLOS.DAGUANA;5 - OPERADOR;166753;NOTA FISCAL ID: 9931767 VINCULADA A CARGA ID: 166753;874;120017911
26/05/2026 11:03;CARLOS.DAGUANA;5 - OPERADOR;166753;NOTA FISCAL ID: 9930887 VINCULADA A CARGA ID: 166753;874;120017913
26/05/2026 11:03;CARLOS.DAGUANA;5 - OPERADOR;166753;NOTA FISCAL ID: 9929142 VINCULADA A CARGA ID: 166753;874;120017933
26/05/2026 11:03;CARLOS.DAGUANA;5 - OPERADOR;166753;NOTA FISCAL ID: 9930999 VINCULADA A CARGA ID: 166753;874;120017935
26/05/2026 11:03;CARLOS.DAGUANA;5 - OPERADOR;166753;NOTA FISCAL ID: 9931665 VINCULADA A CARGA ID: 166753;874;120017948
26/05/2026 11:04;PHSILVA;5 - OPERADOR;166749;NOTA FISCAL ID: 9931025 VINCULADA A CARGA ID: 166749;438;120018044
26/05/2026 11:04;PHSILVA;5 - OPERADOR;166749;NOTA FISCAL ID: 9931022 VINCULADA A CARGA ID: 166749;438;120018051
26/05/2026 11:04;PHSILVA;5 - OPERADOR;166749;NOTA FISCAL ID: 9931813 VINCULADA A CARGA ID: 166749;438;120018071
26/05/2026 11:04;KAIK.DIAS;5 - OPERADOR;166752;NOTA FISCAL ID: 9930872 VINCULADA A CARGA ID: 166752;884;120018069
26/05/2026 11:04;KAIK.DIAS;5 - OPERADOR;166752;NOTA FISCAL ID: 9929658 VINCULADA A CARGA ID: 166752;884;120018081
26/05/2026 11:04;KAIK.DIAS;5 - OPERADOR;166752;NOTA FISCAL ID: 9928869 VINCULADA A CARGA ID: 166752;884;120018083
26/05/2026 11:04;KAIK.DIAS;5 - OPERADOR;166752;NOTA FISCAL ID: 9911057 VINCULADA A CARGA ID: 166752;884;120018091
26/05/2026 11:04;KAIK.DIAS;5 - OPERADOR;166752;NOTA FISCAL ID: 9930628 VINCULADA A CARGA ID: 166752;884;120018093
26/05/2026 11:04;KAIK.DIAS;5 - OPERADOR;166752;NOTA FISCAL ID: 9911893 VINCULADA A CARGA ID: 166752;884;120018095
26/05/2026 11:04;KAIK.DIAS;5 - OPERADOR;166752;NOTA FISCAL ID: 9914583 VINCULADA A CARGA ID: 166752;884;120018102
26/05/2026 11:04;KAIK.DIAS;5 - OPERADOR;166752;NOTA FISCAL ID: 9911484 VINCULADA A CARGA ID: 166752;884;120018104
26/05/2026 11:04;KAIK.DIAS;5 - OPERADOR;166752;NOTA FISCAL ID: 9909384 VINCULADA A CARGA ID: 166752;884;120018106
26/05/2026 11:04;KAIK.DIAS;5 - OPERADOR;166752;NOTA FISCAL ID: 9930146 VINCULADA A CARGA ID: 166752;884;120018108
26/05/2026 11:04;KAIK.DIAS;5 - OPERADOR;166752;NOTA FISCAL ID: 9929052 VINCULADA A CARGA ID: 166752;884;120018110
26/05/2026 11:04;KAIK.DIAS;5 - OPERADOR;166752;NOTA FISCAL ID: 9920087 VINCULADA A CARGA ID: 166752;884;120018113
26/05/2026 11:04;KAIK.DIAS;5 - OPERADOR;166752;NOTA FISCAL ID: 9908106 VINCULADA A CARGA ID: 166752;884;120018120
26/05/2026 11:04;KAIK.DIAS;5 - OPERADOR;166752;NOTA FISCAL ID: 9921917 VINCULADA A CARGA ID: 166752;884;120018131
26/05/2026 11:04;KAIK.DIAS;5 - OPERADOR;166752;NOTA FISCAL ID: 9927689 VINCULADA A CARGA ID: 166752;884;120018133
26/05/2026 11:05;KAIK.DIAS;5 - OPERADOR;166752;NOTA FISCAL ID: 9928460 VINCULADA A CARGA ID: 166752;884;120018144
26/05/2026 11:05;KAIK.DIAS;5 - OPERADOR;166752;NOTA FISCAL ID: 9928720 VINCULADA A CARGA ID: 166752;884;120018162
26/05/2026 11:05;KAIK.DIAS;5 - OPERADOR;166752;NOTA FISCAL ID: 9913931 VINCULADA A CARGA ID: 166752;884;120018166
26/05/2026 11:05;KAIK.DIAS;5 - OPERADOR;166752;NOTA FISCAL ID: 9924135 VINCULADA A CARGA ID: 166752;884;120018168
26/05/2026 11:05;KAIK.DIAS;5 - OPERADOR;166752;NOTA FISCAL ID: 9915017 VINCULADA A CARGA ID: 166752;884;120018172
26/05/2026 11:05;JOAO.CONTRI;5 - OPERADOR;166750;NOTA FISCAL ID: 9931261 VINCULADA A CARGA ID: 166750;875;120018180
26/05/2026 11:05;JOAO.CONTRI;5 - OPERADOR;166750;NOTA FISCAL ID: 9931056 VINCULADA A CARGA ID: 166750;875;120018182
26/05/2026 11:05;JOAO.CONTRI;5 - OPERADOR;166750;NOTA FISCAL ID: 9929110 VINCULADA A CARGA ID: 166750;875;120018193
26/05/2026 11:05;PHSILVA;5 - OPERADOR;166749;NOTA FISCAL ID: 9931786 VINCULADA A CARGA ID: 166749;438;120018195
26/05/2026 11:05;JOAO.CONTRI;5 - OPERADOR;166750;NOTA FISCAL ID: 9929517 VINCULADA A CARGA ID: 166750;875;120018197
26/05/2026 11:05;JOAO.CONTRI;5 - OPERADOR;166750;NOTA FISCAL ID: 9930209 VINCULADA A CARGA ID: 166750;875;120018201
26/05/2026 11:05;JOAO.CONTRI;5 - OPERADOR;166750;NOTA FISCAL ID: 9929932 VINCULADA A CARGA ID: 166750;875;120018209
26/05/2026 11:05;JOAO.CONTRI;5 - OPERADOR;166750;NOTA FISCAL ID: 9931331 VINCULADA A CARGA ID: 166750;875;120018216
26/05/2026 11:05;JOAO.CONTRI;5 - OPERADOR;166750;NOTA FISCAL ID: 9928960 VINCULADA A CARGA ID: 166750;875;120018220
26/05/2026 11:05;JOAO.CONTRI;5 - OPERADOR;166750;NOTA FISCAL ID: 9928355 VINCULADA A CARGA ID: 166750;875;120018227
26/05/2026 11:05;JOAO.CONTRI;5 - OPERADOR;166750;NOTA FISCAL ID: 9929149 VINCULADA A CARGA ID: 166750;875;120018231
26/05/2026 11:05;JOAO.CONTRI;5 - OPERADOR;166750;NOTA FISCAL ID: 9928992 VINCULADA A CARGA ID: 166750;875;120018249
26/05/2026 11:05;JOAO.CONTRI;5 - OPERADOR;166750;NOTA FISCAL ID: 9929835 VINCULADA A CARGA ID: 166750;875;120018256
26/05/2026 11:05;JOAO.CONTRI;5 - OPERADOR;166750;NOTA FISCAL ID: 9929334 VINCULADA A CARGA ID: 166750;875;120018270
26/05/2026 11:05;JOAO.CONTRI;5 - OPERADOR;166750;NOTA FISCAL ID: 9928979 VINCULADA A CARGA ID: 166750;875;120018274
26/05/2026 11:05;JOAO.CONTRI;5 - OPERADOR;166750;NOTA FISCAL ID: 9930257 VINCULADA A CARGA ID: 166750;875;120018276
26/05/2026 11:06;JOAO.CONTRI;5 - OPERADOR;166750;NOTA FISCAL ID: 9929215 VINCULADA A CARGA ID: 166750;875;120018286
26/05/2026 11:06;JOAO.CONTRI;5 - OPERADOR;166750;NOTA FISCAL ID: 9929757 VINCULADA A CARGA ID: 166750;875;120018288
26/05/2026 11:06;JOAO.CONTRI;5 - OPERADOR;166750;NOTA FISCAL ID: 9928351 VINCULADA A CARGA ID: 166750;875;120018293
26/05/2026 11:06;JOAO.CONTRI;5 - OPERADOR;166750;NOTA FISCAL ID: 9928569 VINCULADA A CARGA ID: 166750;875;120018297
26/05/2026 11:06;JOAO.CONTRI;5 - OPERADOR;166750;NOTA FISCAL ID: 9930654 VINCULADA A CARGA ID: 166750;875;120018310
26/05/2026 11:06;KAIK.DIAS;5 - OPERADOR;166752;NOTA FISCAL ID: 9930664 VINCULADA A CARGA ID: 166752;884;120018333
26/05/2026 11:06;KAIK.DIAS;5 - OPERADOR;166752;NOTA FISCAL ID: 9930619 VINCULADA A CARGA ID: 166752;884;120018340
26/05/2026 11:06;PAULO.TELES;5 - OPERADOR;166751;NOTA FISCAL ID: 9909372 VINCULADA A CARGA ID: 166751;893;120018353
26/05/2026 11:06;KAIK.DIAS;5 - OPERADOR;166752;NOTA FISCAL ID: 9929395 VINCULADA A CARGA ID: 166752;884;120018355
26/05/2026 11:06;KAIK.DIAS;5 - OPERADOR;166752;NOTA FISCAL ID: 9928459 VINCULADA A CARGA ID: 166752;884;120018359
26/05/2026 11:06;PAULO.TELES;5 - OPERADOR;166751;NOTA FISCAL ID: 9908863 VINCULADA A CARGA ID: 166751;893;120018361
26/05/2026 11:06;KAIK.DIAS;5 - OPERADOR;166752;NOTA FISCAL ID: 9929781 VINCULADA A CARGA ID: 166752;884;120018367
26/05/2026 11:06;PAULO.TELES;5 - OPERADOR;166751;NOTA FISCAL ID: 9905603 VINCULADA A CARGA ID: 166751;893;120018369
26/05/2026 11:06;KAIK.DIAS;5 - OPERADOR;166752;NOTA FISCAL ID: 9930111 VINCULADA A CARGA ID: 166752;884;120018371
26/05/2026 11:06;PAULO.TELES;5 - OPERADOR;166751;NOTA FISCAL ID: 9929029 VINCULADA A CARGA ID: 166751;893;120018377
26/05/2026 11:06;KAIK.DIAS;5 - OPERADOR;166752;NOTA FISCAL ID: 9929591 VINCULADA A CARGA ID: 166752;884;120018375
26/05/2026 11:06;KAIK.DIAS;5 - OPERADOR;166752;NOTA FISCAL ID: 9930823 VINCULADA A CARGA ID: 166752;884;120018390
26/05/2026 11:06;KAIK.DIAS;5 - OPERADOR;166752;NOTA FISCAL ID: 9929384 VINCULADA A CARGA ID: 166752;884;120018394
26/05/2026 11:06;PAULO.TELES;5 - OPERADOR;166751;NOTA FISCAL ID: 9930658 VINCULADA A CARGA ID: 166751;893;120018392
26/05/2026 11:06;PAULO.TELES;5 - OPERADOR;166751;NOTA FISCAL ID: 9922791 VINCULADA A CARGA ID: 166751;893;120018398
26/05/2026 11:06;KAIK.DIAS;5 - OPERADOR;166752;NOTA FISCAL ID: 9928970 VINCULADA A CARGA ID: 166752;884;120018400
26/05/2026 11:06;PAULO.TELES;5 - OPERADOR;166751;NOTA FISCAL ID: 9922888 VINCULADA A CARGA ID: 166751;893;120018404
26/05/2026 11:06;PAULO.TELES;5 - OPERADOR;166751;NOTA FISCAL ID: 9931823 VINCULADA A CARGA ID: 166751;893;120018415
26/05/2026 11:06;PAULO.TELES;5 - OPERADOR;166751;NOTA FISCAL ID: 9930531 VINCULADA A CARGA ID: 166751;893;120018421
26/05/2026 11:07;PAULO.TELES;5 - OPERADOR;166751;NOTA FISCAL ID: 9930595 VINCULADA A CARGA ID: 166751;893;120018431
26/05/2026 11:07;PAULO.TELES;5 - OPERADOR;166751;NOTA FISCAL ID: 9930764 VINCULADA A CARGA ID: 166751;893;120018433
26/05/2026 11:07;PAULO.TELES;5 - OPERADOR;166751;NOTA FISCAL ID: 9931642 VINCULADA A CARGA ID: 166751;893;120018435
26/05/2026 11:07;PAULO.TELES;5 - OPERADOR;166751;NOTA FISCAL ID: 9928415 VINCULADA A CARGA ID: 166751;893;120018441
26/05/2026 11:07;PAULO.TELES;5 - OPERADOR;166751;NOTA FISCAL ID: 9930267 VINCULADA A CARGA ID: 166751;893;120018446
26/05/2026 11:07;PAULO.TELES;5 - OPERADOR;166751;NOTA FISCAL ID: 9931122 VINCULADA A CARGA ID: 166751;893;120018453
26/05/2026 11:07;PAULO.TELES;5 - OPERADOR;166751;NOTA FISCAL ID: 9929709 VINCULADA A CARGA ID: 166751;893;120018464
26/05/2026 11:07;PAULO.TELES;5 - OPERADOR;166751;NOTA FISCAL ID: 9915537 VINCULADA A CARGA ID: 166751;893;120018468
26/05/2026 11:07;PAULO.TELES;5 - OPERADOR;166751;NOTA FISCAL ID: 9931160 VINCULADA A CARGA ID: 166751;893;120018478
26/05/2026 11:07;PAULO.TELES;5 - OPERADOR;166751;NOTA FISCAL ID: 9931568 VINCULADA A CARGA ID: 166751;893;120018483
26/05/2026 11:07;PAULO.TELES;5 - OPERADOR;166751;NOTA FISCAL ID: 9928531 VINCULADA A CARGA ID: 166751;893;120018487
26/05/2026 11:07;PAULO.TELES;5 - OPERADOR;166751;NOTA FISCAL ID: 9931445 VINCULADA A CARGA ID: 166751;893;120018492
26/05/2026 11:07;PAULO.TELES;5 - OPERADOR;166751;NOTA FISCAL ID: 9931227 VINCULADA A CARGA ID: 166751;893;120018496
26/05/2026 11:07;PAULO.TELES;5 - OPERADOR;166751;NOTA FISCAL ID: 9931764 VINCULADA A CARGA ID: 166751;893;120018502
26/05/2026 11:07;PAULO.TELES;5 - OPERADOR;166751;NOTA FISCAL ID: 9931061 VINCULADA A CARGA ID: 166751;893;120018511
26/05/2026 11:07;PAULO.TELES;5 - OPERADOR;166751;NOTA FISCAL ID: 9931344 VINCULADA A CARGA ID: 166751;893;120018515
26/05/2026 11:07;KAIK.DIAS;5 - OPERADOR;166752;NOTA FISCAL ID: 9928402 VINCULADA A CARGA ID: 166752;884;120018513
26/05/2026 11:07;KAIK.DIAS;5 - OPERADOR;166752;NOTA FISCAL ID: 9928513 VINCULADA A CARGA ID: 166752;884;120018519
26/05/2026 11:07;KAIK.DIAS;5 - OPERADOR;166752;NOTA FISCAL ID: 9928989 VINCULADA A CARGA ID: 166752;884;120018526
26/05/2026 11:07;PAULO.TELES;5 - OPERADOR;166751;NOTA FISCAL ID: 9922797 VINCULADA A CARGA ID: 166751;893;120018528
26/05/2026 11:07;PAULO.TELES;5 - OPERADOR;166751;NOTA FISCAL ID: 9931176 VINCULADA A CARGA ID: 166751;893;120018538
26/05/2026 11:07;PAULO.TELES;5 - OPERADOR;166751;NOTA FISCAL ID: 9931139 VINCULADA A CARGA ID: 166751;893;120018543
26/05/2026 11:08;PAULO.TELES;5 - OPERADOR;166751;NOTA FISCAL ID: 9930697 VINCULADA A CARGA ID: 166751;893;120018545
26/05/2026 11:08;PAULO.TELES;5 - OPERADOR;166751;NOTA FISCAL ID: 9930168 VINCULADA A CARGA ID: 166751;893;120018547
26/05/2026 11:09;JOAO.CONTRI;5 - OPERADOR;166750;NOTA FISCAL ID: 9929638 VINCULADA A CARGA ID: 166750;875;120018893
26/05/2026 11:09;JOAO.CONTRI;5 - OPERADOR;166750;NOTA FISCAL ID: 9928530 VINCULADA A CARGA ID: 166750;875;120018897
26/05/2026 11:09;JOAO.CONTRI;5 - OPERADOR;166750;NOTA FISCAL ID: 9929805 VINCULADA A CARGA ID: 166750;875;120018905
26/05/2026 11:09;JOAO.CONTRI;5 - OPERADOR;166750;NOTA FISCAL ID: 9928802 VINCULADA A CARGA ID: 166750;875;120018909
26/05/2026 11:09;JOAO.CONTRI;5 - OPERADOR;166750;NOTA FISCAL ID: 9928498 VINCULADA A CARGA ID: 166750;875;120018915
26/05/2026 11:09;JOAO.CONTRI;5 - OPERADOR;166750;NOTA FISCAL ID: 9929057 VINCULADA A CARGA ID: 166750;875;120018917
26/05/2026 11:09;JOAO.CONTRI;5 - OPERADOR;166750;NOTA FISCAL ID: 9931231 VINCULADA A CARGA ID: 166750;875;120018933
26/05/2026 11:09;JOAO.CONTRI;5 - OPERADOR;166750;NOTA FISCAL ID: 9931713 VINCULADA A CARGA ID: 166750;875;120018940
26/05/2026 11:09;JOAO.CONTRI;5 - OPERADOR;166750;NOTA FISCAL ID: 9931041 VINCULADA A CARGA ID: 166750;875;120018942
26/05/2026 11:09;JOAO.CONTRI;5 - OPERADOR;166750;NOTA FISCAL ID: 9931547 VINCULADA A CARGA ID: 166750;875;120018944
26/05/2026 11:09;JOAO.CONTRI;5 - OPERADOR;166750;NOTA FISCAL ID: 9929585 VINCULADA A CARGA ID: 166750;875;120018952
26/05/2026 11:09;JOAO.CONTRI;5 - OPERADOR;166750;NOTA FISCAL ID: 9929433 VINCULADA A CARGA ID: 166750;875;120018955
26/05/2026 11:09;JOAO.CONTRI;5 - OPERADOR;166750;NOTA FISCAL ID: 9929599 VINCULADA A CARGA ID: 166750;875;120018957
26/05/2026 11:09;JOAO.CONTRI;5 - OPERADOR;166750;NOTA FISCAL ID: 9929864 VINCULADA A CARGA ID: 166750;875;120018972
26/05/2026 11:09;JOAO.CONTRI;5 - OPERADOR;166750;NOTA FISCAL ID: 9929962 VINCULADA A CARGA ID: 166750;875;120018974
26/05/2026 11:09;JOAO.CONTRI;5 - OPERADOR;166750;NOTA FISCAL ID: 9928848 VINCULADA A CARGA ID: 166750;875;120018991
26/05/2026 11:09;JOAO.CONTRI;5 - OPERADOR;166750;NOTA FISCAL ID: 9931693 VINCULADA A CARGA ID: 166750;875;120019000
26/05/2026 11:09;JOAO.CONTRI;5 - OPERADOR;166750;NOTA FISCAL ID: 9930374 VINCULADA A CARGA ID: 166750;875;120019016
26/05/2026 11:09;JOAO.CONTRI;5 - OPERADOR;166750;NOTA FISCAL ID: 9929337 VINCULADA A CARGA ID: 166750;875;120019018
26/05/2026 11:09;JOAO.CONTRI;5 - OPERADOR;166750;NOTA FISCAL ID: 9928555 VINCULADA A CARGA ID: 166750;875;120019020
26/05/2026 11:10;PAULO.TELES;5 - OPERADOR;166751;NOTA FISCAL ID: 9928876 VINCULADA A CARGA ID: 166751;893;120019055
26/05/2026 11:10;PAULO.TELES;5 - OPERADOR;166751;NOTA FISCAL ID: 9930698 VINCULADA A CARGA ID: 166751;893;120019057
26/05/2026 11:10;PAULO.TELES;5 - OPERADOR;166751;NOTA FISCAL ID: 9928651 VINCULADA A CARGA ID: 166751;893;120019064
26/05/2026 11:10;PAULO.TELES;5 - OPERADOR;166751;NOTA FISCAL ID: 9931643 VINCULADA A CARGA ID: 166751;893;120019066
26/05/2026 11:10;PAULO.TELES;5 - OPERADOR;166751;NOTA FISCAL ID: 9929764 VINCULADA A CARGA ID: 166751;893;120019074
26/05/2026 11:10;PAULO.TELES;5 - OPERADOR;166751;NOTA FISCAL ID: 9930771 VINCULADA A CARGA ID: 166751;893;120019081
26/05/2026 11:10;PAULO.TELES;5 - OPERADOR;166751;NOTA FISCAL ID: 9930327 VINCULADA A CARGA ID: 166751;893;120019083
26/05/2026 11:10;PAULO.TELES;5 - OPERADOR;166751;NOTA FISCAL ID: 9929439 VINCULADA A CARGA ID: 166751;893;120019087
26/05/2026 11:10;PAULO.TELES;5 - OPERADOR;166751;NOTA FISCAL ID: 9928868 VINCULADA A CARGA ID: 166751;893;120019094
26/05/2026 11:10;PAULO.TELES;5 - OPERADOR;166751;NOTA FISCAL ID: 9929179 VINCULADA A CARGA ID: 166751;893;120019101
26/05/2026 11:11;CARLOS.DAGUANA;5 - OPERADOR;166753;NOTA FISCAL ID: 9929246 VINCULADA A CARGA ID: 166753;874;120019128
26/05/2026 11:11;CARLOS.DAGUANA;5 - OPERADOR;166753;NOTA FISCAL ID: 9930123 VINCULADA A CARGA ID: 166753;874;120019130
26/05/2026 11:11;CARLOS.DAGUANA;5 - OPERADOR;166753;NOTA FISCAL ID: 9929982 VINCULADA A CARGA ID: 166753;874;120019132
26/05/2026 11:11;CARLOS.DAGUANA;5 - OPERADOR;166753;NOTA FISCAL ID: 9930193 VINCULADA A CARGA ID: 166753;874;120019144
26/05/2026 11:11;CARLOS.DAGUANA;5 - OPERADOR;166753;NOTA FISCAL ID: 9928429 VINCULADA A CARGA ID: 166753;874;120019156
26/05/2026 11:11;CARLOS.DAGUANA;5 - OPERADOR;166753;NOTA FISCAL ID: 9930486 VINCULADA A CARGA ID: 166753;874;120019162
26/05/2026 11:11;CARLOS.DAGUANA;5 - OPERADOR;166753;NOTA FISCAL ID: 9930075 VINCULADA A CARGA ID: 166753;874;120019180
26/05/2026 11:11;CARLOS.DAGUANA;5 - OPERADOR;166753;NOTA FISCAL ID: 9929176 VINCULADA A CARGA ID: 166753;874;120019184
26/05/2026 11:11;CARLOS.DAGUANA;5 - OPERADOR;166753;NOTA FISCAL ID: 9930699 VINCULADA A CARGA ID: 166753;874;120019211
26/05/2026 11:11;CARLOS.DAGUANA;5 - OPERADOR;166753;NOTA FISCAL ID: 9929482 VINCULADA A CARGA ID: 166753;874;120019220
26/05/2026 11:11;CARLOS.DAGUANA;5 - OPERADOR;166753;NOTA FISCAL ID: 9928673 VINCULADA A CARGA ID: 166753;874;120019229
26/05/2026 11:11;CARLOS.DAGUANA;5 - OPERADOR;166753;NOTA FISCAL ID: 9930714 VINCULADA A CARGA ID: 166753;874;120019248
26/05/2026 11:11;CARLOS.DAGUANA;5 - OPERADOR;166753;NOTA FISCAL ID: 9929217 VINCULADA A CARGA ID: 166753;874;120019250
26/05/2026 11:11;CARLOS.DAGUANA;5 - OPERADOR;166753;NOTA FISCAL ID: 9931679 VINCULADA A CARGA ID: 166753;874;120019257
26/05/2026 11:11;CARLOS.DAGUANA;5 - OPERADOR;166753;NOTA FISCAL ID: 9931587 VINCULADA A CARGA ID: 166753;874;120019259
26/05/2026 11:11;CARLOS.DAGUANA;5 - OPERADOR;166753;NOTA FISCAL ID: 9930937 VINCULADA A CARGA ID: 166753;874;120019261
26/05/2026 11:11;CARLOS.DAGUANA;5 - OPERADOR;166753;NOTA FISCAL ID: 9930789 VINCULADA A CARGA ID: 166753;874;120019263
26/05/2026 11:12;CARLOS.DAGUANA;5 - OPERADOR;166753;NOTA FISCAL ID: 9928888 VINCULADA A CARGA ID: 166753;874;120019278
26/05/2026 11:12;CARLOS.DAGUANA;5 - OPERADOR;166753;NOTA FISCAL ID: 9930141 VINCULADA A CARGA ID: 166753;874;120019281
26/05/2026 11:12;CARLOS.DAGUANA;5 - OPERADOR;166753;NOTA FISCAL ID: 9931165 VINCULADA A CARGA ID: 166753;874;120019287
26/05/2026 11:13;KAIK.DIAS;5 - OPERADOR;166754;NOTA FISCAL ID: 9930365 VINCULADA A CARGA ID: 166754;884;120019499
26/05/2026 11:13;KAIK.DIAS;5 - OPERADOR;166754;NOTA FISCAL ID: 9929341 VINCULADA A CARGA ID: 166754;884;120019501
26/05/2026 11:13;KAIK.DIAS;5 - OPERADOR;166754;NOTA FISCAL ID: 9931951 VINCULADA A CARGA ID: 166754;884;120019513
26/05/2026 11:13;KAIK.DIAS;5 - OPERADOR;166754;NOTA FISCAL ID: 9931505 VINCULADA A CARGA ID: 166754;884;120019515
26/05/2026 11:13;KAIK.DIAS;5 - OPERADOR;166754;NOTA FISCAL ID: 9931714 VINCULADA A CARGA ID: 166754;884;120019517
26/05/2026 11:13;KAIK.DIAS;5 - OPERADOR;166754;NOTA FISCAL ID: 9930986 VINCULADA A CARGA ID: 166754;884;120019543
26/05/2026 11:13;KAIK.DIAS;5 - OPERADOR;166754;NOTA FISCAL ID: 9929825 VINCULADA A CARGA ID: 166754;884;120019596
26/05/2026 11:13;KAIK.DIAS;5 - OPERADOR;166754;NOTA FISCAL ID: 9931030 VINCULADA A CARGA ID: 166754;884;120019612
26/05/2026 11:13;KAIK.DIAS;5 - OPERADOR;166754;NOTA FISCAL ID: 9928707 VINCULADA A CARGA ID: 166754;884;120019614
26/05/2026 11:13;KAIK.DIAS;5 - OPERADOR;166754;NOTA FISCAL ID: 9928411 VINCULADA A CARGA ID: 166754;884;120019632
26/05/2026 11:14;CARLOS.DAGUANA;5 - OPERADOR;166753;NOTA FISCAL ID: 9928686 VINCULADA A CARGA ID: 166753;874;120019710
26/05/2026 11:14;CARLOS.DAGUANA;5 - OPERADOR;166753;NOTA FISCAL ID: 9929580 VINCULADA A CARGA ID: 166753;874;120019722
26/05/2026 11:14;CARLOS.DAGUANA;5 - OPERADOR;166753;NOTA FISCAL ID: 9928626 VINCULADA A CARGA ID: 166753;874;120019746
26/05/2026 11:14;CARLOS.DAGUANA;5 - OPERADOR;166753;NOTA FISCAL ID: 9931660 VINCULADA A CARGA ID: 166753;874;120019763
26/05/2026 11:14;CARLOS.DAGUANA;5 - OPERADOR;166753;NOTA FISCAL ID: 9929677 VINCULADA A CARGA ID: 166753;874;120019765
26/05/2026 11:14;CARLOS.DAGUANA;5 - OPERADOR;166753;NOTA FISCAL ID: 9930757 VINCULADA A CARGA ID: 166753;874;120019777
26/05/2026 11:14;CARLOS.DAGUANA;5 - OPERADOR;166753;NOTA FISCAL ID: 9931912 VINCULADA A CARGA ID: 166753;874;120019789
26/05/2026 11:14;CARLOS.DAGUANA;5 - OPERADOR;166753;NOTA FISCAL ID: 9930107 VINCULADA A CARGA ID: 166753;874;120019801
26/05/2026 11:14;CARLOS.DAGUANA;5 - OPERADOR;166753;NOTA FISCAL ID: 9929225 VINCULADA A CARGA ID: 166753;874;120019815
26/05/2026 11:14;CARLOS.DAGUANA;5 - OPERADOR;166753;NOTA FISCAL ID: 9930480 VINCULADA A CARGA ID: 166753;874;120019817
26/05/2026 11:15;JOSE.SILVA;5 - OPERADOR;166750;NOTA FISCAL ID: 9931199 VINCULADA A CARGA ID: 166750;807;120019866
26/05/2026 11:15;JOSE.SILVA;5 - OPERADOR;166750;NOTA FISCAL ID: 9929141 VINCULADA A CARGA ID: 166750;807;120019870
26/05/2026 11:15;JOSE.SILVA;5 - OPERADOR;166750;NOTA FISCAL ID: 9928640 VINCULADA A CARGA ID: 166750;807;120019872
26/05/2026 11:15;JOSE.SILVA;5 - OPERADOR;166750;NOTA FISCAL ID: 9930084 VINCULADA A CARGA ID: 166750;807;120019874
26/05/2026 11:15;JOSE.SILVA;5 - OPERADOR;166750;NOTA FISCAL ID: 9930840 VINCULADA A CARGA ID: 166750;807;120019891
26/05/2026 11:15;JOSE.SILVA;5 - OPERADOR;166750;NOTA FISCAL ID: 9930944 VINCULADA A CARGA ID: 166750;807;120019895
26/05/2026 11:15;JOSE.SILVA;5 - OPERADOR;166750;NOTA FISCAL ID: 9931545 VINCULADA A CARGA ID: 166750;807;120019912
26/05/2026 11:15;JOSE.SILVA;5 - OPERADOR;166750;NOTA FISCAL ID: 9931712 VINCULADA A CARGA ID: 166750;807;120019929
26/05/2026 11:15;JOSE.SILVA;5 - OPERADOR;166750;NOTA FISCAL ID: 9931092 VINCULADA A CARGA ID: 166750;807;120019932
26/05/2026 11:15;JOSE.SILVA;5 - OPERADOR;166750;NOTA FISCAL ID: 9931762 VINCULADA A CARGA ID: 166750;807;120019934
26/05/2026 11:15;JOSE.SILVA;5 - OPERADOR;166750;NOTA FISCAL ID: 9929060 VINCULADA A CARGA ID: 166750;807;120019936
26/05/2026 11:15;JOSE.SILVA;5 - OPERADOR;166750;NOTA FISCAL ID: 9930906 VINCULADA A CARGA ID: 166750;807;120019950
26/05/2026 11:15;JOSE.SILVA;5 - OPERADOR;166750;NOTA FISCAL ID: 9931109 VINCULADA A CARGA ID: 166750;807;120019959
26/05/2026 11:15;JOSE.SILVA;5 - OPERADOR;166750;NOTA FISCAL ID: 9931294 VINCULADA A CARGA ID: 166750;807;120019961
26/05/2026 11:15;JOSE.SILVA;5 - OPERADOR;166750;NOTA FISCAL ID: 9931434 VINCULADA A CARGA ID: 166750;807;120019978
26/05/2026 11:16;JOSE.SILVA;5 - OPERADOR;166750;NOTA FISCAL ID: 9929576 VINCULADA A CARGA ID: 166750;807;120019997
26/05/2026 11:16;JOSE.SILVA;5 - OPERADOR;166750;NOTA FISCAL ID: 9931589 VINCULADA A CARGA ID: 166750;807;120020009
26/05/2026 11:16;JOSE.SILVA;5 - OPERADOR;166750;NOTA FISCAL ID: 9931791 VINCULADA A CARGA ID: 166750;807;120020011
26/05/2026 11:16;JOSE.SILVA;5 - OPERADOR;166750;NOTA FISCAL ID: 9930131 VINCULADA A CARGA ID: 166750;807;120020013
26/05/2026 11:16;JOSE.SILVA;5 - OPERADOR;166750;NOTA FISCAL ID: 9928956 VINCULADA A CARGA ID: 166750;807;120020015
26/05/2026 11:17;CARLOS.DAGUANA;5 - OPERADOR;166753;NOTA FISCAL ID: 9930284 VINCULADA A CARGA ID: 166753;874;120020228
26/05/2026 11:17;CARLOS.DAGUANA;5 - OPERADOR;166753;NOTA FISCAL ID: 9931124 VINCULADA A CARGA ID: 166753;874;120020333
26/05/2026 11:17;CARLOS.DAGUANA;5 - OPERADOR;166753;NOTA FISCAL ID: 9930839 VINCULADA A CARGA ID: 166753;874;120020343
26/05/2026 11:17;CARLOS.DAGUANA;5 - OPERADOR;166753;NOTA FISCAL ID: 9929174 VINCULADA A CARGA ID: 166753;874;120020345
26/05/2026 11:17;CARLOS.DAGUANA;5 - OPERADOR;166753;NOTA FISCAL ID: 9931736 VINCULADA A CARGA ID: 166753;874;120020357
26/05/2026 11:18;PAULO.TELES;5 - OPERADOR;166755;NOTA FISCAL ID: 9931602 VINCULADA A CARGA ID: 166755;893;120020764
26/05/2026 11:18;PAULO.TELES;5 - OPERADOR;166755;NOTA FISCAL ID: 9931163 VINCULADA A CARGA ID: 166755;893;120020789
26/05/2026 11:18;PAULO.TELES;5 - OPERADOR;166755;NOTA FISCAL ID: 9931244 VINCULADA A CARGA ID: 166755;893;120020791
26/05/2026 11:18;PAULO.TELES;5 - OPERADOR;166755;NOTA FISCAL ID: 9931479 VINCULADA A CARGA ID: 166755;893;120020800
26/05/2026 11:19;PAULO.TELES;5 - OPERADOR;166755;NOTA FISCAL ID: 9929084 VINCULADA A CARGA ID: 166755;893;120020811
26/05/2026 11:19;PAULO.TELES;5 - OPERADOR;166755;NOTA FISCAL ID: 9930406 VINCULADA A CARGA ID: 166755;893;120020829
26/05/2026 11:19;PAULO.TELES;5 - OPERADOR;166755;NOTA FISCAL ID: 9931111 VINCULADA A CARGA ID: 166755;893;120020831
26/05/2026 11:19;PAULO.TELES;5 - OPERADOR;166755;NOTA FISCAL ID: 9931555 VINCULADA A CARGA ID: 166755;893;120020833
26/05/2026 11:19;PAULO.TELES;5 - OPERADOR;166755;NOTA FISCAL ID: 9931155 VINCULADA A CARGA ID: 166755;893;120020846
26/05/2026 11:19;PAULO.TELES;5 - OPERADOR;166755;NOTA FISCAL ID: 9931154 VINCULADA A CARGA ID: 166755;893;120020848
26/05/2026 11:19;JOSE.SILVA;5 - OPERADOR;166750;NOTA FISCAL ID: 9930773 VINCULADA A CARGA ID: 166750;807;120020897
26/05/2026 11:19;JOSE.SILVA;5 - OPERADOR;166750;NOTA FISCAL ID: 9929099 VINCULADA A CARGA ID: 166750;807;120020899
26/05/2026 11:19;JOSE.SILVA;5 - OPERADOR;166750;NOTA FISCAL ID: 9929732 VINCULADA A CARGA ID: 166750;807;120020916
26/05/2026 11:19;JOSE.SILVA;5 - OPERADOR;166750;NOTA FISCAL ID: 9928771 VINCULADA A CARGA ID: 166750;807;120020918
26/05/2026 11:19;JOSE.SILVA;5 - OPERADOR;166750;NOTA FISCAL ID: 9930042 VINCULADA A CARGA ID: 166750;807;120020931
26/05/2026 11:20;JOSE.SILVA;5 - OPERADOR;166750;NOTA FISCAL ID: 9928491 VINCULADA A CARGA ID: 166750;807;120021038
26/05/2026 11:20;JOSE.SILVA;5 - OPERADOR;166750;NOTA FISCAL ID: 9931480 VINCULADA A CARGA ID: 166750;807;120021050
26/05/2026 11:20;KAIK.DIAS;5 - OPERADOR;166754;NOTA FISCAL ID: 9930631 VINCULADA A CARGA ID: 166754;884;120021052
26/05/2026 11:20;JOSE.SILVA;5 - OPERADOR;166750;NOTA FISCAL ID: 9931892 VINCULADA A CARGA ID: 166750;807;120021056
26/05/2026 11:20;KAIK.DIAS;5 - OPERADOR;166754;NOTA FISCAL ID: 9930677 VINCULADA A CARGA ID: 166754;884;120021054
26/05/2026 11:20;KAIK.DIAS;5 - OPERADOR;166754;NOTA FISCAL ID: 9930190 VINCULADA A CARGA ID: 166754;884;120021068
26/05/2026 11:20;KAIK.DIAS;5 - OPERADOR;166754;NOTA FISCAL ID: 9928932 VINCULADA A CARGA ID: 166754;884;120021077
26/05/2026 11:20;KAIK.DIAS;5 - OPERADOR;166754;NOTA FISCAL ID: 9916216 VINCULADA A CARGA ID: 166754;884;120021101
26/05/2026 11:20;KAIK.DIAS;5 - OPERADOR;166754;NOTA FISCAL ID: 9929203 VINCULADA A CARGA ID: 166754;884;120021114
26/05/2026 11:20;KAIK.DIAS;5 - OPERADOR;166754;NOTA FISCAL ID: 9929129 VINCULADA A CARGA ID: 166754;884;120021116
26/05/2026 11:20;KAIK.DIAS;5 - OPERADOR;166754;NOTA FISCAL ID: 9928674 VINCULADA A CARGA ID: 166754;884;120021125
26/05/2026 11:20;KAIK.DIAS;5 - OPERADOR;166754;NOTA FISCAL ID: 9930893 VINCULADA A CARGA ID: 166754;884;120021127
26/05/2026 11:20;KAIK.DIAS;5 - OPERADOR;166754;NOTA FISCAL ID: 9929116 VINCULADA A CARGA ID: 166754;884;120021129
26/05/2026 11:20;KAIK.DIAS;5 - OPERADOR;166754;NOTA FISCAL ID: 9929861 VINCULADA A CARGA ID: 166754;884;120021141
26/05/2026 11:20;KAIK.DIAS;5 - OPERADOR;166754;NOTA FISCAL ID: 9919991 VINCULADA A CARGA ID: 166754;884;120021158
26/05/2026 11:20;KAIK.DIAS;5 - OPERADOR;166754;NOTA FISCAL ID: 9917831 VINCULADA A CARGA ID: 166754;884;120021160
26/05/2026 11:20;KAIK.DIAS;5 - OPERADOR;166754;NOTA FISCAL ID: 9914060 VINCULADA A CARGA ID: 166754;884;120021172
26/05/2026 11:20;KAIK.DIAS;5 - OPERADOR;166754;NOTA FISCAL ID: 9918635 VINCULADA A CARGA ID: 166754;884;120021181
26/05/2026 11:20;JOSE.SILVA;5 - OPERADOR;166750;NOTA FISCAL ID: 9930429 VINCULADA A CARGA ID: 166750;807;120021183
26/05/2026 11:20;KAIK.DIAS;5 - OPERADOR;166754;NOTA FISCAL ID: 9931443 VINCULADA A CARGA ID: 166754;884;120021187
26/05/2026 11:20;JOSE.SILVA;5 - OPERADOR;166750;NOTA FISCAL ID: 9930691 VINCULADA A CARGA ID: 166750;807;120021185
26/05/2026 11:20;KAIK.DIAS;5 - OPERADOR;166754;NOTA FISCAL ID: 9931860 VINCULADA A CARGA ID: 166754;884;120021189
26/05/2026 11:20;KAIK.DIAS;5 - OPERADOR;166754;NOTA FISCAL ID: 9931229 VINCULADA A CARGA ID: 166754;884;120021196
26/05/2026 11:20;KAIK.DIAS;5 - OPERADOR;166754;NOTA FISCAL ID: 9931636 VINCULADA A CARGA ID: 166754;884;120021214
26/05/2026 11:20;KAIK.DIAS;5 - OPERADOR;166754;NOTA FISCAL ID: 9928885 VINCULADA A CARGA ID: 166754;884;120021226
26/05/2026 11:22;PAULO.TELES;5 - OPERADOR;166755;NOTA FISCAL ID: 9929255 VINCULADA A CARGA ID: 166755;893;120021627
26/05/2026 11:22;PAULO.TELES;5 - OPERADOR;166755;NOTA FISCAL ID: 9929342 VINCULADA A CARGA ID: 166755;893;120021629
26/05/2026 11:23;KAIK.DIAS;5 - OPERADOR;166754;NOTA FISCAL ID: 9930745 VINCULADA A CARGA ID: 166754;884;120021631
26/05/2026 11:23;PAULO.TELES;5 - OPERADOR;166755;NOTA FISCAL ID: 9909613 VINCULADA A CARGA ID: 166755;893;120021635
26/05/2026 11:23;KAIK.DIAS;5 - OPERADOR;166754;NOTA FISCAL ID: 9931347 VINCULADA A CARGA ID: 166754;884;120021633
26/05/2026 11:23;KAIK.DIAS;5 - OPERADOR;166754;NOTA FISCAL ID: 9931700 VINCULADA A CARGA ID: 166754;884;120021637
26/05/2026 11:23;PAULO.TELES;5 - OPERADOR;166755;NOTA FISCAL ID: 9921422 VINCULADA A CARGA ID: 166755;893;120021644
26/05/2026 11:23;KAIK.DIAS;5 - OPERADOR;166754;NOTA FISCAL ID: 9931215 VINCULADA A CARGA ID: 166754;884;120021646
26/05/2026 11:23;KAIK.DIAS;5 - OPERADOR;166754;NOTA FISCAL ID: 9929891 VINCULADA A CARGA ID: 166754;884;120021653
26/05/2026 11:23;KAIK.DIAS;5 - OPERADOR;166754;NOTA FISCAL ID: 9931730 VINCULADA A CARGA ID: 166754;884;120021666
26/05/2026 11:23;KAIK.DIAS;5 - OPERADOR;166754;NOTA FISCAL ID: 9930507 VINCULADA A CARGA ID: 166754;884;120021670
26/05/2026 11:23;PAULO.TELES;5 - OPERADOR;166755;NOTA FISCAL ID: 9930992 VINCULADA A CARGA ID: 166755;893;120021668
26/05/2026 11:23;PAULO.TELES;5 - OPERADOR;166755;NOTA FISCAL ID: 9928841 VINCULADA A CARGA ID: 166755;893;120021672
26/05/2026 11:23;KAIK.DIAS;5 - OPERADOR;166754;NOTA FISCAL ID: 9929544 VINCULADA A CARGA ID: 166754;884;120021674
26/05/2026 11:23;KAIK.DIAS;5 - OPERADOR;166754;NOTA FISCAL ID: 9928829 VINCULADA A CARGA ID: 166754;884;120021676
26/05/2026 11:23;KAIK.DIAS;5 - OPERADOR;166754;NOTA FISCAL ID: 9929647 VINCULADA A CARGA ID: 166754;884;120021693
26/05/2026 11:23;KAIK.DIAS;5 - OPERADOR;166754;NOTA FISCAL ID: 9928378 VINCULADA A CARGA ID: 166754;884;120021722
26/05/2026 11:23;KAIK.DIAS;5 - OPERADOR;166754;NOTA FISCAL ID: 9931851 VINCULADA A CARGA ID: 166754;884;120021756
26/05/2026 11:23;PAULO.TELES;5 - OPERADOR;166755;NOTA FISCAL ID: 9931301 VINCULADA A CARGA ID: 166755;893;120021781
26/05/2026 11:23;KAIK.DIAS;5 - OPERADOR;166754;NOTA FISCAL ID: 9931149 VINCULADA A CARGA ID: 166754;884;120021783
26/05/2026 11:23;PAULO.TELES;5 - OPERADOR;166755;NOTA FISCAL ID: 9930343 VINCULADA A CARGA ID: 166755;893;120021795
26/05/2026 11:23;KAIK.DIAS;5 - OPERADOR;166754;NOTA FISCAL ID: 9931179 VINCULADA A CARGA ID: 166754;884;120021800
26/05/2026 11:23;PAULO.TELES;5 - OPERADOR;166755;NOTA FISCAL ID: 9928510 VINCULADA A CARGA ID: 166755;893;120021803
26/05/2026 11:23;KAIK.DIAS;5 - OPERADOR;166754;NOTA FISCAL ID: 9931569 VINCULADA A CARGA ID: 166754;884;120021805
26/05/2026 11:23;KAIK.DIAS;5 - OPERADOR;166754;NOTA FISCAL ID: 9930667 VINCULADA A CARGA ID: 166754;884;120021807
26/05/2026 11:23;KAIK.DIAS;5 - OPERADOR;166754;NOTA FISCAL ID: 9930300 VINCULADA A CARGA ID: 166754;884;120021819
26/05/2026 11:23;KAIK.DIAS;5 - OPERADOR;166754;NOTA FISCAL ID: 9931072 VINCULADA A CARGA ID: 166754;884;120021822
26/05/2026 11:23;KAIK.DIAS;5 - OPERADOR;166754;NOTA FISCAL ID: 9931854 VINCULADA A CARGA ID: 166754;884;120021824
26/05/2026 11:23;KAIK.DIAS;5 - OPERADOR;166754;NOTA FISCAL ID: 9931027 VINCULADA A CARGA ID: 166754;884;120021826
26/05/2026 11:24;PAULO.TELES;5 - OPERADOR;166755;NOTA FISCAL ID: 9931924 VINCULADA A CARGA ID: 166755;893;120021860
26/05/2026 11:25;CARLOS.DAGUANA;5 - OPERADOR;166756;NOTA FISCAL ID: 9929487 VINCULADA A CARGA ID: 166756;874;120022087
26/05/2026 11:25;CARLOS.DAGUANA;5 - OPERADOR;166756;NOTA FISCAL ID: 9928525 VINCULADA A CARGA ID: 166756;874;120022099
26/05/2026 11:25;CARLOS.DAGUANA;5 - OPERADOR;166756;NOTA FISCAL ID: 9929077 VINCULADA A CARGA ID: 166756;874;120022112
26/05/2026 11:25;CARLOS.DAGUANA;5 - OPERADOR;166756;NOTA FISCAL ID: 9928389 VINCULADA A CARGA ID: 166756;874;120022115
26/05/2026 11:25;KAIK.DIAS;5 - OPERADOR;166754;NOTA FISCAL ID: 9930136 VINCULADA A CARGA ID: 166754;884;120022132
26/05/2026 11:25;CARLOS.DAGUANA;5 - OPERADOR;166756;NOTA FISCAL ID: 9931260 VINCULADA A CARGA ID: 166756;874;120022136
26/05/2026 11:25;KAIK.DIAS;5 - OPERADOR;166754;NOTA FISCAL ID: 9931172 VINCULADA A CARGA ID: 166754;884;120022138
26/05/2026 11:25;CARLOS.DAGUANA;5 - OPERADOR;166756;NOTA FISCAL ID: 9931415 VINCULADA A CARGA ID: 166756;874;120022150
26/05/2026 11:25;KAIK.DIAS;5 - OPERADOR;166754;NOTA FISCAL ID: 9931332 VINCULADA A CARGA ID: 166754;884;120022152
26/05/2026 11:25;CARLOS.DAGUANA;5 - OPERADOR;166756;NOTA FISCAL ID: 9929409 VINCULADA A CARGA ID: 166756;874;120022159
26/05/2026 11:25;CARLOS.DAGUANA;5 - OPERADOR;166756;NOTA FISCAL ID: 9930446 VINCULADA A CARGA ID: 166756;874;120022163
26/05/2026 11:25;CARLOS.DAGUANA;5 - OPERADOR;166756;NOTA FISCAL ID: 9930877 VINCULADA A CARGA ID: 166756;874;120022165
26/05/2026 11:25;CARLOS.DAGUANA;5 - OPERADOR;166756;NOTA FISCAL ID: 9928490 VINCULADA A CARGA ID: 166756;874;120022177
26/05/2026 11:25;CARLOS.DAGUANA;5 - OPERADOR;166756;NOTA FISCAL ID: 9931091 VINCULADA A CARGA ID: 166756;874;120022197
26/05/2026 11:25;CARLOS.DAGUANA;5 - OPERADOR;166756;NOTA FISCAL ID: 9931960 VINCULADA A CARGA ID: 166756;874;120022199
26/05/2026 11:25;CARLOS.DAGUANA;5 - OPERADOR;166756;NOTA FISCAL ID: 9930883 VINCULADA A CARGA ID: 166756;874;120022201
26/05/2026 11:25;CARLOS.DAGUANA;5 - OPERADOR;166756;NOTA FISCAL ID: 9931461 VINCULADA A CARGA ID: 166756;874;120022205
26/05/2026 11:25;JOSE.SILVA;5 - OPERADOR;166737;NOTA FISCAL ID: 9932462 VINCULADA A CARGA ID: 166737;807;120022207
26/05/2026 11:26;CARLOS.DAGUANA;5 - OPERADOR;166756;NOTA FISCAL ID: 9931649 VINCULADA A CARGA ID: 166756;874;120022209
26/05/2026 11:26;KAIK.DIAS;5 - OPERADOR;166754;NOTA FISCAL ID: 9931934 VINCULADA A CARGA ID: 166754;884;120022211
26/05/2026 11:26;JOSE.SILVA;5 - OPERADOR;166737;NOTA FISCAL ID: 9932018 VINCULADA A CARGA ID: 166737;807;120022213
26/05/2026 11:26;JOSE.SILVA;5 - OPERADOR;166737;NOTA FISCAL ID: 9932424 VINCULADA A CARGA ID: 166737;807;120022236
26/05/2026 11:26;CARLOS.DAGUANA;5 - OPERADOR;166756;NOTA FISCAL ID: 9931658 VINCULADA A CARGA ID: 166756;874;120022244
26/05/2026 11:26;JOSE.SILVA;5 - OPERADOR;166737;NOTA FISCAL ID: 9932205 VINCULADA A CARGA ID: 166737;807;120022250
26/05/2026 11:26;JOSE.SILVA;5 - OPERADOR;166737;NOTA FISCAL ID: 9932336 VINCULADA A CARGA ID: 166737;807;120022272
26/05/2026 11:26;CARLOS.DAGUANA;5 - OPERADOR;166756;NOTA FISCAL ID: 9931375 VINCULADA A CARGA ID: 166756;874;120022274
26/05/2026 11:26;JOSE.SILVA;5 - OPERADOR;166737;NOTA FISCAL ID: 9932369 VINCULADA A CARGA ID: 166737;807;120022286
26/05/2026 11:26;CARLOS.DAGUANA;5 - OPERADOR;166756;NOTA FISCAL ID: 9931119 VINCULADA A CARGA ID: 166756;874;120022288
26/05/2026 11:26;JOSE.SILVA;5 - OPERADOR;166737;NOTA FISCAL ID: 9932467 VINCULADA A CARGA ID: 166737;807;120022290
26/05/2026 11:26;CARLOS.DAGUANA;5 - OPERADOR;166756;NOTA FISCAL ID: 9930970 VINCULADA A CARGA ID: 166756;874;120022324
26/05/2026 11:26;JOSE.SILVA;5 - OPERADOR;166737;NOTA FISCAL ID: 9932021 VINCULADA A CARGA ID: 166737;807;120022326
26/05/2026 11:26;CARLOS.DAGUANA;5 - OPERADOR;166756;NOTA FISCAL ID: 9931120 VINCULADA A CARGA ID: 166756;874;120022339
26/05/2026 11:26;JOSE.SILVA;5 - OPERADOR;166737;NOTA FISCAL ID: 9932611 VINCULADA A CARGA ID: 166737;807;120022351
26/05/2026 11:26;JOSE.SILVA;5 - OPERADOR;166737;NOTA FISCAL ID: 9932412 VINCULADA A CARGA ID: 166737;807;120022353
26/05/2026 11:26;JOSE.SILVA;5 - OPERADOR;166737;NOTA FISCAL ID: 9932029 VINCULADA A CARGA ID: 166737;807;120022356
26/05/2026 11:26;JOSE.SILVA;5 - OPERADOR;166737;NOTA FISCAL ID: 9932527 VINCULADA A CARGA ID: 166737;807;120022372
26/05/2026 11:26;JOSE.SILVA;5 - OPERADOR;166737;NOTA FISCAL ID: 9932360 VINCULADA A CARGA ID: 166737;807;120022374
26/05/2026 11:26;JOSE.SILVA;5 - OPERADOR;166737;NOTA FISCAL ID: 9932427 VINCULADA A CARGA ID: 166737;807;120022376
26/05/2026 11:26;JOSE.SILVA;5 - OPERADOR;166737;NOTA FISCAL ID: 9932374 VINCULADA A CARGA ID: 166737;807;120022378
26/05/2026 11:26;JOSE.SILVA;5 - OPERADOR;166737;NOTA FISCAL ID: 9932513 VINCULADA A CARGA ID: 166737;807;120022390
26/05/2026 11:26;JOSE.SILVA;5 - OPERADOR;166737;NOTA FISCAL ID: 9932183 VINCULADA A CARGA ID: 166737;807;120022402
26/05/2026 11:26;JOSE.SILVA;5 - OPERADOR;166737;NOTA FISCAL ID: 9932305 VINCULADA A CARGA ID: 166737;807;120022404
26/05/2026 11:26;JOSE.SILVA;5 - OPERADOR;166737;NOTA FISCAL ID: 9932109 VINCULADA A CARGA ID: 166737;807;120022422
26/05/2026 11:26;JOSE.SILVA;5 - OPERADOR;166737;NOTA FISCAL ID: 9932215 VINCULADA A CARGA ID: 166737;807;120022434
26/05/2026 11:29;JOSE.SILVA;5 - OPERADOR;166737;NOTA FISCAL ID: 9932473 VINCULADA A CARGA ID: 166737;807;120022543
26/05/2026 11:29;JOSE.SILVA;5 - OPERADOR;166737;NOTA FISCAL ID: 9932431 VINCULADA A CARGA ID: 166737;807;120022561
26/05/2026 11:29;JOSE.SILVA;5 - OPERADOR;166737;NOTA FISCAL ID: 9932025 VINCULADA A CARGA ID: 166737;807;120022573
26/05/2026 11:29;JOSE.SILVA;5 - OPERADOR;166737;NOTA FISCAL ID: 9932027 VINCULADA A CARGA ID: 166737;807;120022575
26/05/2026 11:29;JOSE.SILVA;5 - OPERADOR;166737;NOTA FISCAL ID: 9932396 VINCULADA A CARGA ID: 166737;807;120022588
26/05/2026 11:29;JOSE.SILVA;5 - OPERADOR;166737;NOTA FISCAL ID: 9932330 VINCULADA A CARGA ID: 166737;807;120022602
26/05/2026 11:29;JOSE.SILVA;5 - OPERADOR;166737;NOTA FISCAL ID: 9932368 VINCULADA A CARGA ID: 166737;807;120022620
26/05/2026 11:29;JOSE.SILVA;5 - OPERADOR;166737;NOTA FISCAL ID: 9932269 VINCULADA A CARGA ID: 166737;807;120022627
26/05/2026 11:29;JOSE.SILVA;5 - OPERADOR;166737;NOTA FISCAL ID: 9932253 VINCULADA A CARGA ID: 166737;807;120022629
26/05/2026 11:29;JOSE.SILVA;5 - OPERADOR;166737;NOTA FISCAL ID: 9932362 VINCULADA A CARGA ID: 166737;807;120022641
26/05/2026 11:30;JOSE.SILVA;5 - OPERADOR;166737;NOTA FISCAL ID: 9932022 VINCULADA A CARGA ID: 166737;807;120022692
26/05/2026 11:30;JOSE.SILVA;5 - OPERADOR;166737;NOTA FISCAL ID: 9932579 VINCULADA A CARGA ID: 166737;807;120022694
26/05/2026 11:30;JOSE.SILVA;5 - OPERADOR;166737;NOTA FISCAL ID: 9932372 VINCULADA A CARGA ID: 166737;807;120022706
26/05/2026 11:30;JOSE.SILVA;5 - OPERADOR;166737;NOTA FISCAL ID: 9932423 VINCULADA A CARGA ID: 166737;807;120022708
26/05/2026 11:30;JOSE.SILVA;5 - OPERADOR;166737;NOTA FISCAL ID: 9932163 VINCULADA A CARGA ID: 166737;807;120022720
26/05/2026 11:30;JOSE.SILVA;5 - OPERADOR;166737;NOTA FISCAL ID: 9932456 VINCULADA A CARGA ID: 166737;807;120022722
26/05/2026 11:30;JOSE.SILVA;5 - OPERADOR;166737;NOTA FISCAL ID: 9932382 VINCULADA A CARGA ID: 166737;807;120022724
26/05/2026 11:30;JOSE.SILVA;5 - OPERADOR;166737;NOTA FISCAL ID: 9932329 VINCULADA A CARGA ID: 166737;807;120022726
26/05/2026 11:30;JOSE.SILVA;5 - OPERADOR;166737;NOTA FISCAL ID: 9932342 VINCULADA A CARGA ID: 166737;807;120022730
26/05/2026 11:30;JOSE.SILVA;5 - OPERADOR;166737;NOTA FISCAL ID: 9932397 VINCULADA A CARGA ID: 166737;807;120022742
26/05/2026 11:30;CARLOS.DAGUANA;5 - OPERADOR;166756;NOTA FISCAL ID: 9931592 VINCULADA A CARGA ID: 166756;874;120022788
26/05/2026 11:30;CARLOS.DAGUANA;5 - OPERADOR;166756;NOTA FISCAL ID: 9931604 VINCULADA A CARGA ID: 166756;874;120022796
26/05/2026 11:30;CARLOS.DAGUANA;5 - OPERADOR;166756;NOTA FISCAL ID: 9930752 VINCULADA A CARGA ID: 166756;874;120022798
26/05/2026 11:30;CARLOS.DAGUANA;5 - OPERADOR;166756;NOTA FISCAL ID: 9930411 VINCULADA A CARGA ID: 166756;874;120022811
26/05/2026 11:30;CARLOS.DAGUANA;5 - OPERADOR;166756;NOTA FISCAL ID: 9916000 VINCULADA A CARGA ID: 166756;874;120022814
26/05/2026 11:31;JOSE.SILVA;5 - OPERADOR;166737;NOTA FISCAL ID: 9932490 VINCULADA A CARGA ID: 166737;807;120022847
26/05/2026 11:31;JOSE.SILVA;5 - OPERADOR;166737;NOTA FISCAL ID: 9932370 VINCULADA A CARGA ID: 166737;807;120022849
26/05/2026 11:31;JOSE.SILVA;5 - OPERADOR;166737;NOTA FISCAL ID: 9932347 VINCULADA A CARGA ID: 166737;807;120022871
26/05/2026 11:31;JOSE.SILVA;5 - OPERADOR;166737;NOTA FISCAL ID: 9932385 VINCULADA A CARGA ID: 166737;807;120022873
26/05/2026 11:31;JOSE.SILVA;5 - OPERADOR;166737;NOTA FISCAL ID: 9932472 VINCULADA A CARGA ID: 166737;807;120022880
26/05/2026 11:31;JOSE.SILVA;5 - OPERADOR;166737;NOTA FISCAL ID: 9932491 VINCULADA A CARGA ID: 166737;807;120022882
26/05/2026 11:31;JOSE.SILVA;5 - OPERADOR;166737;NOTA FISCAL ID: 9932227 VINCULADA A CARGA ID: 166737;807;120022884
26/05/2026 11:31;JOSE.SILVA;5 - OPERADOR;166737;NOTA FISCAL ID: 9932479 VINCULADA A CARGA ID: 166737;807;120022886
26/05/2026 11:31;JOSE.SILVA;5 - OPERADOR;166737;NOTA FISCAL ID: 9932440 VINCULADA A CARGA ID: 166737;807;120022898
26/05/2026 11:31;JOSE.SILVA;5 - OPERADOR;166737;NOTA FISCAL ID: 9931904 VINCULADA A CARGA ID: 166737;807;120022900
26/05/2026 11:31;KAIK.DIAS;5 - OPERADOR;166755;NOTA FISCAL ID: 9932217 VINCULADA A CARGA ID: 166755;884;120022902
26/05/2026 11:31;JOSE.SILVA;5 - OPERADOR;166737;NOTA FISCAL ID: 9932007 VINCULADA A CARGA ID: 166737;807;120022914
26/05/2026 11:31;JOSE.SILVA;5 - OPERADOR;166737;NOTA FISCAL ID: 9932335 VINCULADA A CARGA ID: 166737;807;120022916
26/05/2026 11:31;JOSE.SILVA;5 - OPERADOR;166737;NOTA FISCAL ID: 9932480 VINCULADA A CARGA ID: 166737;807;120022918
26/05/2026 11:31;JOSE.SILVA;5 - OPERADOR;166737;NOTA FISCAL ID: 9932419 VINCULADA A CARGA ID: 166737;807;120022920
26/05/2026 11:31;JOSE.SILVA;5 - OPERADOR;166737;NOTA FISCAL ID: 9932524 VINCULADA A CARGA ID: 166737;807;120022922
26/05/2026 11:31;JOSE.SILVA;5 - OPERADOR;166737;NOTA FISCAL ID: 9932428 VINCULADA A CARGA ID: 166737;807;120022941
26/05/2026 11:31;JOSE.SILVA;5 - OPERADOR;166737;NOTA FISCAL ID: 9932373 VINCULADA A CARGA ID: 166737;807;120022943
26/05/2026 11:31;JOSE.SILVA;5 - OPERADOR;166737;NOTA FISCAL ID: 9932371 VINCULADA A CARGA ID: 166737;807;120022962
26/05/2026 11:31;JOSE.SILVA;5 - OPERADOR;166737;NOTA FISCAL ID: 9932264 VINCULADA A CARGA ID: 166737;807;120022964
26/05/2026 11:31;JOSE.SILVA;5 - OPERADOR;166737;NOTA FISCAL ID: 9932359 VINCULADA A CARGA ID: 166737;807;120022972
26/05/2026 11:32;CARLOS.DAGUANA;5 - OPERADOR;166756;NOTA FISCAL ID: 9931761 VINCULADA A CARGA ID: 166756;874;120023161
26/05/2026 11:32;CARLOS.DAGUANA;5 - OPERADOR;166756;NOTA FISCAL ID: 9931210 VINCULADA A CARGA ID: 166756;874;120023178
26/05/2026 11:32;CARLOS.DAGUANA;5 - OPERADOR;166756;NOTA FISCAL ID: 9931853 VINCULADA A CARGA ID: 166756;874;120023185
26/05/2026 11:32;CARLOS.DAGUANA;5 - OPERADOR;166756;NOTA FISCAL ID: 9930682 VINCULADA A CARGA ID: 166756;874;120023197
26/05/2026 11:32;CARLOS.DAGUANA;5 - OPERADOR;166756;NOTA FISCAL ID: 9929043 VINCULADA A CARGA ID: 166756;874;120023199
26/05/2026 11:32;CARLOS.DAGUANA;5 - OPERADOR;166756;NOTA FISCAL ID: 9929838 VINCULADA A CARGA ID: 166756;874;120023211
26/05/2026 11:32;CARLOS.DAGUANA;5 - OPERADOR;166756;NOTA FISCAL ID: 9928360 VINCULADA A CARGA ID: 166756;874;120023223
26/05/2026 11:33;CARLOS.DAGUANA;5 - OPERADOR;166756;NOTA FISCAL ID: 9931414 VINCULADA A CARGA ID: 166756;874;120023225
26/05/2026 11:33;CARLOS.DAGUANA;5 - OPERADOR;166756;NOTA FISCAL ID: 9929318 VINCULADA A CARGA ID: 166756;874;120023242
26/05/2026 11:33;CARLOS.DAGUANA;5 - OPERADOR;166756;NOTA FISCAL ID: 9931442 VINCULADA A CARGA ID: 166756;874;120023244
26/05/2026 11:33;CARLOS.DAGUANA;5 - OPERADOR;166756;NOTA FISCAL ID: 9929859 VINCULADA A CARGA ID: 166756;874;120023268
26/05/2026 11:33;JOSE.SILVA;5 - OPERADOR;166737;NOTA FISCAL ID: 9932432 VINCULADA A CARGA ID: 166737;807;120023270
26/05/2026 11:33;CARLOS.DAGUANA;5 - OPERADOR;166756;NOTA FISCAL ID: 9929347 VINCULADA A CARGA ID: 166756;874;120023272
26/05/2026 11:33;JOSE.SILVA;5 - OPERADOR;166737;NOTA FISCAL ID: 9932417 VINCULADA A CARGA ID: 166737;807;120023274
26/05/2026 11:33;JOSE.SILVA;5 - OPERADOR;166737;NOTA FISCAL ID: 9932604 VINCULADA A CARGA ID: 166737;807;120023276
26/05/2026 11:33;CARLOS.DAGUANA;5 - OPERADOR;166756;NOTA FISCAL ID: 9931711 VINCULADA A CARGA ID: 166756;874;120023280
26/05/2026 11:33;JOSE.SILVA;5 - OPERADOR;166737;NOTA FISCAL ID: 9932000 VINCULADA A CARGA ID: 166737;807;120023278
26/05/2026 11:33;JOSE.SILVA;5 - OPERADOR;166737;NOTA FISCAL ID: 9932358 VINCULADA A CARGA ID: 166737;807;120023282
26/05/2026 11:33;JOSE.SILVA;5 - OPERADOR;166737;NOTA FISCAL ID: 9932455 VINCULADA A CARGA ID: 166737;807;120023284
26/05/2026 11:33;JOSE.SILVA;5 - OPERADOR;166737;NOTA FISCAL ID: 9932404 VINCULADA A CARGA ID: 166737;807;120023293
26/05/2026 11:33;CARLOS.DAGUANA;5 - OPERADOR;166756;NOTA FISCAL ID: 9928550 VINCULADA A CARGA ID: 166756;874;120023291
26/05/2026 11:33;JOSE.SILVA;5 - OPERADOR;166737;NOTA FISCAL ID: 9931967 VINCULADA A CARGA ID: 166737;807;120023295
26/05/2026 11:33;JOSE.SILVA;5 - OPERADOR;166737;NOTA FISCAL ID: 9932416 VINCULADA A CARGA ID: 166737;807;120023297
26/05/2026 11:33;CARLOS.DAGUANA;5 - OPERADOR;166756;NOTA FISCAL ID: 9930615 VINCULADA A CARGA ID: 166756;874;120023299
26/05/2026 11:33;JOSE.SILVA;5 - OPERADOR;166737;NOTA FISCAL ID: 9932561 VINCULADA A CARGA ID: 166737;807;120023301
26/05/2026 11:33;JOSE.SILVA;5 - OPERADOR;166737;NOTA FISCAL ID: 9932221 VINCULADA A CARGA ID: 166737;807;120023303
26/05/2026 11:33;JOSE.SILVA;5 - OPERADOR;166737;NOTA FISCAL ID: 9932551 VINCULADA A CARGA ID: 166737;807;120023305
26/05/2026 11:33;JOSE.SILVA;5 - OPERADOR;166737;NOTA FISCAL ID: 9932142 VINCULADA A CARGA ID: 166737;807;120023307
26/05/2026 11:33;JOSE.SILVA;5 - OPERADOR;166737;NOTA FISCAL ID: 9932542 VINCULADA A CARGA ID: 166737;807;120023309
26/05/2026 11:33;JOSE.SILVA;5 - OPERADOR;166737;NOTA FISCAL ID: 9932218 VINCULADA A CARGA ID: 166737;807;120023311
26/05/2026 11:33;JOSE.SILVA;5 - OPERADOR;166737;NOTA FISCAL ID: 9932443 VINCULADA A CARGA ID: 166737;807;120023313
26/05/2026 11:33;JOSE.SILVA;5 - OPERADOR;166737;NOTA FISCAL ID: 9932006 VINCULADA A CARGA ID: 166737;807;120023320
26/05/2026 11:33;JOSE.SILVA;5 - OPERADOR;166737;NOTA FISCAL ID: 9932376 VINCULADA A CARGA ID: 166737;807;120023322
26/05/2026 11:33;JOSE.SILVA;5 - OPERADOR;166737;NOTA FISCAL ID: 9932608 VINCULADA A CARGA ID: 166737;807;120023331
26/05/2026 11:33;JOSE.SILVA;5 - OPERADOR;166737;NOTA FISCAL ID: 9932334 VINCULADA A CARGA ID: 166737;807;120023333
26/05/2026 11:34;JOSE.SILVA;5 - OPERADOR;166737;NOTA FISCAL ID: 9932522 VINCULADA A CARGA ID: 166737;807;120023496
26/05/2026 11:34;JOSE.SILVA;5 - OPERADOR;166737;NOTA FISCAL ID: 9932401 VINCULADA A CARGA ID: 166737;807;120023498
26/05/2026 11:34;JOSE.SILVA;5 - OPERADOR;166737;NOTA FISCAL ID: 9932400 VINCULADA A CARGA ID: 166737;807;120023500
26/05/2026 11:34;JOSE.SILVA;5 - OPERADOR;166737;NOTA FISCAL ID: 9932565 VINCULADA A CARGA ID: 166737;807;120023507
26/05/2026 11:34;JOSE.SILVA;5 - OPERADOR;166737;NOTA FISCAL ID: 9932377 VINCULADA A CARGA ID: 166737;807;120023509
26/05/2026 11:34;JOSE.SILVA;5 - OPERADOR;166737;NOTA FISCAL ID: 9932178 VINCULADA A CARGA ID: 166737;807;120023511
26/05/2026 11:34;JOSE.SILVA;5 - OPERADOR;166737;NOTA FISCAL ID: 9932575 VINCULADA A CARGA ID: 166737;807;120023513
26/05/2026 11:34;JOSE.SILVA;5 - OPERADOR;166737;NOTA FISCAL ID: 9932326 VINCULADA A CARGA ID: 166737;807;120023515
26/05/2026 11:34;JOSE.SILVA;5 - OPERADOR;166737;NOTA FISCAL ID: 9932392 VINCULADA A CARGA ID: 166737;807;120023524
26/05/2026 11:34;KAIK.DIAS;5 - OPERADOR;166757;NOTA FISCAL ID: 9931467 VINCULADA A CARGA ID: 166757;884;120023522
26/05/2026 11:34;KAIK.DIAS;5 - OPERADOR;166757;NOTA FISCAL ID: 9930241 VINCULADA A CARGA ID: 166757;884;120023526
26/05/2026 11:34;KAIK.DIAS;5 - OPERADOR;166757;NOTA FISCAL ID: 9930535 VINCULADA A CARGA ID: 166757;884;120023528
26/05/2026 11:34;JOSE.SILVA;5 - OPERADOR;166737;NOTA FISCAL ID: 9931939 VINCULADA A CARGA ID: 166737;807;120023530
26/05/2026 11:35;KAIK.DIAS;5 - OPERADOR;166757;NOTA FISCAL ID: 9931049 VINCULADA A CARGA ID: 166757;884;120023537
26/05/2026 11:35;JOSE.SILVA;5 - OPERADOR;166737;NOTA FISCAL ID: 9931957 VINCULADA A CARGA ID: 166737;807;120023539
26/05/2026 11:35;JOSE.SILVA;5 - OPERADOR;166737;NOTA FISCAL ID: 9932426 VINCULADA A CARGA ID: 166737;807;120023541
26/05/2026 11:35;JOSE.SILVA;5 - OPERADOR;166737;NOTA FISCAL ID: 9931994 VINCULADA A CARGA ID: 166737;807;120023543
26/05/2026 11:35;JOSE.SILVA;5 - OPERADOR;166737;NOTA FISCAL ID: 9932375 VINCULADA A CARGA ID: 166737;807;120023545
26/05/2026 11:35;JOSE.SILVA;5 - OPERADOR;166737;NOTA FISCAL ID: 9932478 VINCULADA A CARGA ID: 166737;807;120023547
26/05/2026 11:35;JOSE.SILVA;5 - OPERADOR;166737;NOTA FISCAL ID: 9932044 VINCULADA A CARGA ID: 166737;807;120023549
26/05/2026 11:35;JOSE.SILVA;5 - OPERADOR;166737;NOTA FISCAL ID: 9932461 VINCULADA A CARGA ID: 166737;807;120023551
26/05/2026 11:35;JOSE.SILVA;5 - OPERADOR;166737;NOTA FISCAL ID: 9932324 VINCULADA A CARGA ID: 166737;807;120023553
26/05/2026 11:35;JOSE.SILVA;5 - OPERADOR;166737;NOTA FISCAL ID: 9932470 VINCULADA A CARGA ID: 166737;807;120023555
26/05/2026 11:35;KAIK.DIAS;5 - OPERADOR;166757;NOTA FISCAL ID: 9932637 VINCULADA A CARGA ID: 166757;884;120023557
26/05/2026 11:35;JOSE.SILVA;5 - OPERADOR;166737;NOTA FISCAL ID: 9931919 VINCULADA A CARGA ID: 166737;807;120023559
26/05/2026 11:35;KAIK.DIAS;5 - OPERADOR;166757;NOTA FISCAL ID: 9932228 VINCULADA A CARGA ID: 166757;884;120023561
26/05/2026 11:35;KAIK.DIAS;5 - OPERADOR;166757;NOTA FISCAL ID: 9932088 VINCULADA A CARGA ID: 166757;884;120023563
26/05/2026 11:35;KAIK.DIAS;5 - OPERADOR;166757;NOTA FISCAL ID: 9931451 VINCULADA A CARGA ID: 166757;884;120023565
26/05/2026 11:35;CARLOS.DAGUANA;5 - OPERADOR;166756;NOTA FISCAL ID: 9929397 VINCULADA A CARGA ID: 166756;874;120023577
26/05/2026 11:35;CARLOS.DAGUANA;5 - OPERADOR;166756;NOTA FISCAL ID: 9930002 VINCULADA A CARGA ID: 166756;874;120023589
26/05/2026 11:35;KAIK.DIAS;5 - OPERADOR;166757;NOTA FISCAL ID: 9932724 VINCULADA A CARGA ID: 166757;884;120023591
26/05/2026 11:35;CARLOS.DAGUANA;5 - OPERADOR;166756;NOTA FISCAL ID: 9929754 VINCULADA A CARGA ID: 166756;874;120023593
26/05/2026 11:35;CARLOS.DAGUANA;5 - OPERADOR;166756;NOTA FISCAL ID: 9929565 VINCULADA A CARGA ID: 166756;874;120023606
26/05/2026 11:35;CARLOS.DAGUANA;5 - OPERADOR;166756;NOTA FISCAL ID: 9931536 VINCULADA A CARGA ID: 166756;874;120023608
26/05/2026 11:35;KAIK.DIAS;5 - OPERADOR;166757;NOTA FISCAL ID: 9928480 VINCULADA A CARGA ID: 166757;884;120023610
26/05/2026 11:36;JOSE.SILVA;5 - OPERADOR;166737;NOTA FISCAL ID: 9932378 VINCULADA A CARGA ID: 166737;807;120023689
26/05/2026 11:36;JOSE.SILVA;5 - OPERADOR;166737;NOTA FISCAL ID: 9932278 VINCULADA A CARGA ID: 166737;807;120023701
26/05/2026 11:36;JOSE.SILVA;5 - OPERADOR;166737;NOTA FISCAL ID: 9932216 VINCULADA A CARGA ID: 166737;807;120023713
26/05/2026 11:36;JOSE.SILVA;5 - OPERADOR;166737;NOTA FISCAL ID: 9932074 VINCULADA A CARGA ID: 166737;807;120023715
26/05/2026 11:36;JOSE.SILVA;5 - OPERADOR;166737;NOTA FISCAL ID: 9932594 VINCULADA A CARGA ID: 166737;807;120023717
26/05/2026 11:36;JOSE.SILVA;5 - OPERADOR;166737;NOTA FISCAL ID: 9932005 VINCULADA A CARGA ID: 166737;807;120023719
26/05/2026 11:36;JOSE.SILVA;5 - OPERADOR;166737;NOTA FISCAL ID: 9932096 VINCULADA A CARGA ID: 166737;807;120023726
26/05/2026 11:37;JOSE.SILVA;5 - OPERADOR;166737;NOTA FISCAL ID: 9932248 VINCULADA A CARGA ID: 166737;807;120023728
26/05/2026 11:37;JOSE.SILVA;5 - OPERADOR;166737;NOTA FISCAL ID: 9932515 VINCULADA A CARGA ID: 166737;807;120023740
26/05/2026 11:37;JOSE.SILVA;5 - OPERADOR;166737;NOTA FISCAL ID: 9932383 VINCULADA A CARGA ID: 166737;807;120023743
26/05/2026 11:37;JOSE.SILVA;5 - OPERADOR;166737;NOTA FISCAL ID: 9932291 VINCULADA A CARGA ID: 166737;807;120023745
26/05/2026 11:37;JOSE.SILVA;5 - OPERADOR;166737;NOTA FISCAL ID: 9932331 VINCULADA A CARGA ID: 166737;807;120023758
26/05/2026 11:37;JOSE.SILVA;5 - OPERADOR;166737;NOTA FISCAL ID: 9932578 VINCULADA A CARGA ID: 166737;807;120023761
26/05/2026 11:37;JOSE.SILVA;5 - OPERADOR;166737;NOTA FISCAL ID: 9931937 VINCULADA A CARGA ID: 166737;807;120023763
26/05/2026 11:37;JOSE.SILVA;5 - OPERADOR;166737;NOTA FISCAL ID: 9932328 VINCULADA A CARGA ID: 166737;807;120023765
26/05/2026 11:37;JOSE.SILVA;5 - OPERADOR;166737;NOTA FISCAL ID: 9932346 VINCULADA A CARGA ID: 166737;807;120023767
26/05/2026 11:37;JOSE.SILVA;5 - OPERADOR;166737;NOTA FISCAL ID: 9932422 VINCULADA A CARGA ID: 166737;807;120023774
26/05/2026 11:37;JOSE.SILVA;5 - OPERADOR;166737;NOTA FISCAL ID: 9932379 VINCULADA A CARGA ID: 166737;807;120023776
26/05/2026 11:37;JOSE.SILVA;5 - OPERADOR;166737;NOTA FISCAL ID: 9932047 VINCULADA A CARGA ID: 166737;807;120023783
26/05/2026 11:37;JOSE.SILVA;5 - OPERADOR;166737;NOTA FISCAL ID: 9932229 VINCULADA A CARGA ID: 166737;807;120023790
26/05/2026 11:37;CARLOS.DAGUANA;5 - OPERADOR;166756;NOTA FISCAL ID: 9929058 VINCULADA A CARGA ID: 166756;874;120023827
26/05/2026 11:37;CARLOS.DAGUANA;5 - OPERADOR;166756;NOTA FISCAL ID: 9930611 VINCULADA A CARGA ID: 166756;874;120023829
26/05/2026 11:37;FJSANTOS;3 - SUPERVISOR GERAL;166758;NOTA FISCAL ID: 9931361 VINCULADA A CARGA ID: 166758;374;120023831
26/05/2026 11:37;CARLOS.DAGUANA;5 - OPERADOR;166756;NOTA FISCAL ID: 9928568 VINCULADA A CARGA ID: 166756;874;120023833
26/05/2026 11:37;FJSANTOS;3 - SUPERVISOR GERAL;166758;NOTA FISCAL ID: 9928786 VINCULADA A CARGA ID: 166758;374;120023835
26/05/2026 11:37;CARLOS.DAGUANA;5 - OPERADOR;166756;NOTA FISCAL ID: 9929670 VINCULADA A CARGA ID: 166756;874;120023837
26/05/2026 11:37;FJSANTOS;3 - SUPERVISOR GERAL;166758;NOTA FISCAL ID: 9930408 VINCULADA A CARGA ID: 166758;374;120023839
26/05/2026 11:37;CARLOS.DAGUANA;5 - OPERADOR;166756;NOTA FISCAL ID: 9928505 VINCULADA A CARGA ID: 166756;874;120023856
26/05/2026 11:37;FJSANTOS;3 - SUPERVISOR GERAL;166758;NOTA FISCAL ID: 9930846 VINCULADA A CARGA ID: 166758;374;120023859
26/05/2026 11:37;FJSANTOS;3 - SUPERVISOR GERAL;166758;NOTA FISCAL ID: 9924953 VINCULADA A CARGA ID: 166758;374;120023866
26/05/2026 11:37;FJSANTOS;3 - SUPERVISOR GERAL;166758;NOTA FISCAL ID: 9927527 VINCULADA A CARGA ID: 166758;374;120023869
26/05/2026 11:37;FJSANTOS;3 - SUPERVISOR GERAL;166758;NOTA FISCAL ID: 9930559 VINCULADA A CARGA ID: 166758;374;120023871
26/05/2026 11:38;FJSANTOS;3 - SUPERVISOR GERAL;166758;NOTA FISCAL ID: 9930500 VINCULADA A CARGA ID: 166758;374;120023878
26/05/2026 11:38;KAIK.DIAS;5 - OPERADOR;166757;NOTA FISCAL ID: 9929519 VINCULADA A CARGA ID: 166757;884;120023905
26/05/2026 11:38;KAIK.DIAS;5 - OPERADOR;166757;NOTA FISCAL ID: 9931689 VINCULADA A CARGA ID: 166757;884;120023907
26/05/2026 11:38;KAIK.DIAS;5 - OPERADOR;166757;NOTA FISCAL ID: 9928436 VINCULADA A CARGA ID: 166757;884;120023919
26/05/2026 11:38;KAIK.DIAS;5 - OPERADOR;166757;NOTA FISCAL ID: 9930443 VINCULADA A CARGA ID: 166757;884;120023921
26/05/2026 11:38;JOSE.SILVA;5 - OPERADOR;166737;NOTA FISCAL ID: 9932540 VINCULADA A CARGA ID: 166737;807;120023924
26/05/2026 11:38;KAIK.DIAS;5 - OPERADOR;166757;NOTA FISCAL ID: 9931503 VINCULADA A CARGA ID: 166757;884;120023926
26/05/2026 11:38;JOSE.SILVA;5 - OPERADOR;166737;NOTA FISCAL ID: 9932120 VINCULADA A CARGA ID: 166737;807;120023928
26/05/2026 11:38;JOSE.SILVA;5 - OPERADOR;166737;NOTA FISCAL ID: 9932095 VINCULADA A CARGA ID: 166737;807;120023940
26/05/2026 11:38;KAIK.DIAS;5 - OPERADOR;166757;NOTA FISCAL ID: 9931491 VINCULADA A CARGA ID: 166757;884;120023943
26/05/2026 11:38;JOSE.SILVA;5 - OPERADOR;166737;NOTA FISCAL ID: 9931575 VINCULADA A CARGA ID: 166737;807;120023945
26/05/2026 11:38;JOSE.SILVA;5 - OPERADOR;166737;NOTA FISCAL ID: 9929747 VINCULADA A CARGA ID: 166737;807;120023947
26/05/2026 11:38;KAIK.DIAS;5 - OPERADOR;166757;NOTA FISCAL ID: 9931523 VINCULADA A CARGA ID: 166757;884;120023954
26/05/2026 11:38;JOSE.SILVA;5 - OPERADOR;166737;NOTA FISCAL ID: 9932226 VINCULADA A CARGA ID: 166737;807;120023956
26/05/2026 11:38;JOSE.SILVA;5 - OPERADOR;166737;NOTA FISCAL ID: 9932353 VINCULADA A CARGA ID: 166737;807;120023958
26/05/2026 11:38;JOSE.SILVA;5 - OPERADOR;166737;NOTA FISCAL ID: 9932111 VINCULADA A CARGA ID: 166737;807;120023962
26/05/2026 11:38;KAIK.DIAS;5 - OPERADOR;166757;NOTA FISCAL ID: 9928499 VINCULADA A CARGA ID: 166757;884;120023960
26/05/2026 11:38;KAIK.DIAS;5 - OPERADOR;166757;NOTA FISCAL ID: 9931489 VINCULADA A CARGA ID: 166757;884;120023964
26/05/2026 11:38;KAIK.DIAS;5 - OPERADOR;166757;NOTA FISCAL ID: 9929612 VINCULADA A CARGA ID: 166757;884;120023968
26/05/2026 11:38;JOSE.SILVA;5 - OPERADOR;166737;NOTA FISCAL ID: 9932268 VINCULADA A CARGA ID: 166737;807;120023966
26/05/2026 11:38;JOSE.SILVA;5 - OPERADOR;166737;NOTA FISCAL ID: 9932408 VINCULADA A CARGA ID: 166737;807;120023970
26/05/2026 11:39;KAIK.DIAS;5 - OPERADOR;166757;NOTA FISCAL ID: 9931217 VINCULADA A CARGA ID: 166757;884;120024023
26/05/2026 11:39;KAIK.DIAS;5 - OPERADOR;166757;NOTA FISCAL ID: 9930523 VINCULADA A CARGA ID: 166757;884;120024030
26/05/2026 11:39;KAIK.DIAS;5 - OPERADOR;166757;NOTA FISCAL ID: 9930350 VINCULADA A CARGA ID: 166757;884;120024032
26/05/2026 11:39;KAIK.DIAS;5 - OPERADOR;166757;NOTA FISCAL ID: 9929656 VINCULADA A CARGA ID: 166757;884;120024039
26/05/2026 11:39;KAIK.DIAS;5 - OPERADOR;166757;NOTA FISCAL ID: 9928806 VINCULADA A CARGA ID: 166757;884;120024041
26/05/2026 11:40;KAIK.DIAS;5 - OPERADOR;166757;NOTA FISCAL ID: 9930700 VINCULADA A CARGA ID: 166757;884;120024048
26/05/2026 11:40;KAIK.DIAS;5 - OPERADOR;166757;NOTA FISCAL ID: 9930296 VINCULADA A CARGA ID: 166757;884;120024050
26/05/2026 11:40;KAIK.DIAS;5 - OPERADOR;166757;NOTA FISCAL ID: 9928363 VINCULADA A CARGA ID: 166757;884;120024052
26/05/2026 11:40;KAIK.DIAS;5 - OPERADOR;166757;NOTA FISCAL ID: 9929484 VINCULADA A CARGA ID: 166757;884;120024059
26/05/2026 11:40;KAIK.DIAS;5 - OPERADOR;166757;NOTA FISCAL ID: 9928586 VINCULADA A CARGA ID: 166757;884;120024061
26/05/2026 11:40;KAIK.DIAS;5 - OPERADOR;166757;NOTA FISCAL ID: 9929603 VINCULADA A CARGA ID: 166757;884;120024063
26/05/2026 11:40;KAIK.DIAS;5 - OPERADOR;166757;NOTA FISCAL ID: 9931972 VINCULADA A CARGA ID: 166757;884;120024065
26/05/2026 11:40;KAIK.DIAS;5 - OPERADOR;166757;NOTA FISCAL ID: 9930719 VINCULADA A CARGA ID: 166757;884;120024072
26/05/2026 11:40;KAIK.DIAS;5 - OPERADOR;166757;NOTA FISCAL ID: 9930461 VINCULADA A CARGA ID: 166757;884;120024074
26/05/2026 11:40;KAIK.DIAS;5 - OPERADOR;166757;NOTA FISCAL ID: 9928929 VINCULADA A CARGA ID: 166757;884;120024076
26/05/2026 11:40;KAIK.DIAS;5 - OPERADOR;166757;NOTA FISCAL ID: 9928533 VINCULADA A CARGA ID: 166757;884;120024084
26/05/2026 11:40;KAIK.DIAS;5 - OPERADOR;166757;NOTA FISCAL ID: 9930528 VINCULADA A CARGA ID: 166757;884;120024127
26/05/2026 11:40;KAIK.DIAS;5 - OPERADOR;166757;NOTA FISCAL ID: 9929922 VINCULADA A CARGA ID: 166757;884;120024211
26/05/2026 11:40;KAIK.DIAS;5 - OPERADOR;166757;NOTA FISCAL ID: 9929908 VINCULADA A CARGA ID: 166757;884;120024276
26/05/2026 11:40;KAIK.DIAS;5 - OPERADOR;166757;NOTA FISCAL ID: 9929059 VINCULADA A CARGA ID: 166757;884;120024331
26/05/2026 11:44;JOSE.SILVA;5 - OPERADOR;166759;NOTA FISCAL ID: 9930309 VINCULADA A CARGA ID: 166759;807;120024982
26/05/2026 11:44;JOSE.SILVA;5 - OPERADOR;166759;NOTA FISCAL ID: 9928365 VINCULADA A CARGA ID: 166759;807;120024984
26/05/2026 11:44;JOSE.SILVA;5 - OPERADOR;166759;NOTA FISCAL ID: 9931579 VINCULADA A CARGA ID: 166759;807;120024997
26/05/2026 11:44;JOSE.SILVA;5 - OPERADOR;166759;NOTA FISCAL ID: 9928662 VINCULADA A CARGA ID: 166759;807;120024999
26/05/2026 11:44;JOSE.SILVA;5 - OPERADOR;166759;NOTA FISCAL ID: 9930033 VINCULADA A CARGA ID: 166759;807;120025001
26/05/2026 11:44;JOSE.SILVA;5 - OPERADOR;166759;NOTA FISCAL ID: 9929707 VINCULADA A CARGA ID: 166759;807;120025003
26/05/2026 11:44;JOSE.SILVA;5 - OPERADOR;166759;NOTA FISCAL ID: 9930066 VINCULADA A CARGA ID: 166759;807;120025005
26/05/2026 11:44;JOSE.SILVA;5 - OPERADOR;166759;NOTA FISCAL ID: 9929584 VINCULADA A CARGA ID: 166759;807;120025012
26/05/2026 11:44;JOSE.SILVA;5 - OPERADOR;166759;NOTA FISCAL ID: 9928831 VINCULADA A CARGA ID: 166759;807;120025014
26/05/2026 11:44;JOSE.SILVA;5 - OPERADOR;166759;NOTA FISCAL ID: 9930121 VINCULADA A CARGA ID: 166759;807;120025016
26/05/2026 11:44;JOSE.SILVA;5 - OPERADOR;166759;NOTA FISCAL ID: 9931112 VINCULADA A CARGA ID: 166759;807;120025028
26/05/2026 11:44;JOSE.SILVA;5 - OPERADOR;166759;NOTA FISCAL ID: 9931668 VINCULADA A CARGA ID: 166759;807;120025030
26/05/2026 11:44;JOSE.SILVA;5 - OPERADOR;166759;NOTA FISCAL ID: 9928924 VINCULADA A CARGA ID: 166759;807;120025032
26/05/2026 11:44;JOSE.SILVA;5 - OPERADOR;166759;NOTA FISCAL ID: 9931108 VINCULADA A CARGA ID: 166759;807;120025044
26/05/2026 11:44;JOSE.SILVA;5 - OPERADOR;166759;NOTA FISCAL ID: 9930169 VINCULADA A CARGA ID: 166759;807;120025046
26/05/2026 11:45;JOSE.SILVA;5 - OPERADOR;166759;NOTA FISCAL ID: 9930935 VINCULADA A CARGA ID: 166759;807;120025058
26/05/2026 11:45;JOSE.SILVA;5 - OPERADOR;166759;NOTA FISCAL ID: 9931118 VINCULADA A CARGA ID: 166759;807;120025070
26/05/2026 11:45;JOSE.SILVA;5 - OPERADOR;166759;NOTA FISCAL ID: 9931543 VINCULADA A CARGA ID: 166759;807;120025082
26/05/2026 11:45;JOSE.SILVA;5 - OPERADOR;166759;NOTA FISCAL ID: 9931889 VINCULADA A CARGA ID: 166759;807;120025089
26/05/2026 11:45;JOSE.SILVA;5 - OPERADOR;166759;NOTA FISCAL ID: 9931340 VINCULADA A CARGA ID: 166759;807;120025091
